2025-12-08 21:42:10,257 [INFO] usb_pd_parser:112 - Logging initialized. Log file: output\Log\parser_20251208_214210.log
2025-12-08 21:42:10,257 [INFO] usb_pd_parser:828 - Starting USB PD parsing... PDF: USB_PD_R3_2 V1.1 2024-10.pdf | Title: USB PD Specification Rev 3.2 V1.1
2025-12-08 21:42:10,257 [INFO] usb_pd_parser:833 - PDF size: 24.86 MB
2025-12-08 21:42:13,356 [INFO] usb_pd_parser:293 - TOC detection started on page 13
2025-12-08 21:42:29,581 [INFO] usb_pd_parser:341 - TOC extracted: 260 entries in 19.26s | Mem 826.2MB
2025-12-08 21:42:31,670 [INFO] usb_pd_parser:654 - Section started 1 'Introduction' p34
2025-12-08 21:42:31,670 [INFO] usb_pd_parser:654 - Section started 1.1 'Overview' p34
2025-12-08 21:42:31,931 [INFO] usb_pd_parser:654 - Section started 1.2 'Purpose' p35
2025-12-08 21:42:32,139 [INFO] usb_pd_parser:654 - Section started 1.2.1 'Scope' p36
2025-12-08 21:42:32,139 [INFO] usb_pd_parser:654 - Section started 1.3 'Section Overview' p36
2025-12-08 21:42:32,139 [INFO] usb_pd_parser:543 - Table detected Table 1.1 p36
2025-12-08 21:42:36,816 [INFO] usb_pd_parser:430 - Camelot extracted 1 tables on page 36
2025-12-08 21:42:36,816 [INFO] usb_pd_parser:573 - Detected Table 1.1 on page 36 (rows:16)
2025-12-08 21:42:37,066 [INFO] usb_pd_parser:654 - Section started 1.4 'Conventions' p37
2025-12-08 21:42:37,066 [INFO] usb_pd_parser:654 - Section started 1.4.1 'Precedence' p37
2025-12-08 21:42:37,081 [INFO] usb_pd_parser:654 - Section started 1.4.2 'Keywords' p37
2025-12-08 21:42:37,081 [INFO] usb_pd_parser:543 - Table detected Table 1.2 p37
2025-12-08 21:42:39,442 [INFO] usb_pd_parser:430 - Camelot extracted 1 tables on page 37
2025-12-08 21:42:39,442 [INFO] usb_pd_parser:573 - Detected Table 1.2 on page 37 (rows:18)
2025-12-08 21:42:39,586 [INFO] usb_pd_parser:543 - Table detected Table 1.2 p38
2025-12-08 21:42:41,711 [INFO] usb_pd_parser:430 - Camelot extracted 1 tables on page 38
2025-12-08 21:42:41,711 [INFO] usb_pd_parser:573 - Detected Table 1.2 on page 38 (rows:8)
2025-12-08 21:42:41,711 [INFO] usb_pd_parser:654 - Section started 1.4.3 'Numbering' p38
2025-12-08 21:42:41,940 [INFO] usb_pd_parser:654 - Section started 1.5 'Related Documents' p39
2025-12-08 21:42:41,940 [INFO] usb_pd_parser:543 - Table detected Table 1.3 p39
2025-12-08 21:42:44,243 [INFO] usb_pd_parser:430 - Camelot extracted 1 tables on page 39
2025-12-08 21:42:44,243 [INFO] usb_pd_parser:573 - Detected Table 1.3 on page 39 (rows:20)
2025-12-08 21:42:44,510 [INFO] usb_pd_parser:654 - Section started 1.6 'Terms and Abbreviations' p40
2025-12-08 21:42:44,510 [INFO] usb_pd_parser:543 - Table detected Table 1.4 p40
2025-12-08 21:42:47,520 [INFO] usb_pd_parser:430 - Camelot extracted 1 tables on page 40
2025-12-08 21:42:47,527 [INFO] usb_pd_parser:573 - Detected Table 1.4 on page 40 (rows:26)
2025-12-08 21:42:47,815 [INFO] usb_pd_parser:543 - Table detected Table 1.4 p41
2025-12-08 21:42:51,578 [INFO] usb_pd_parser:430 - Camelot extracted 1 tables on page 41
2025-12-08 21:42:51,582 [INFO] usb_pd_parser:573 - Detected Table 1.4 on page 41 (rows:28)
2025-12-08 21:42:51,906 [INFO] usb_pd_parser:543 - Table detected Table 1.4 p42
2025-12-08 21:42:55,770 [INFO] usb_pd_parser:430 - Camelot extracted 1 tables on page 42
2025-12-08 21:42:55,776 [INFO] usb_pd_parser:573 - Detected Table 1.4 on page 42 (rows:29)
2025-12-08 21:42:56,488 [INFO] usb_pd_parser:543 - Table detected Table 1.4 p43
2025-12-08 21:43:02,788 [INFO] usb_pd_parser:430 - Camelot extracted 1 tables on page 43
2025-12-08 21:43:02,804 [INFO] usb_pd_parser:573 - Detected Table 1.4 on page 43 (rows:31)
2025-12-08 21:43:03,725 [INFO] usb_pd_parser:543 - Table detected Table 1.4 p44
2025-12-08 21:43:11,382 [INFO] usb_pd_parser:430 - Camelot extracted 1 tables on page 44
2025-12-08 21:43:11,390 [INFO] usb_pd_parser:573 - Detected Table 1.4 on page 44 (rows:22)
2025-12-08 21:43:12,066 [INFO] usb_pd_parser:543 - Table detected Table 1.4 p45
2025-12-08 21:43:19,475 [INFO] usb_pd_parser:430 - Camelot extracted 1 tables on page 45
2025-12-08 21:43:19,490 [INFO] usb_pd_parser:573 - Detected Table 1.4 on page 45 (rows:25)
2025-12-08 21:43:20,002 [INFO] usb_pd_parser:543 - Table detected Table 1.4 p46
2025-12-08 21:43:26,071 [INFO] usb_pd_parser:430 - Camelot extracted 1 tables on page 46
2025-12-08 21:43:26,076 [INFO] usb_pd_parser:573 - Detected Table 1.4 on page 46 (rows:28)
2025-12-08 21:43:26,658 [INFO] usb_pd_parser:543 - Table detected Table 1.4 p47
2025-12-08 21:43:34,858 [INFO] usb_pd_parser:430 - Camelot extracted 1 tables on page 47
2025-12-08 21:43:34,879 [INFO] usb_pd_parser:573 - Detected Table 1.4 on page 47 (rows:27)
2025-12-08 21:43:35,946 [INFO] usb_pd_parser:543 - Table detected Table 1.4 p48
2025-12-08 21:43:47,722 [INFO] usb_pd_parser:430 - Camelot extracted 1 tables on page 48
2025-12-08 21:43:47,726 [INFO] usb_pd_parser:573 - Detected Table 1.4 on page 48 (rows:31)
2025-12-08 21:43:48,698 [INFO] usb_pd_parser:543 - Table detected Table 1.4 p49
2025-12-08 21:43:56,017 [INFO] usb_pd_parser:430 - Camelot extracted 1 tables on page 49
2025-12-08 21:43:56,020 [INFO] usb_pd_parser:573 - Detected Table 1.4 on page 49 (rows:32)
2025-12-08 21:43:56,590 [INFO] usb_pd_parser:543 - Table detected Table 1.4 p50
2025-12-08 21:44:06,058 [INFO] usb_pd_parser:430 - Camelot extracted 1 tables on page 50
2025-12-08 21:44:06,071 [INFO] usb_pd_parser:573 - Detected Table 1.4 on page 50 (rows:31)
2025-12-08 21:44:07,054 [INFO] usb_pd_parser:543 - Table detected Table 1.4 p51
2025-12-08 21:44:16,917 [INFO] usb_pd_parser:430 - Camelot extracted 1 tables on page 51
2025-12-08 21:44:16,923 [INFO] usb_pd_parser:573 - Detected Table 1.4 on page 51 (rows:23)
2025-12-08 21:44:18,022 [INFO] usb_pd_parser:543 - Table detected Table 1.4 p52
2025-12-08 21:44:23,486 [INFO] usb_pd_parser:430 - Camelot extracted 1 tables on page 52
2025-12-08 21:44:23,495 [INFO] usb_pd_parser:573 - Detected Table 1.4 on page 52 (rows:16)
2025-12-08 21:44:23,495 [INFO] usb_pd_parser:654 - Section started 1.7 'Parameter Values' p52
2025-12-08 21:44:24,099 [INFO] usb_pd_parser:654 - Section started 2 'Overview' p53
2025-12-08 21:44:24,099 [INFO] usb_pd_parser:654 - Section started 2.1 'Introduction' p53
2025-12-08 21:44:24,099 [INFO] usb_pd_parser:654 - Section started 2.1.1 'Power Delivery Source Operational Contracts' p53
2025-12-08 21:44:24,099 [INFO] usb_pd_parser:654 - Section started 2.1.2 'Power Delivery Contract Negotiation' p53
2025-12-08 21:44:24,588 [INFO] usb_pd_parser:654 - Section started 2.1.3 'Other Uses for Power Delivery' p54
2025-12-08 21:44:24,996 [INFO] usb_pd_parser:654 - Section started 2.3 'USB Power Delivery Capable Devices' p55
2025-12-08 21:44:24,996 [INFO] usb_pd_parser:590 - Figure detected Figure 2.1 p55
2025-12-08 21:44:25,202 [INFO] usb_pd_parser:397 - Smart text-aware crop saved for Figure 2.1 p55 -> output\figures\Figure_2.1_page_55_crop.png
2025-12-08 21:44:25,206 [INFO] usb_pd_parser:618 - Detected Figure 2.1 on page 55 (images:1)
2025-12-08 21:44:26,011 [INFO] usb_pd_parser:654 - Section started 2.4.1 'Introduction' p57
2025-12-08 21:44:26,011 [INFO] usb_pd_parser:654 - Section started 2.4.3 'SOP Communication' p57
2025-12-08 21:44:26,147 [INFO] usb_pd_parser:590 - Figure detected Figure 2.2 p58
2025-12-08 21:44:26,238 [INFO] usb_pd_parser:397 - Smart text-aware crop saved for Figure 2.2 p58 -> output\figures\Figure_2.2_page_58_crop.png
2025-12-08 21:44:26,238 [INFO] usb_pd_parser:618 - Detected Figure 2.2 on page 58 (images:1)
2025-12-08 21:44:26,755 [INFO] usb_pd_parser:654 - Section started 2.5 'Operational Overview' p59
2025-12-08 21:44:26,755 [INFO] usb_pd_parser:654 - Section started 2.5.1 'Source Operation' p59
2025-12-08 21:44:28,493 [INFO] usb_pd_parser:654 - Section started 2.5.2 'Sink Operation' p62
2025-12-08 21:44:29,365 [INFO] usb_pd_parser:654 - Section started 2.5.3 'Cable Plugs' p65
2025-12-08 21:44:29,669 [INFO] usb_pd_parser:654 - Section started 2.6 'Architectural Overview' p66
2025-12-08 21:44:29,844 [INFO] usb_pd_parser:590 - Figure detected Figure 2.3 p67
2025-12-08 21:44:29,972 [INFO] usb_pd_parser:397 - Smart text-aware crop saved for Figure 2.3 p67 -> output\figures\Figure_2.3_page_67_crop.png
2025-12-08 21:44:29,972 [INFO] usb_pd_parser:618 - Detected Figure 2.3 on page 67 (images:1)
2025-12-08 21:44:30,220 [INFO] usb_pd_parser:590 - Figure detected Figure 2.4 p68
2025-12-08 21:44:30,418 [INFO] usb_pd_parser:397 - Smart text-aware crop saved for Figure 2.4 p68 -> output\figures\Figure_2.4_page_68_crop.png
2025-12-08 21:44:30,418 [INFO] usb_pd_parser:618 - Detected Figure 2.4 on page 68 (images:1)
2025-12-08 21:44:30,896 [INFO] usb_pd_parser:590 - Figure detected Figure 2.5 p69
2025-12-08 21:44:30,953 [INFO] usb_pd_parser:397 - Smart text-aware crop saved for Figure 2.5 p69 -> output\figures\Figure_2.5_page_69_crop.png
2025-12-08 21:44:30,953 [INFO] usb_pd_parser:618 - Detected Figure 2.5 on page 69 (images:1)
2025-12-08 21:44:30,960 [INFO] usb_pd_parser:654 - Section started 2.6.1 'Policy' p69
2025-12-08 21:44:30,960 [INFO] usb_pd_parser:654 - Section started 2.6.1.1 'System Policy Manager' p69
2025-12-08 21:44:31,652 [INFO] usb_pd_parser:654 - Section started 2.6.1.2 'Device Policy Manager' p70
2025-12-08 21:44:31,652 [INFO] usb_pd_parser:654 - Section started 2.6.1.3 'Policy Engine' p70
2025-12-08 21:44:31,652 [INFO] usb_pd_parser:654 - Section started 2.6.2 'Message Formation and Transmission' p70
2025-12-08 21:44:31,660 [INFO] usb_pd_parser:654 - Section started 2.6.2.1 'Protocol Layer' p70
2025-12-08 21:44:31,660 [INFO] usb_pd_parser:654 - Section started 2.6.2.2 'PHY Layer' p70
2025-12-08 21:44:31,660 [INFO] usb_pd_parser:654 - Section started 2.6.3 'Collision Avoidance' p70
2025-12-08 21:44:31,660 [INFO] usb_pd_parser:654 - Section started 2.6.3.1 'Policy Engine' p70
2025-12-08 21:44:31,660 [INFO] usb_pd_parser:654 - Section started 2.6.3.2 'Protocol Layer' p70
2025-12-08 21:44:32,118 [INFO] usb_pd_parser:654 - Section started 2.6.3.3 'PHY Layer' p71
2025-12-08 21:44:32,121 [INFO] usb_pd_parser:654 - Section started 2.6.4 'Power supply' p71
2025-12-08 21:44:32,121 [INFO] usb_pd_parser:654 - Section started 2.6.4.1 'Source' p71
2025-12-08 21:44:32,121 [INFO] usb_pd_parser:654 - Section started 2.6.4.3 'Dual-Role Power Ports' p71
2025-12-08 21:44:32,121 [INFO] usb_pd_parser:654 - Section started 2.6.4.4 'Dead Battery or Lost Power Detection' p71
2025-12-08 21:44:32,121 [INFO] usb_pd_parser:654 - Section started 2.6.4.5 'V Source' p71
2025-12-08 21:44:32,121 [INFO] usb_pd_parser:654 - Section started 2.6.5 'DFP/UFP' p71
2025-12-08 21:44:32,127 [INFO] usb_pd_parser:654 - Section started 2.6.5.1 'Downstream Facing Port (DFP)' p71
2025-12-08 21:44:32,129 [INFO] usb_pd_parser:654 - Section started 2.6.5.2 'Upstream Facing Port (UFP)' p71
2025-12-08 21:44:32,444 [INFO] usb_pd_parser:654 - Section started 2.6.5.3 'Dual-Role Data Ports' p72
2025-12-08 21:44:32,444 [INFO] usb_pd_parser:654 - Section started 2.6.6 'Cable and Connectors' p72
2025-12-08 21:44:32,444 [INFO] usb_pd_parser:654 - Section started 2.6.6.1 'USB-C Port Control' p72
2025-12-08 21:44:32,444 [INFO] usb_pd_parser:654 - Section started 2.6.7 'Interactions between Non-PD, BC, and PD devices' p72
2025-12-08 21:44:32,444 [INFO] usb_pd_parser:654 - Section started 2.6.8 'Power Rules' p72
2025-12-08 21:44:32,956 [INFO] usb_pd_parser:654 - Section started 2.7 'Extended Power Range (EPR) Operation' p73
2025-12-08 21:44:33,148 [INFO] usb_pd_parser:590 - Figure detected Figure 2.6 p74
2025-12-08 21:44:33,255 [INFO] usb_pd_parser:397 - Smart text-aware crop saved for Figure 2.6 p74 -> output\figures\Figure_2.6_page_74_crop.png
2025-12-08 21:44:33,267 [INFO] usb_pd_parser:618 - Detected Figure 2.6 on page 74 (images:1)
2025-12-08 21:44:33,802 [INFO] usb_pd_parser:654 - Section started 2.8 'Charging Models' p75
2025-12-08 21:44:33,802 [INFO] usb_pd_parser:654 - Section started 2.8.1 'Fixed Supply Charging Models' p75
2025-12-08 21:44:33,802 [INFO] usb_pd_parser:543 - Table detected Table 2.1 p75
2025-12-08 21:44:38,927 [INFO] usb_pd_parser:430 - Camelot extracted 2 tables on page 75
2025-12-08 21:44:38,942 [INFO] usb_pd_parser:573 - Detected Table 2.1 on page 75 (rows:4)
2025-12-08 21:44:38,942 [INFO] usb_pd_parser:573 - Detected Table 2.1 on page 75 (rows:6)
2025-12-08 21:44:38,942 [INFO] usb_pd_parser:654 - Section started 2.8.2 'Programmable Power Supply (PPS) Charging Models' p75
2025-12-08 21:44:38,942 [INFO] usb_pd_parser:543 - Table detected Table 2.2 p75
2025-12-08 21:44:44,007 [INFO] usb_pd_parser:430 - Camelot extracted 2 tables on page 75
2025-12-08 21:44:44,016 [INFO] usb_pd_parser:573 - Detected Table 2.2 on page 75 (rows:4)
2025-12-08 21:44:44,023 [INFO] usb_pd_parser:573 - Detected Table 2.2 on page 75 (rows:6)
2025-12-08 21:44:44,280 [INFO] usb_pd_parser:654 - Section started 2.8.3 'Adjustable Voltage Supply (AVS) Charging Models' p76
2025-12-08 21:44:44,280 [INFO] usb_pd_parser:543 - Table detected Table 2.3 p76
2025-12-08 21:44:49,080 [INFO] usb_pd_parser:430 - Camelot extracted 1 tables on page 76
2025-12-08 21:44:49,087 [INFO] usb_pd_parser:573 - Detected Table 2.3 on page 76 (rows:9)
2025-12-08 21:44:49,150 [INFO] usb_pd_parser:654 - Section started 3 'USB Type-A and USB Type-B Cable Assemblies and' p77
2025-12-08 21:44:49,639 [INFO] usb_pd_parser:654 - Section started 4 'Electrical Requirements' p78
2025-12-08 21:44:49,639 [INFO] usb_pd_parser:654 - Section started 4.1 'Interoperability with other USB Specifications' p78
2025-12-08 21:44:49,639 [INFO] usb_pd_parser:654 - Section started 4.2 'Dead Battery Detection / Unpowered Port Detection' p78
2025-12-08 21:44:49,639 [INFO] usb_pd_parser:654 - Section started 4.3 'Cable IR Ground Drop (IR Drop)' p78
2025-12-08 21:44:49,639 [INFO] usb_pd_parser:654 - Section started 4.4 'Cable Type Detection' p78
2025-12-08 21:44:49,832 [INFO] usb_pd_parser:654 - Section started 5 'Physical Layer' p79
2025-12-08 21:44:49,832 [INFO] usb_pd_parser:654 - Section started 5.1 'Physical Layer Overview' p79
2025-12-08 21:44:49,832 [INFO] usb_pd_parser:654 - Section started 5.2 'Physical Layer Functions' p79
2025-12-08 21:44:50,439 [INFO] usb_pd_parser:654 - Section started 5.3 'Symbol Encoding' p80
2025-12-08 21:44:50,439 [INFO] usb_pd_parser:543 - Table detected Table 5.1 p80
2025-12-08 21:44:54,921 [INFO] usb_pd_parser:430 - Camelot extracted 1 tables on page 80
2025-12-08 21:44:54,928 [INFO] usb_pd_parser:573 - Detected Table 5.1 on page 80 (rows:33)
2025-12-08 21:44:55,054 [INFO] usb_pd_parser:654 - Section started 5.4 'Ordered Sets' p81
2025-12-08 21:44:55,054 [INFO] usb_pd_parser:590 - Figure detected Figure 5.1 p81
2025-12-08 21:44:55,091 [INFO] usb_pd_parser:397 - Smart text-aware crop saved for Figure 5.1 p81 -> output\figures\Figure_5.1_page_81_crop.png
2025-12-08 21:44:55,091 [INFO] usb_pd_parser:618 - Detected Figure 5.1 on page 81 (images:1)
2025-12-08 21:44:55,095 [INFO] usb_pd_parser:543 - Table detected Table 5.2 p81
2025-12-08 21:44:56,892 [INFO] usb_pd_parser:430 - Camelot extracted 1 tables on page 81
2025-12-08 21:44:56,892 [INFO] usb_pd_parser:573 - Detected Table 5.2 on page 81 (rows:8)
2025-12-08 21:44:56,954 [INFO] usb_pd_parser:543 - Table detected Table 5.3 p82
2025-12-08 21:45:01,570 [INFO] usb_pd_parser:430 - Camelot extracted 1 tables on page 82
2025-12-08 21:45:01,573 [INFO] usb_pd_parser:573 - Detected Table 5.3 on page 82 (rows:8)
2025-12-08 21:45:01,737 [INFO] usb_pd_parser:654 - Section started 5.5 'Transmitted Bit Ordering' p83
2025-12-08 21:45:01,741 [INFO] usb_pd_parser:543 - Table detected Table 5.4 p83
2025-12-08 21:45:06,281 [INFO] usb_pd_parser:430 - Camelot extracted 2 tables on page 83
2025-12-08 21:45:06,289 [INFO] usb_pd_parser:573 - Detected Table 5.4 on page 83 (rows:4)
2025-12-08 21:45:06,289 [INFO] usb_pd_parser:573 - Detected Table 5.4 on page 83 (rows:6)
2025-12-08 21:45:06,289 [INFO] usb_pd_parser:590 - Figure detected Figure 5.2 p83
2025-12-08 21:45:06,382 [INFO] usb_pd_parser:397 - Smart text-aware crop saved for Figure 5.2 p83 -> output\figures\Figure_5.2_page_83_crop.png
2025-12-08 21:45:06,384 [INFO] usb_pd_parser:618 - Detected Figure 5.2 on page 83 (images:1)
2025-12-08 21:45:07,523 [INFO] usb_pd_parser:654 - Section started 5.6 'Packet Format' p84
2025-12-08 21:45:07,523 [INFO] usb_pd_parser:590 - Figure detected Figure 5.3 p84
2025-12-08 21:45:07,690 [INFO] usb_pd_parser:397 - Smart text-aware crop saved for Figure 5.3 p84 -> output\figures\Figure_5.3_page_84_crop.png
2025-12-08 21:45:07,690 [INFO] usb_pd_parser:618 - Detected Figure 5.3 on page 84 (images:1)
2025-12-08 21:45:07,690 [INFO] usb_pd_parser:654 - Section started 5.6.1 'Packet Framing' p84
2025-12-08 21:45:07,690 [INFO] usb_pd_parser:654 - Section started 5.6.1.1 'Preamble' p84
2025-12-08 21:45:07,690 [INFO] usb_pd_parser:654 - Section started 5.6.1.2 'Start of Packet Sequences' p84
2025-12-08 21:45:07,690 [INFO] usb_pd_parser:654 - Section started 5.6.1.2.1 'Start of Packet Sequence (SOP)' p84
2025-12-08 21:45:07,690 [INFO] usb_pd_parser:543 - Table detected Table 5.5 p84
2025-12-08 21:45:14,048 [INFO] usb_pd_parser:430 - Camelot extracted 1 tables on page 84
2025-12-08 21:45:14,067 [INFO] usb_pd_parser:573 - Detected Table 5.5 on page 84 (rows:5)
2025-12-08 21:45:14,566 [INFO] usb_pd_parser:543 - Table detected Table 5.6 p85
2025-12-08 21:45:20,516 [INFO] usb_pd_parser:430 - Camelot extracted 2 tables on page 85
2025-12-08 21:45:20,518 [INFO] usb_pd_parser:573 - Detected Table 5.6 on page 85 (rows:5)
2025-12-08 21:45:20,518 [INFO] usb_pd_parser:573 - Detected Table 5.6 on page 85 (rows:5)
2025-12-08 21:45:20,518 [INFO] usb_pd_parser:543 - Table detected Table 5.7 p85
2025-12-08 21:45:26,873 [INFO] usb_pd_parser:430 - Camelot extracted 2 tables on page 85
2025-12-08 21:45:26,888 [INFO] usb_pd_parser:573 - Detected Table 5.7 on page 85 (rows:5)
2025-12-08 21:45:26,888 [INFO] usb_pd_parser:573 - Detected Table 5.7 on page 85 (rows:5)
2025-12-08 21:45:27,287 [INFO] usb_pd_parser:543 - Table detected Table 5.8 p86
2025-12-08 21:45:32,686 [INFO] usb_pd_parser:430 - Camelot extracted 2 tables on page 86
2025-12-08 21:45:32,690 [INFO] usb_pd_parser:573 - Detected Table 5.8 on page 86 (rows:5)
2025-12-08 21:45:32,690 [INFO] usb_pd_parser:573 - Detected Table 5.8 on page 86 (rows:5)
2025-12-08 21:45:32,690 [INFO] usb_pd_parser:543 - Table detected Table 5.9 p86
2025-12-08 21:45:38,273 [INFO] usb_pd_parser:430 - Camelot extracted 2 tables on page 86
2025-12-08 21:45:38,281 [INFO] usb_pd_parser:573 - Detected Table 5.9 on page 86 (rows:5)
2025-12-08 21:45:38,281 [INFO] usb_pd_parser:573 - Detected Table 5.9 on page 86 (rows:5)
2025-12-08 21:45:38,290 [INFO] usb_pd_parser:654 - Section started 5.6.1.3 'Packet Payload' p86
2025-12-08 21:45:38,290 [INFO] usb_pd_parser:654 - Section started 5.6.1.5 'End of Packet (EOP)' p86
2025-12-08 21:45:38,906 [INFO] usb_pd_parser:590 - Figure detected Figure 5.4 p88
2025-12-08 21:45:38,986 [INFO] usb_pd_parser:397 - Smart text-aware crop saved for Figure 5.4 p88 -> output\figures\Figure_5.4_page_88_crop.png
2025-12-08 21:45:38,986 [INFO] usb_pd_parser:618 - Detected Figure 5.4 on page 88 (images:1)
2025-12-08 21:45:38,986 [INFO] usb_pd_parser:543 - Table detected Table 5.10 p88
2025-12-08 21:45:43,977 [INFO] usb_pd_parser:430 - Camelot extracted 1 tables on page 88
2025-12-08 21:45:43,977 [INFO] usb_pd_parser:573 - Detected Table 5.10 on page 88 (rows:33)
2025-12-08 21:45:45,036 [INFO] usb_pd_parser:654 - Section started 5.6.3 'Packet Detection Errors' p89
2025-12-08 21:45:45,036 [INFO] usb_pd_parser:654 - Section started 5.6.4 'Hard Reset' p89
2025-12-08 21:45:45,036 [INFO] usb_pd_parser:543 - Table detected Table 5.11 p89
2025-12-08 21:45:51,329 [INFO] usb_pd_parser:430 - Camelot extracted 1 tables on page 89
2025-12-08 21:45:51,339 [INFO] usb_pd_parser:573 - Detected Table 5.11 on page 89 (rows:5)
2025-12-08 21:45:51,339 [INFO] usb_pd_parser:590 - Figure detected Figure 5.5 p89
2025-12-08 21:45:51,439 [INFO] usb_pd_parser:397 - Smart text-aware crop saved for Figure 5.5 p89 -> output\figures\Figure_5.5_page_89_crop.png
2025-12-08 21:45:51,439 [INFO] usb_pd_parser:618 - Detected Figure 5.5 on page 89 (images:1)
2025-12-08 21:45:52,387 [INFO] usb_pd_parser:654 - Section started 5.6.5 'Cable Reset' p90
2025-12-08 21:45:52,387 [INFO] usb_pd_parser:543 - Table detected Table 5.12 p90
2025-12-08 21:45:58,215 [INFO] usb_pd_parser:430 - Camelot extracted 1 tables on page 90
2025-12-08 21:45:58,222 [INFO] usb_pd_parser:573 - Detected Table 5.12 on page 90 (rows:5)
2025-12-08 21:45:58,222 [INFO] usb_pd_parser:590 - Figure detected Figure 5.6 p90
2025-12-08 21:45:58,325 [INFO] usb_pd_parser:397 - Smart text-aware crop saved for Figure 5.6 p90 -> output\figures\Figure_5.6_page_90_crop.png
2025-12-08 21:45:58,325 [INFO] usb_pd_parser:618 - Detected Figure 5.6 on page 90 (images:1)
2025-12-08 21:45:58,726 [INFO] usb_pd_parser:654 - Section started 5.7 'Collision Avoidance' p91
2025-12-08 21:45:58,726 [INFO] usb_pd_parser:543 - Table detected Table 5.13 p91
2025-12-08 21:46:04,228 [INFO] usb_pd_parser:430 - Camelot extracted 1 tables on page 91
2025-12-08 21:46:04,234 [INFO] usb_pd_parser:573 - Detected Table 5.13 on page 91 (rows:3)
2025-12-08 21:46:04,505 [INFO] usb_pd_parser:654 - Section started 5.8 'Bi-phase Mark Coding (BMC) Signaling Scheme' p92
2025-12-08 21:46:04,505 [INFO] usb_pd_parser:590 - Figure detected Figure 5.7 p92
2025-12-08 21:46:04,537 [INFO] usb_pd_parser:397 - Smart text-aware crop saved for Figure 5.7 p92 -> output\figures\Figure_5.7_page_92_crop.png
2025-12-08 21:46:04,537 [INFO] usb_pd_parser:618 - Detected Figure 5.7 on page 92 (images:1)
2025-12-08 21:46:04,537 [INFO] usb_pd_parser:654 - Section started 5.8.1 'Encoding and signaling' p92
2025-12-08 21:46:04,537 [INFO] usb_pd_parser:590 - Figure detected Figure 5.8 p92
2025-12-08 21:46:04,585 [INFO] usb_pd_parser:397 - Smart text-aware crop saved for Figure 5.8 p92 -> output\figures\Figure_5.8_page_92_crop.png
2025-12-08 21:46:04,585 [INFO] usb_pd_parser:618 - Detected Figure 5.8 on page 92 (images:1)
2025-12-08 21:46:05,119 [INFO] usb_pd_parser:590 - Figure detected Figure 5.9 p93
2025-12-08 21:46:05,329 [INFO] usb_pd_parser:397 - Smart text-aware crop saved for Figure 5.9 p93 -> output\figures\Figure_5.9_page_93_crop.png
2025-12-08 21:46:05,340 [INFO] usb_pd_parser:618 - Detected Figure 5.9 on page 93 (images:1)
2025-12-08 21:46:05,340 [INFO] usb_pd_parser:590 - Figure detected Figure 5.10 p93
2025-12-08 21:46:05,514 [INFO] usb_pd_parser:397 - Smart text-aware crop saved for Figure 5.10 p93 -> output\figures\Figure_5.10_page_93_crop.png
2025-12-08 21:46:05,529 [INFO] usb_pd_parser:618 - Detected Figure 5.10 on page 93 (images:1)
2025-12-08 21:46:05,804 [INFO] usb_pd_parser:590 - Figure detected Figure 5.11 p94
2025-12-08 21:46:05,829 [INFO] usb_pd_parser:397 - Smart text-aware crop saved for Figure 5.11 p94 -> output\figures\Figure_5.11_page_94_crop.png
2025-12-08 21:46:05,838 [INFO] usb_pd_parser:618 - Detected Figure 5.11 on page 94 (images:1)
2025-12-08 21:46:05,839 [INFO] usb_pd_parser:590 - Figure detected Figure 5.12 p94
2025-12-08 21:46:05,884 [INFO] usb_pd_parser:397 - Smart text-aware crop saved for Figure 5.12 p94 -> output\figures\Figure_5.12_page_94_crop.png
2025-12-08 21:46:05,890 [INFO] usb_pd_parser:618 - Detected Figure 5.12 on page 94 (images:1)
2025-12-08 21:46:05,966 [INFO] usb_pd_parser:590 - Figure detected Figure 5.13 p95
2025-12-08 21:46:05,988 [INFO] usb_pd_parser:397 - Smart text-aware crop saved for Figure 5.13 p95 -> output\figures\Figure_5.13_page_95_crop.png
2025-12-08 21:46:05,989 [INFO] usb_pd_parser:618 - Detected Figure 5.13 on page 95 (images:1)
2025-12-08 21:46:05,989 [INFO] usb_pd_parser:590 - Figure detected Figure 5.14 p95
2025-12-08 21:46:06,022 [INFO] usb_pd_parser:397 - Smart text-aware crop saved for Figure 5.14 p95 -> output\figures\Figure_5.14_page_95_crop.png
2025-12-08 21:46:06,023 [INFO] usb_pd_parser:618 - Detected Figure 5.14 on page 95 (images:1)
2025-12-08 21:46:06,130 [INFO] usb_pd_parser:654 - Section started 5.8.2 'Transmit and Receive Masks' p96
2025-12-08 21:46:06,130 [INFO] usb_pd_parser:654 - Section started 5.8.2.1 'Transmit Masks' p96
2025-12-08 21:46:06,130 [INFO] usb_pd_parser:590 - Figure detected Figure 5.15 p96
2025-12-08 21:46:06,186 [INFO] usb_pd_parser:397 - Smart text-aware crop saved for Figure 5.15 p96 -> output\figures\Figure_5.15_page_96_crop.png
2025-12-08 21:46:06,186 [INFO] usb_pd_parser:618 - Detected Figure 5.15 on page 96 (images:1)
2025-12-08 21:46:06,270 [INFO] usb_pd_parser:590 - Figure detected Figure 5.16 p97
2025-12-08 21:46:06,308 [INFO] usb_pd_parser:397 - Smart text-aware crop saved for Figure 5.16 p97 -> output\figures\Figure_5.16_page_97_crop.png
2025-12-08 21:46:06,308 [INFO] usb_pd_parser:618 - Detected Figure 5.16 on page 97 (images:1)
2025-12-08 21:46:06,311 [INFO] usb_pd_parser:543 - Table detected Table 5.14 p97
2025-12-08 21:46:09,594 [INFO] usb_pd_parser:430 - Camelot extracted 2 tables on page 97
2025-12-08 21:46:09,594 [INFO] usb_pd_parser:573 - Detected Table 5.14 on page 97 (rows:5)
2025-12-08 21:46:09,594 [INFO] usb_pd_parser:573 - Detected Table 5.14 on page 97 (rows:15)
2025-12-08 21:46:10,415 [INFO] usb_pd_parser:543 - Table detected Table 5.15 p98
2025-12-08 21:46:14,408 [INFO] usb_pd_parser:430 - Camelot extracted 1 tables on page 98
2025-12-08 21:46:14,416 [INFO] usb_pd_parser:573 - Detected Table 5.15 on page 98 (rows:10)
2025-12-08 21:46:14,416 [INFO] usb_pd_parser:654 - Section started 5.8.2.2 'Receive Masks' p98
2025-12-08 21:46:14,580 [INFO] usb_pd_parser:590 - Figure detected Figure 5.17 p99
2025-12-08 21:46:14,653 [INFO] usb_pd_parser:397 - Smart text-aware crop saved for Figure 5.17 p99 -> output\figures\Figure_5.17_page_99_crop.png
2025-12-08 21:46:14,653 [INFO] usb_pd_parser:618 - Detected Figure 5.17 on page 99 (images:1)
2025-12-08 21:46:14,710 [INFO] usb_pd_parser:590 - Figure detected Figure 5.18 p100
2025-12-08 21:46:14,758 [INFO] usb_pd_parser:397 - Smart text-aware crop saved for Figure 5.18 p100 -> output\figures\Figure_5.18_page_100_crop.png
2025-12-08 21:46:14,758 [INFO] usb_pd_parser:618 - Detected Figure 5.18 on page 100 (images:1)
2025-12-08 21:46:14,758 [INFO] usb_pd_parser:590 - Figure detected Figure 5.19 p100
2025-12-08 21:46:14,818 [INFO] usb_pd_parser:397 - Smart text-aware crop saved for Figure 5.19 p100 -> output\figures\Figure_5.19_page_100_crop.png
2025-12-08 21:46:14,819 [INFO] usb_pd_parser:618 - Detected Figure 5.19 on page 100 (images:1)
2025-12-08 21:46:14,869 [INFO] usb_pd_parser:590 - Figure detected Figure 5.20 p101
2025-12-08 21:46:14,908 [INFO] usb_pd_parser:397 - Smart text-aware crop saved for Figure 5.20 p101 -> output\figures\Figure_5.20_page_101_crop.png
2025-12-08 21:46:14,908 [INFO] usb_pd_parser:618 - Detected Figure 5.20 on page 101 (images:1)
2025-12-08 21:46:14,908 [INFO] usb_pd_parser:590 - Figure detected Figure 5.21 p101
2025-12-08 21:46:14,980 [INFO] usb_pd_parser:397 - Smart text-aware crop saved for Figure 5.21 p101 -> output\figures\Figure_5.21_page_101_crop.png
2025-12-08 21:46:14,982 [INFO] usb_pd_parser:618 - Detected Figure 5.21 on page 101 (images:1)
2025-12-08 21:46:15,490 [INFO] usb_pd_parser:590 - Figure detected Figure 5.22 p102
2025-12-08 21:46:15,556 [INFO] usb_pd_parser:397 - Smart text-aware crop saved for Figure 5.22 p102 -> output\figures\Figure_5.22_page_102_crop.png
2025-12-08 21:46:15,556 [INFO] usb_pd_parser:618 - Detected Figure 5.22 on page 102 (images:1)
2025-12-08 21:46:15,556 [INFO] usb_pd_parser:543 - Table detected Table 5.16 p102
2025-12-08 21:46:18,539 [INFO] usb_pd_parser:430 - Camelot extracted 2 tables on page 102
2025-12-08 21:46:18,550 [INFO] usb_pd_parser:573 - Detected Table 5.16 on page 102 (rows:5)
2025-12-08 21:46:18,550 [INFO] usb_pd_parser:573 - Detected Table 5.16 on page 102 (rows:15)
2025-12-08 21:46:18,950 [INFO] usb_pd_parser:654 - Section started 5.8.3 'Transmitter Load Model' p103
2025-12-08 21:46:18,950 [INFO] usb_pd_parser:590 - Figure detected Figure 5.23 p103
2025-12-08 21:46:18,991 [INFO] usb_pd_parser:397 - Smart text-aware crop saved for Figure 5.23 p103 -> output\figures\Figure_5.23_page_103_crop.png
2025-12-08 21:46:18,991 [INFO] usb_pd_parser:618 - Detected Figure 5.23 on page 103 (images:1)
2025-12-08 21:46:18,991 [INFO] usb_pd_parser:590 - Figure detected Figure 5.24 p103
2025-12-08 21:46:19,070 [INFO] usb_pd_parser:397 - Smart text-aware crop saved for Figure 5.24 p103 -> output\figures\Figure_5.24_page_103_crop.png
2025-12-08 21:46:19,070 [INFO] usb_pd_parser:618 - Detected Figure 5.24 on page 103 (images:1)
2025-12-08 21:46:19,232 [INFO] usb_pd_parser:654 - Section started 5.8.4 'BMC Common specifications' p105
2025-12-08 21:46:19,232 [INFO] usb_pd_parser:654 - Section started 5.8.4.1 'BMC Common Parameters' p105
2025-12-08 21:46:19,232 [INFO] usb_pd_parser:543 - Table detected Table 5.17 p105
2025-12-08 21:46:23,723 [INFO] usb_pd_parser:430 - Camelot extracted 1 tables on page 105
2025-12-08 21:46:23,723 [INFO] usb_pd_parser:573 - Detected Table 5.17 on page 105 (rows:4)
2025-12-08 21:46:24,346 [INFO] usb_pd_parser:654 - Section started 5.8.5 'BMC Transmitter Specifications' p106
2025-12-08 21:46:24,354 [INFO] usb_pd_parser:543 - Table detected Table 5.18 p106
2025-12-08 21:46:29,289 [INFO] usb_pd_parser:430 - Camelot extracted 1 tables on page 106
2025-12-08 21:46:29,289 [INFO] usb_pd_parser:573 - Detected Table 5.18 on page 106 (rows:12)
2025-12-08 21:46:29,608 [INFO] usb_pd_parser:654 - Section started 5.8.5.1 'Capacitance when not transmitting' p107
2025-12-08 21:46:29,614 [INFO] usb_pd_parser:654 - Section started 5.8.5.2 'Source Output Impedance' p107
2025-12-08 21:46:29,614 [INFO] usb_pd_parser:590 - Figure detected Figure 5.25 p107
2025-12-08 21:46:29,648 [INFO] usb_pd_parser:397 - Smart text-aware crop saved for Figure 5.25 p107 -> output\figures\Figure_5.25_page_107_crop.png
2025-12-08 21:46:29,649 [INFO] usb_pd_parser:618 - Detected Figure 5.25 on page 107 (images:1)
2025-12-08 21:46:29,650 [INFO] usb_pd_parser:654 - Section started 5.8.5.3 'Bit Rate Drift' p107
2025-12-08 21:46:29,967 [INFO] usb_pd_parser:654 - Section started 5.8.5.4 'Inter-Frame Gap' p108
2025-12-08 21:46:29,967 [INFO] usb_pd_parser:590 - Figure detected Figure 5.26 p108
2025-12-08 21:46:30,070 [INFO] usb_pd_parser:397 - Smart text-aware crop saved for Figure 5.26 p108 -> output\figures\Figure_5.26_page_108_crop.png
2025-12-08 21:46:30,070 [INFO] usb_pd_parser:618 - Detected Figure 5.26 on page 108 (images:1)
2025-12-08 21:46:30,078 [INFO] usb_pd_parser:654 - Section started 5.8.5.5 'Shorting of Transmitter Output' p108
2025-12-08 21:46:30,350 [INFO] usb_pd_parser:654 - Section started 5.8.5.6 'Fast Role Swap Transmission' p109
2025-12-08 21:46:30,735 [INFO] usb_pd_parser:654 - Section started 5.8.6 'BMC Receiver Specifications' p110
2025-12-08 21:46:30,735 [INFO] usb_pd_parser:543 - Table detected Table 5.19 p110
2025-12-08 21:46:36,272 [INFO] usb_pd_parser:430 - Camelot extracted 1 tables on page 110
2025-12-08 21:46:36,282 [INFO] usb_pd_parser:573 - Detected Table 5.19 on page 110 (rows:13)
2025-12-08 21:46:36,283 [INFO] usb_pd_parser:654 - Section started 5.8.6.1 'Definition of Idle' p110
2025-12-08 21:46:36,809 [INFO] usb_pd_parser:654 - Section started 5.8.6.2 'Multi-Drop' p111
2025-12-08 21:46:36,816 [INFO] usb_pd_parser:590 - Figure detected Figure 5.27 p111
2025-12-08 21:46:36,927 [INFO] usb_pd_parser:397 - Smart text-aware crop saved for Figure 5.27 p111 -> output\figures\Figure_5.27_page_111_crop.png
2025-12-08 21:46:36,927 [INFO] usb_pd_parser:618 - Detected Figure 5.27 on page 111 (images:1)
2025-12-08 21:46:36,927 [INFO] usb_pd_parser:590 - Figure detected Figure 5.28 p111
2025-12-08 21:46:36,991 [INFO] usb_pd_parser:397 - Smart text-aware crop saved for Figure 5.28 p111 -> output\figures\Figure_5.28_page_111_crop.png
2025-12-08 21:46:36,999 [INFO] usb_pd_parser:618 - Detected Figure 5.28 on page 111 (images:1)
2025-12-08 21:46:37,461 [INFO] usb_pd_parser:654 - Section started 5.8.6.3 'Fast Role Swap Detection' p112
2025-12-08 21:46:38,506 [INFO] usb_pd_parser:654 - Section started 5.9 'Built in Self-Test (BIST)' p113
2025-12-08 21:46:38,506 [INFO] usb_pd_parser:654 - Section started 5.9.1 'BIST Carrier Mode' p113
2025-12-08 21:46:38,511 [INFO] usb_pd_parser:654 - Section started 5.9.2 'BIST Test Data Mode' p113
2025-12-08 21:46:38,511 [INFO] usb_pd_parser:590 - Figure detected Figure 5.29 p113
2025-12-08 21:46:38,620 [INFO] usb_pd_parser:397 - Smart text-aware crop saved for Figure 5.29 p113 -> output\figures\Figure_5.29_page_113_crop.png
2025-12-08 21:46:38,620 [INFO] usb_pd_parser:618 - Detected Figure 5.29 on page 113 (images:1)
2025-12-08 21:46:38,728 [INFO] usb_pd_parser:654 - Section started 6 'Protocol Layer' p114
2025-12-08 21:46:38,728 [INFO] usb_pd_parser:654 - Section started 6.1 'Overview' p114
2025-12-08 21:46:39,021 [INFO] usb_pd_parser:654 - Section started 6.2 'Messages' p115
2025-12-08 21:46:39,021 [INFO] usb_pd_parser:654 - Section started 6.2.1 'Message Construction' p115
2025-12-08 21:46:39,034 [INFO] usb_pd_parser:590 - Figure detected Figure 6.1 p115
2025-12-08 21:46:39,092 [INFO] usb_pd_parser:397 - Smart text-aware crop saved for Figure 6.1 p115 -> output\figures\Figure_6.1_page_115_crop.png
2025-12-08 21:46:39,092 [INFO] usb_pd_parser:618 - Detected Figure 6.1 on page 115 (images:1)
2025-12-08 21:46:39,457 [INFO] usb_pd_parser:590 - Figure detected Figure 6.2 p116
2025-12-08 21:46:39,514 [INFO] usb_pd_parser:397 - Smart text-aware crop saved for Figure 6.2 p116 -> output\figures\Figure_6.2_page_116_crop.png
2025-12-08 21:46:39,522 [INFO] usb_pd_parser:618 - Detected Figure 6.2 on page 116 (images:1)
2025-12-08 21:46:39,522 [INFO] usb_pd_parser:590 - Figure detected Figure 6.3 p116
2025-12-08 21:46:39,553 [INFO] usb_pd_parser:397 - Smart text-aware crop saved for Figure 6.3 p116 -> output\figures\Figure_6.3_page_116_crop.png
2025-12-08 21:46:39,553 [INFO] usb_pd_parser:618 - Detected Figure 6.3 on page 116 (images:1)
2025-12-08 21:46:39,558 [INFO] usb_pd_parser:654 - Section started 6.2.1.1 'Message Header' p116
2025-12-08 21:46:39,558 [INFO] usb_pd_parser:543 - Table detected Table 6.1 p116
2025-12-08 21:46:44,705 [INFO] usb_pd_parser:430 - Camelot extracted 1 tables on page 116
2025-12-08 21:46:44,717 [INFO] usb_pd_parser:573 - Detected Table 6.1 on page 116 (rows:10)
2025-12-08 21:46:44,717 [INFO] usb_pd_parser:654 - Section started 6.2.1.1.1 'Extended' p116
2025-12-08 21:46:45,396 [INFO] usb_pd_parser:654 - Section started 6.2.1.1.2 'Number of Data Objects' p117
2025-12-08 21:46:45,396 [INFO] usb_pd_parser:654 - Section started 6.2.1.1.3 'MessageID' p117
2025-12-08 21:46:45,405 [INFO] usb_pd_parser:654 - Section started 6.2.1.1.4 'Port Power Role' p117
2025-12-08 21:46:48,174 [INFO] usb_pd_parser:654 - Section started 6.2.1.1.5 'Specification Revision' p118
2025-12-08 21:46:48,958 [INFO] usb_pd_parser:543 - Table detected Table 6.2 p119
2025-12-08 21:46:56,482 [INFO] usb_pd_parser:430 - Camelot extracted 1 tables on page 119
2025-12-08 21:46:56,492 [INFO] usb_pd_parser:573 - Detected Table 6.2 on page 119 (rows:9)
2025-12-08 21:46:56,494 [INFO] usb_pd_parser:654 - Section started 6.2.1.1.6 'Port Data Role' p119
2025-12-08 21:46:57,128 [INFO] usb_pd_parser:654 - Section started 6.2.1.1.7 'Cable Plug' p120
2025-12-08 21:46:57,128 [INFO] usb_pd_parser:654 - Section started 6.2.1.1.8 'Message Type' p120
2025-12-08 21:46:57,130 [INFO] usb_pd_parser:654 - Section started 6.2.1.2 'Extended Message Header' p120
2025-12-08 21:46:57,130 [INFO] usb_pd_parser:654 - Section started 6.2.1.2.1 'Chunked' p120
2025-12-08 21:46:57,130 [INFO] usb_pd_parser:543 - Table detected Table 6.3 p120
2025-12-08 21:47:09,158 [INFO] usb_pd_parser:430 - Camelot extracted 1 tables on page 120
2025-12-08 21:47:09,177 [INFO] usb_pd_parser:573 - Detected Table 6.3 on page 120 (rows:6)
2025-12-08 21:47:11,089 [INFO] usb_pd_parser:654 - Section started 6.2.1.2.2 'Chunk Number' p121
2025-12-08 21:47:11,089 [INFO] usb_pd_parser:654 - Section started 6.2.1.2.3 'Request Chunk' p121
2025-12-08 21:47:12,048 [INFO] usb_pd_parser:654 - Section started 6.2.1.2.4 'Data Size' p122
2025-12-08 21:47:12,048 [INFO] usb_pd_parser:654 - Section started 6.2.1.2.5 'Extended Message Examples' p122
2025-12-08 21:47:12,054 [INFO] usb_pd_parser:543 - Table detected Table 6.4 p122
2025-12-08 21:47:26,466 [INFO] usb_pd_parser:430 - Camelot extracted 1 tables on page 122
2025-12-08 21:47:26,477 [INFO] usb_pd_parser:573 - Detected Table 6.4 on page 122 (rows:4)
2025-12-08 21:47:27,347 [INFO] usb_pd_parser:590 - Figure detected Figure 6.4 p123
2025-12-08 21:47:27,541 [INFO] usb_pd_parser:397 - Smart text-aware crop saved for Figure 6.4 p123 -> output\figures\Figure_6.4_page_123_crop.png
2025-12-08 21:47:27,544 [INFO] usb_pd_parser:618 - Detected Figure 6.4 on page 123 (images:1)
2025-12-08 21:47:27,547 [INFO] usb_pd_parser:590 - Figure detected Figure 6.5 p123
2025-12-08 21:47:27,692 [INFO] usb_pd_parser:397 - Smart text-aware crop saved for Figure 6.5 p123 -> output\figures\Figure_6.5_page_123_crop.png
2025-12-08 21:47:27,697 [INFO] usb_pd_parser:618 - Detected Figure 6.5 on page 123 (images:1)
2025-12-08 21:47:28,017 [INFO] usb_pd_parser:590 - Figure detected Figure 6.6 p124
2025-12-08 21:47:28,098 [INFO] usb_pd_parser:397 - Smart text-aware crop saved for Figure 6.6 p124 -> output\figures\Figure_6.6_page_124_crop.png
2025-12-08 21:47:28,100 [INFO] usb_pd_parser:618 - Detected Figure 6.6 on page 124 (images:1)
2025-12-08 21:47:28,564 [INFO] usb_pd_parser:590 - Figure detected Figure 6.7 p125
2025-12-08 21:47:28,771 [INFO] usb_pd_parser:397 - Smart text-aware crop saved for Figure 6.7 p125 -> output\figures\Figure_6.7_page_125_crop.png
2025-12-08 21:47:28,771 [INFO] usb_pd_parser:618 - Detected Figure 6.7 on page 125 (images:1)
2025-12-08 21:47:29,459 [INFO] usb_pd_parser:590 - Figure detected Figure 6.8 p126
2025-12-08 21:47:29,540 [INFO] usb_pd_parser:397 - Smart text-aware crop saved for Figure 6.8 p126 -> output\figures\Figure_6.8_page_126_crop.png
2025-12-08 21:47:29,540 [INFO] usb_pd_parser:618 - Detected Figure 6.8 on page 126 (images:1)
2025-12-08 21:47:29,540 [INFO] usb_pd_parser:590 - Figure detected Figure 6.9 p126
2025-12-08 21:47:29,685 [INFO] usb_pd_parser:397 - Smart text-aware crop saved for Figure 6.9 p126 -> output\figures\Figure_6.9_page_126_crop.png
2025-12-08 21:47:29,688 [INFO] usb_pd_parser:618 - Detected Figure 6.9 on page 126 (images:1)
2025-12-08 21:47:30,071 [INFO] usb_pd_parser:590 - Figure detected Figure 6.10 p127
2025-12-08 21:47:30,178 [INFO] usb_pd_parser:397 - Smart text-aware crop saved for Figure 6.10 p127 -> output\figures\Figure_6.10_page_127_crop.png
2025-12-08 21:47:30,184 [INFO] usb_pd_parser:618 - Detected Figure 6.10 on page 127 (images:1)
2025-12-08 21:47:30,184 [INFO] usb_pd_parser:590 - Figure detected Figure 6.11 p127
2025-12-08 21:47:30,266 [INFO] usb_pd_parser:397 - Smart text-aware crop saved for Figure 6.11 p127 -> output\figures\Figure_6.11_page_127_crop.png
2025-12-08 21:47:30,266 [INFO] usb_pd_parser:618 - Detected Figure 6.11 on page 127 (images:1)
2025-12-08 21:47:31,435 [INFO] usb_pd_parser:654 - Section started 6.3 'Control Message' p128
2025-12-08 21:47:31,437 [INFO] usb_pd_parser:543 - Table detected Table 6.5 p128
2025-12-08 21:47:37,880 [INFO] usb_pd_parser:430 - Camelot extracted 1 tables on page 128
2025-12-08 21:47:37,880 [INFO] usb_pd_parser:573 - Detected Table 6.5 on page 128 (rows:28)
2025-12-08 21:47:38,363 [INFO] usb_pd_parser:654 - Section started 6.3.1 'GoodCRC Message' p129
2025-12-08 21:47:38,363 [INFO] usb_pd_parser:654 - Section started 6.3.2 'GotoMin Message (Deprecated)' p129
2025-12-08 21:47:38,363 [INFO] usb_pd_parser:654 - Section started 6.3.3 'Accept Message' p129
2025-12-08 21:47:38,363 [INFO] usb_pd_parser:654 - Section started 6.3.4 'Reject Message' p129
2025-12-08 21:47:38,838 [INFO] usb_pd_parser:654 - Section started 6.3.5 'Ping Message' p130
2025-12-08 21:47:40,637 [INFO] usb_pd_parser:654 - Section started 6.3.12 'Wait Message' p133
2025-12-08 21:47:40,637 [INFO] usb_pd_parser:654 - Section started 6.3.12.1 'Wait in response to a Request Message' p133
2025-12-08 21:47:41,369 [INFO] usb_pd_parser:654 - Section started 6.3.13 'Soft Reset Message' p134
2025-12-08 21:47:43,765 [INFO] usb_pd_parser:654 - Section started 6.4 'Data Message' p138
2025-12-08 21:47:43,767 [INFO] usb_pd_parser:543 - Table detected Table 6.6 p138
2025-12-08 21:47:50,231 [INFO] usb_pd_parser:430 - Camelot extracted 1 tables on page 138
2025-12-08 21:47:50,239 [INFO] usb_pd_parser:573 - Detected Table 6.6 on page 138 (rows:17)
2025-12-08 21:47:50,865 [INFO] usb_pd_parser:654 - Section started 6.4.1 'Capabilities Message' p139
2025-12-08 21:47:50,865 [INFO] usb_pd_parser:654 - Section started 6.4.1.1 'Power Data Objects' p139
2025-12-08 21:47:50,865 [INFO] usb_pd_parser:543 - Table detected Table 6.7 p139
2025-12-08 21:47:56,776 [INFO] usb_pd_parser:430 - Camelot extracted 1 tables on page 139
2025-12-08 21:47:56,786 [INFO] usb_pd_parser:573 - Detected Table 6.7 on page 139 (rows:7)
2025-12-08 21:47:56,912 [INFO] usb_pd_parser:543 - Table detected Table 6.8 p140
2025-12-08 21:48:01,558 [INFO] usb_pd_parser:430 - Camelot extracted 1 tables on page 140
2025-12-08 21:48:01,558 [INFO] usb_pd_parser:573 - Detected Table 6.8 on page 140 (rows:8)
2025-12-08 21:48:02,101 [INFO] usb_pd_parser:654 - Section started 6.4.1.2 'Source Power Data Objects' p141
2025-12-08 21:48:02,101 [INFO] usb_pd_parser:654 - Section started 6.4.1.2.1 'Fixed Supply Power Data Object' p141
2025-12-08 21:48:02,101 [INFO] usb_pd_parser:543 - Table detected Table 6.9 p141
2025-12-08 21:48:08,883 [INFO] usb_pd_parser:430 - Camelot extracted 1 tables on page 141
2025-12-08 21:48:08,883 [INFO] usb_pd_parser:573 - Detected Table 6.9 on page 141 (rows:13)
2025-12-08 21:48:08,883 [INFO] usb_pd_parser:654 - Section started 6.4.1.2.1.1 'Dual-Role Power' p141
2025-12-08 21:48:08,883 [INFO] usb_pd_parser:654 - Section started 6.4.1.2.1.2 'USB Suspend Supported' p141
2025-12-08 21:48:09,449 [INFO] usb_pd_parser:654 - Section started 6.4.1.2.1.3 'Unconstrained Power' p142
2025-12-08 21:48:09,450 [INFO] usb_pd_parser:654 - Section started 6.4.1.2.1.4 'USB Communications Capable' p142
2025-12-08 21:48:09,450 [INFO] usb_pd_parser:654 - Section started 6.4.1.2.1.5 'Dual-Role Data' p142
2025-12-08 21:48:09,450 [INFO] usb_pd_parser:654 - Section started 6.4.1.2.1.6 'Unchunked Extended Messages Supported' p142
2025-12-08 21:48:09,450 [INFO] usb_pd_parser:654 - Section started 6.4.1.2.1.7 'EPR Mode Capable' p142
2025-12-08 21:48:09,450 [INFO] usb_pd_parser:654 - Section started 6.4.1.2.1.8 'Peak Current' p142
2025-12-08 21:48:10,047 [INFO] usb_pd_parser:543 - Table detected Table 6.10 p143
2025-12-08 21:48:16,472 [INFO] usb_pd_parser:430 - Camelot extracted 2 tables on page 143
2025-12-08 21:48:16,488 [INFO] usb_pd_parser:573 - Detected Table 6.10 on page 143 (rows:5)
2025-12-08 21:48:16,496 [INFO] usb_pd_parser:573 - Detected Table 6.10 on page 143 (rows:5)
2025-12-08 21:48:16,496 [INFO] usb_pd_parser:654 - Section started 6.4.1.2.2 'Variable Supply (non-Battery) Power Data Object' p143
2025-12-08 21:48:16,496 [INFO] usb_pd_parser:543 - Table detected Table 6.11 p143
2025-12-08 21:48:23,318 [INFO] usb_pd_parser:430 - Camelot extracted 2 tables on page 143
2025-12-08 21:48:23,325 [INFO] usb_pd_parser:573 - Detected Table 6.11 on page 143 (rows:5)
2025-12-08 21:48:23,329 [INFO] usb_pd_parser:573 - Detected Table 6.11 on page 143 (rows:5)
2025-12-08 21:48:23,329 [INFO] usb_pd_parser:654 - Section started 6.4.1.2.3 'Battery Supply Power Data Object' p143
2025-12-08 21:48:23,425 [INFO] usb_pd_parser:543 - Table detected Table 6.12 p144
2025-12-08 21:48:27,494 [INFO] usb_pd_parser:430 - Camelot extracted 1 tables on page 144
2025-12-08 21:48:27,508 [INFO] usb_pd_parser:573 - Detected Table 6.12 on page 144 (rows:5)
2025-12-08 21:48:27,894 [INFO] usb_pd_parser:654 - Section started 6.4.1.2.4 'Augmented Power Data Object (APDO)' p145
2025-12-08 21:48:27,894 [INFO] usb_pd_parser:654 - Section started 6.4.1.2.4.1 'SPR Programmable Power Supply APDO' p145
2025-12-08 21:48:27,910 [INFO] usb_pd_parser:543 - Table detected Table 6.13 p145
2025-12-08 21:48:33,634 [INFO] usb_pd_parser:430 - Camelot extracted 1 tables on page 145
2025-12-08 21:48:33,637 [INFO] usb_pd_parser:573 - Detected Table 6.13 on page 145 (rows:10)
2025-12-08 21:48:33,643 [INFO] usb_pd_parser:654 - Section started 6.4.1.2.4.1.1 'PPS Power Limited' p145
2025-12-08 21:48:34,162 [INFO] usb_pd_parser:654 - Section started 6.4.1.2.4.2 'SPR Adjustable Voltage Supply APDO' p146
2025-12-08 21:48:34,164 [INFO] usb_pd_parser:543 - Table detected Table 6.14 p146
2025-12-08 21:48:39,774 [INFO] usb_pd_parser:430 - Camelot extracted 2 tables on page 146
2025-12-08 21:48:39,792 [INFO] usb_pd_parser:573 - Detected Table 6.14 on page 146 (rows:7)
2025-12-08 21:48:39,792 [INFO] usb_pd_parser:573 - Detected Table 6.14 on page 146 (rows:8)
2025-12-08 21:48:39,792 [INFO] usb_pd_parser:654 - Section started 6.4.1.2.4.2.1 'Peak Current' p146
2025-12-08 21:48:39,792 [INFO] usb_pd_parser:654 - Section started 6.4.1.2.4.3 'EPR Adjustable Voltage Supply APDO' p146
2025-12-08 21:48:39,792 [INFO] usb_pd_parser:543 - Table detected Table 6.15 p146
2025-12-08 21:48:45,689 [INFO] usb_pd_parser:430 - Camelot extracted 2 tables on page 146
2025-12-08 21:48:45,697 [INFO] usb_pd_parser:573 - Detected Table 6.15 on page 146 (rows:7)
2025-12-08 21:48:45,699 [INFO] usb_pd_parser:573 - Detected Table 6.15 on page 146 (rows:8)
2025-12-08 21:48:45,701 [INFO] usb_pd_parser:654 - Section started 6.4.1.2.4.3.2 'Peak Current' p146
2025-12-08 21:48:46,082 [INFO] usb_pd_parser:543 - Table detected Table 6.16 p147
2025-12-08 21:48:51,597 [INFO] usb_pd_parser:430 - Camelot extracted 1 tables on page 147
2025-12-08 21:48:51,597 [INFO] usb_pd_parser:573 - Detected Table 6.16 on page 147 (rows:5)
2025-12-08 21:48:52,120 [INFO] usb_pd_parser:654 - Section started 6.4.1.3 'Sink Power Data Objects' p148
2025-12-08 21:48:52,120 [INFO] usb_pd_parser:654 - Section started 6.4.1.3.1 'Sink Fixed Supply Power Data Object' p148
2025-12-08 21:48:52,125 [INFO] usb_pd_parser:543 - Table detected Table 6.17 p148
2025-12-08 21:48:57,850 [INFO] usb_pd_parser:430 - Camelot extracted 1 tables on page 148
2025-12-08 21:48:57,866 [INFO] usb_pd_parser:573 - Detected Table 6.17 on page 148 (rows:16)
2025-12-08 21:48:57,866 [INFO] usb_pd_parser:654 - Section started 6.4.1.3.1.1 'Dual-Role Power' p148
2025-12-08 21:48:57,866 [INFO] usb_pd_parser:654 - Section started 6.4.1.3.1.2 'Higher Capability' p148
2025-12-08 21:48:57,866 [INFO] usb_pd_parser:654 - Section started 6.4.1.3.1.3 'Unconstrained Power' p148
2025-12-08 21:48:58,455 [INFO] usb_pd_parser:654 - Section started 6.4.1.3.1.4 'USB Communications Capable' p149
2025-12-08 21:48:58,455 [INFO] usb_pd_parser:654 - Section started 6.4.1.3.1.5 'Dual-Role Data' p149
2025-12-08 21:48:58,455 [INFO] usb_pd_parser:654 - Section started 6.4.1.3.1.6 'Fast Role Swap USB Type-C Current' p149
2025-12-08 21:48:58,455 [INFO] usb_pd_parser:654 - Section started 6.4.1.3.2 'Variable Supply (non-Battery) Power Data Object' p149
2025-12-08 21:48:58,455 [INFO] usb_pd_parser:543 - Table detected Table 6.18 p149
2025-12-08 21:49:04,294 [INFO] usb_pd_parser:430 - Camelot extracted 1 tables on page 149
2025-12-08 21:49:04,308 [INFO] usb_pd_parser:573 - Detected Table 6.18 on page 149 (rows:5)
2025-12-08 21:49:04,308 [INFO] usb_pd_parser:654 - Section started 6.4.1.3.3 'Battery Supply Power Data Object' p149
2025-12-08 21:49:04,679 [INFO] usb_pd_parser:543 - Table detected Table 6.19 p150
2025-12-08 21:49:10,038 [INFO] usb_pd_parser:430 - Camelot extracted 2 tables on page 150
2025-12-08 21:49:10,048 [INFO] usb_pd_parser:573 - Detected Table 6.19 on page 150 (rows:5)
2025-12-08 21:49:10,048 [INFO] usb_pd_parser:573 - Detected Table 6.19 on page 150 (rows:9)
2025-12-08 21:49:10,054 [INFO] usb_pd_parser:654 - Section started 6.4.1.3.4 'Augmented Power Data Objects' p150
2025-12-08 21:49:10,054 [INFO] usb_pd_parser:654 - Section started 6.4.1.3.4.1 'SPR Programmable Power Supply APDO' p150
2025-12-08 21:49:10,054 [INFO] usb_pd_parser:543 - Table detected Table 6.20 p150
2025-12-08 21:49:14,677 [INFO] usb_pd_parser:430 - Camelot extracted 2 tables on page 150
2025-12-08 21:49:14,677 [INFO] usb_pd_parser:573 - Detected Table 6.20 on page 150 (rows:5)
2025-12-08 21:49:14,685 [INFO] usb_pd_parser:573 - Detected Table 6.20 on page 150 (rows:9)
2025-12-08 21:49:15,127 [INFO] usb_pd_parser:654 - Section started 6.4.1.3.4.2 'SPR Adjustable Voltage Supply APDO' p151
2025-12-08 21:49:15,127 [INFO] usb_pd_parser:543 - Table detected Table 6.21 p151
2025-12-08 21:49:20,853 [INFO] usb_pd_parser:430 - Camelot extracted 2 tables on page 151
2025-12-08 21:49:20,860 [INFO] usb_pd_parser:573 - Detected Table 6.21 on page 151 (rows:6)
2025-12-08 21:49:20,860 [INFO] usb_pd_parser:573 - Detected Table 6.21 on page 151 (rows:8)
2025-12-08 21:49:20,860 [INFO] usb_pd_parser:654 - Section started 6.4.1.3.4.3 'EPR Adjustable Voltage Supply APDO' p151
2025-12-08 21:49:20,860 [INFO] usb_pd_parser:543 - Table detected Table 6.22 p151
2025-12-08 21:49:25,994 [INFO] usb_pd_parser:430 - Camelot extracted 2 tables on page 151
2025-12-08 21:49:26,002 [INFO] usb_pd_parser:573 - Detected Table 6.22 on page 151 (rows:6)
2025-12-08 21:49:26,010 [INFO] usb_pd_parser:573 - Detected Table 6.22 on page 151 (rows:8)
2025-12-08 21:49:26,011 [INFO] usb_pd_parser:654 - Section started 6.4.1.4 'SPR Capabilities Message Construction' p151
2025-12-08 21:49:27,120 [INFO] usb_pd_parser:590 - Figure detected Figure 6.12 p152
2025-12-08 21:49:27,167 [INFO] usb_pd_parser:397 - Smart text-aware crop saved for Figure 6.12 p152 -> output\figures\Figure_6.12_page_152_crop.png
2025-12-08 21:49:27,169 [INFO] usb_pd_parser:618 - Detected Figure 6.12 on page 152 (images:1)
2025-12-08 21:49:27,169 [INFO] usb_pd_parser:590 - Figure detected Figure 6.13 p152
2025-12-08 21:49:27,227 [INFO] usb_pd_parser:397 - Smart text-aware crop saved for Figure 6.13 p152 -> output\figures\Figure_6.13_page_152_crop.png
2025-12-08 21:49:27,227 [INFO] usb_pd_parser:618 - Detected Figure 6.13 on page 152 (images:1)
2025-12-08 21:49:27,227 [INFO] usb_pd_parser:654 - Section started 6.4.1.5 'SPR Source Capabilities Message' p152
2025-12-08 21:49:27,905 [INFO] usb_pd_parser:654 - Section started 6.4.1.6 'SPR Sink Capabilities Message' p153
2025-12-08 21:49:28,039 [INFO] usb_pd_parser:654 - Section started 6.4.1.6.1 'Use by Dual-Role Power devices' p154
2025-12-08 21:49:28,039 [INFO] usb_pd_parser:654 - Section started 6.4.1.6.2 'Management of the Power Reserve' p154
2025-12-08 21:49:28,533 [INFO] usb_pd_parser:654 - Section started 6.4.2 'Request Message' p155
2025-12-08 21:49:28,533 [INFO] usb_pd_parser:543 - Table detected Table 6.23 p155
2025-12-08 21:49:33,788 [INFO] usb_pd_parser:430 - Camelot extracted 1 tables on page 155
2025-12-08 21:49:33,806 [INFO] usb_pd_parser:573 - Detected Table 6.23 on page 155 (rows:11)
2025-12-08 21:49:34,399 [INFO] usb_pd_parser:543 - Table detected Table 6.24 p156
2025-12-08 21:49:39,975 [INFO] usb_pd_parser:430 - Camelot extracted 3 tables on page 156
2025-12-08 21:49:39,975 [INFO] usb_pd_parser:573 - Detected Table 6.24 on page 156 (rows:11)
2025-12-08 21:49:39,975 [INFO] usb_pd_parser:573 - Detected Table 6.24 on page 156 (rows:12)
2025-12-08 21:49:39,975 [INFO] usb_pd_parser:573 - Detected Table 6.24 on page 156 (rows:12)
2025-12-08 21:49:39,975 [INFO] usb_pd_parser:543 - Table detected Table 6.25 p156
2025-12-08 21:49:45,430 [INFO] usb_pd_parser:430 - Camelot extracted 3 tables on page 156
2025-12-08 21:49:45,430 [INFO] usb_pd_parser:573 - Detected Table 6.25 on page 156 (rows:11)
2025-12-08 21:49:45,430 [INFO] usb_pd_parser:573 - Detected Table 6.25 on page 156 (rows:12)
2025-12-08 21:49:45,430 [INFO] usb_pd_parser:573 - Detected Table 6.25 on page 156 (rows:12)
2025-12-08 21:49:45,430 [INFO] usb_pd_parser:543 - Table detected Table 6.26 p156
2025-12-08 21:49:50,772 [INFO] usb_pd_parser:430 - Camelot extracted 3 tables on page 156
2025-12-08 21:49:50,772 [INFO] usb_pd_parser:573 - Detected Table 6.26 on page 156 (rows:11)
2025-12-08 21:49:50,788 [INFO] usb_pd_parser:573 - Detected Table 6.26 on page 156 (rows:12)
2025-12-08 21:49:50,788 [INFO] usb_pd_parser:573 - Detected Table 6.26 on page 156 (rows:12)
2025-12-08 21:49:51,390 [INFO] usb_pd_parser:654 - Section started 6.4.2.1 'Object Position' p157
2025-12-08 21:49:51,390 [INFO] usb_pd_parser:654 - Section started 6.4.2.2 'GiveBack Flag (Deprecated)' p157
2025-12-08 21:49:51,390 [INFO] usb_pd_parser:654 - Section started 6.4.2.3 'Capability Mismatch' p157
2025-12-08 21:49:51,958 [INFO] usb_pd_parser:654 - Section started 6.4.2.4 'USB Communications Capable' p158
2025-12-08 21:49:51,958 [INFO] usb_pd_parser:654 - Section started 6.4.2.5 'No USB Suspend' p158
2025-12-08 21:49:51,958 [INFO] usb_pd_parser:654 - Section started 6.4.2.6 'Unchunked Extended Messages Supported' p158
2025-12-08 21:49:51,958 [INFO] usb_pd_parser:654 - Section started 6.4.2.7 'EPR Mode Capable' p158
2025-12-08 21:49:51,958 [INFO] usb_pd_parser:654 - Section started 6.4.2.8 'Operating Current' p158
2025-12-08 21:49:51,958 [INFO] usb_pd_parser:654 - Section started 6.4.2.9 'Maximum Operating Current' p158
2025-12-08 21:49:52,485 [INFO] usb_pd_parser:654 - Section started 6.4.2.10 'Operating Power' p159
2025-12-08 21:49:52,487 [INFO] usb_pd_parser:654 - Section started 6.4.2.11 'Maximum Operating Power' p159
2025-12-08 21:49:52,487 [INFO] usb_pd_parser:654 - Section started 6.4.2.12 'Output Voltage' p159
2025-12-08 21:49:52,487 [INFO] usb_pd_parser:654 - Section started 6.4.3 'BIST Message' p159
2025-12-08 21:49:52,487 [INFO] usb_pd_parser:590 - Figure detected Figure 6.14 p159
2025-12-08 21:49:52,556 [INFO] usb_pd_parser:397 - Smart text-aware crop saved for Figure 6.14 p159 -> output\figures\Figure_6.14_page_159_crop.png
2025-12-08 21:49:52,556 [INFO] usb_pd_parser:618 - Detected Figure 6.14 on page 159 (images:1)
2025-12-08 21:49:53,019 [INFO] usb_pd_parser:543 - Table detected Table 6.27 p160
2025-12-08 21:49:59,245 [INFO] usb_pd_parser:430 - Camelot extracted 1 tables on page 160
2025-12-08 21:49:59,251 [INFO] usb_pd_parser:573 - Detected Table 6.27 on page 160 (rows:9)
2025-12-08 21:49:59,251 [INFO] usb_pd_parser:654 - Section started 6.4.3.1 'BIST Carrier Mode' p160
2025-12-08 21:49:59,251 [INFO] usb_pd_parser:654 - Section started 6.4.3.2 'BIST Test Data Mode' p160
2025-12-08 21:49:59,719 [INFO] usb_pd_parser:654 - Section started 6.4.3.3 'BIST Shared Capacity Test Mode' p161
2025-12-08 21:49:59,719 [INFO] usb_pd_parser:654 - Section started 6.4.3.3.1 'BIST Shared Test Mode Entry' p161
2025-12-08 21:49:59,719 [INFO] usb_pd_parser:654 - Section started 6.4.3.3.2 'BIST Shared Test Mode Exit' p161
2025-12-08 21:50:00,377 [INFO] usb_pd_parser:654 - Section started 6.4.4 'Vendor Defined Message' p162
2025-12-08 21:50:00,377 [INFO] usb_pd_parser:590 - Figure detected Figure 6.15 p162
2025-12-08 21:50:00,475 [INFO] usb_pd_parser:397 - Smart text-aware crop saved for Figure 6.15 p162 -> output\figures\Figure_6.15_page_162_crop.png
2025-12-08 21:50:00,475 [INFO] usb_pd_parser:618 - Detected Figure 6.15 on page 162 (images:1)
2025-12-08 21:50:00,478 [INFO] usb_pd_parser:654 - Section started 6.4.4.1 'Unstructured VDM' p162
2025-12-08 21:50:00,914 [INFO] usb_pd_parser:543 - Table detected Table 6.28 p163
2025-12-08 21:50:06,754 [INFO] usb_pd_parser:430 - Camelot extracted 1 tables on page 163
2025-12-08 21:50:06,770 [INFO] usb_pd_parser:573 - Detected Table 6.28 on page 163 (rows:4)
2025-12-08 21:50:06,770 [INFO] usb_pd_parser:654 - Section started 6.4.4.1.1 'USB Vendor ID' p163
2025-12-08 21:50:06,770 [INFO] usb_pd_parser:654 - Section started 6.4.4.1.2 'VDM Type' p163
2025-12-08 21:50:06,778 [INFO] usb_pd_parser:654 - Section started 6.4.4.2 'Structured VDM' p163
2025-12-08 21:50:07,780 [INFO] usb_pd_parser:543 - Table detected Table 6.29 p164
2025-12-08 21:50:13,673 [INFO] usb_pd_parser:430 - Camelot extracted 1 tables on page 164
2025-12-08 21:50:13,673 [INFO] usb_pd_parser:573 - Detected Table 6.29 on page 164 (rows:21)
2025-12-08 21:50:14,394 [INFO] usb_pd_parser:543 - Table detected Table 6.30 p165
2025-12-08 21:50:21,160 [INFO] usb_pd_parser:430 - Camelot extracted 1 tables on page 165
2025-12-08 21:50:21,165 [INFO] usb_pd_parser:573 - Detected Table 6.30 on page 165 (rows:8)
2025-12-08 21:50:21,165 [INFO] usb_pd_parser:543 - Table detected Table 6.31 p165
2025-12-08 21:50:24,848 [INFO] usb_pd_parser:430 - Camelot extracted 1 tables on page 165
2025-12-08 21:50:24,853 [INFO] usb_pd_parser:573 - Detected Table 6.31 on page 165 (rows:8)
2025-12-08 21:50:24,853 [INFO] usb_pd_parser:654 - Section started 6.4.4.2.2 'VDM Type' p165
2025-12-08 21:50:24,853 [INFO] usb_pd_parser:654 - Section started 6.4.4.2.3 'Structured VDM Version' p165
2025-12-08 21:50:25,066 [INFO] usb_pd_parser:654 - Section started 6.4.4.2.4 'Object Position' p166
2025-12-08 21:50:25,066 [INFO] usb_pd_parser:654 - Section started 6.4.4.2.5 'Command Type' p166
2025-12-08 21:50:25,066 [INFO] usb_pd_parser:654 - Section started 6.4.4.2.5.1 'Commands other than Attention' p166
2025-12-08 21:50:25,066 [INFO] usb_pd_parser:654 - Section started 6.4.4.2.5.2 'Attention Command' p166
2025-12-08 21:50:25,066 [INFO] usb_pd_parser:654 - Section started 6.4.4.2.6 'Command' p166
2025-12-08 21:50:25,066 [INFO] usb_pd_parser:654 - Section started 6.4.4.2.6.1 'Commands other than Attention' p166
2025-12-08 21:50:25,236 [INFO] usb_pd_parser:654 - Section started 6.4.4.2.6.2 'Attention Command' p167
2025-12-08 21:50:25,236 [INFO] usb_pd_parser:654 - Section started 6.4.4.3 'Use of Commands' p167
2025-12-08 21:50:25,236 [INFO] usb_pd_parser:543 - Table detected Table 6.32 p167
2025-12-08 21:50:27,886 [INFO] usb_pd_parser:430 - Camelot extracted 1 tables on page 167
2025-12-08 21:50:27,890 [INFO] usb_pd_parser:573 - Detected Table 6.32 on page 167 (rows:7)
2025-12-08 21:50:28,091 [INFO] usb_pd_parser:654 - Section started 6.4.4.3.1 'Discover Identity' p168
2025-12-08 21:50:29,461 [INFO] usb_pd_parser:590 - Figure detected Figure 6.16 p169
2025-12-08 21:50:29,565 [INFO] usb_pd_parser:397 - Smart text-aware crop saved for Figure 6.16 p169 -> output\figures\Figure_6.16_page_169_crop.png
2025-12-08 21:50:29,574 [INFO] usb_pd_parser:618 - Detected Figure 6.16 on page 169 (images:1)
2025-12-08 21:50:29,574 [INFO] usb_pd_parser:590 - Figure detected Figure 6.17 p169
2025-12-08 21:50:29,642 [INFO] usb_pd_parser:397 - Smart text-aware crop saved for Figure 6.17 p169 -> output\figures\Figure_6.17_page_169_crop.png
2025-12-08 21:50:29,645 [INFO] usb_pd_parser:618 - Detected Figure 6.17 on page 169 (images:1)
2025-12-08 21:50:29,645 [INFO] usb_pd_parser:654 - Section started 6.4.4.3.1.1 'ID Header VDO' p169
2025-12-08 21:50:29,645 [INFO] usb_pd_parser:543 - Table detected Table 6.33 p169
2025-12-08 21:50:36,385 [INFO] usb_pd_parser:430 - Camelot extracted 1 tables on page 169
2025-12-08 21:50:36,394 [INFO] usb_pd_parser:573 - Detected Table 6.33 on page 169 (rows:5)
2025-12-08 21:50:36,809 [INFO] usb_pd_parser:543 - Table detected Table 6.33 p170
2025-12-08 21:50:41,821 [INFO] usb_pd_parser:430 - Camelot extracted 2 tables on page 170
2025-12-08 21:50:41,821 [INFO] usb_pd_parser:573 - Detected Table 6.33 on page 170 (rows:7)
2025-12-08 21:50:41,821 [INFO] usb_pd_parser:573 - Detected Table 6.33 on page 170 (rows:5)
2025-12-08 21:50:41,821 [INFO] usb_pd_parser:654 - Section started 6.4.4.3.1.1.1 'USB Communications Capable as a USB Host' p170
2025-12-08 21:50:41,837 [INFO] usb_pd_parser:654 - Section started 6.4.4.3.1.1.2 'USB Communications Capable as a USB Device' p170
2025-12-08 21:50:41,837 [INFO] usb_pd_parser:654 - Section started 6.4.4.3.1.1.3 'Product Type (UFP)' p170
2025-12-08 21:50:41,837 [INFO] usb_pd_parser:543 - Table detected Table 6.34 p170
2025-12-08 21:50:47,315 [INFO] usb_pd_parser:430 - Camelot extracted 2 tables on page 170
2025-12-08 21:50:47,323 [INFO] usb_pd_parser:573 - Detected Table 6.34 on page 170 (rows:7)
2025-12-08 21:50:47,323 [INFO] usb_pd_parser:573 - Detected Table 6.34 on page 170 (rows:5)
2025-12-08 21:50:47,835 [INFO] usb_pd_parser:654 - Section started 6.4.4.3.1.1.4 'Product Type (Cable Plug)' p171
2025-12-08 21:50:47,835 [INFO] usb_pd_parser:543 - Table detected Table 6.35 p171
2025-12-08 21:50:52,833 [INFO] usb_pd_parser:430 - Camelot extracted 2 tables on page 171
2025-12-08 21:50:52,833 [INFO] usb_pd_parser:573 - Detected Table 6.35 on page 171 (rows:5)
2025-12-08 21:50:52,833 [INFO] usb_pd_parser:573 - Detected Table 6.35 on page 171 (rows:5)
2025-12-08 21:50:52,833 [INFO] usb_pd_parser:654 - Section started 6.4.4.3.1.1.5 'Modal Operation Supported' p171
2025-12-08 21:50:52,833 [INFO] usb_pd_parser:654 - Section started 6.4.4.3.1.1.6 'Product Type (DFP)' p171
2025-12-08 21:50:52,833 [INFO] usb_pd_parser:543 - Table detected Table 6.36 p171
2025-12-08 21:50:58,548 [INFO] usb_pd_parser:430 - Camelot extracted 2 tables on page 171
2025-12-08 21:50:58,554 [INFO] usb_pd_parser:573 - Detected Table 6.36 on page 171 (rows:5)
2025-12-08 21:50:58,554 [INFO] usb_pd_parser:573 - Detected Table 6.36 on page 171 (rows:5)
2025-12-08 21:50:58,554 [INFO] usb_pd_parser:654 - Section started 6.4.4.3.1.1.7 'Connector Type Field' p171
2025-12-08 21:50:59,103 [INFO] usb_pd_parser:654 - Section started 6.4.4.3.1.1.8 'Vendor ID' p172
2025-12-08 21:50:59,103 [INFO] usb_pd_parser:654 - Section started 6.4.4.3.1.2 'Cert Stat VDO' p172
2025-12-08 21:50:59,103 [INFO] usb_pd_parser:543 - Table detected Table 6.37 p172
2025-12-08 21:51:03,944 [INFO] usb_pd_parser:430 - Camelot extracted 1 tables on page 172
2025-12-08 21:51:03,951 [INFO] usb_pd_parser:573 - Detected Table 6.37 on page 172 (rows:10)
2025-12-08 21:51:03,951 [INFO] usb_pd_parser:654 - Section started 6.4.4.3.1.3 'Product VDO' p172
2025-12-08 21:51:03,951 [INFO] usb_pd_parser:543 - Table detected Table 6.38 p172
2025-12-08 21:51:09,811 [INFO] usb_pd_parser:430 - Camelot extracted 1 tables on page 172
2025-12-08 21:51:09,824 [INFO] usb_pd_parser:573 - Detected Table 6.38 on page 172 (rows:10)
2025-12-08 21:51:09,828 [INFO] usb_pd_parser:654 - Section started 6.4.4.3.1.4 'UFP VDO' p172
2025-12-08 21:51:09,828 [INFO] usb_pd_parser:543 - Table detected Table 6.39 p172
2025-12-08 21:51:14,859 [INFO] usb_pd_parser:430 - Camelot extracted 1 tables on page 172
2025-12-08 21:51:14,867 [INFO] usb_pd_parser:573 - Detected Table 6.39 on page 172 (rows:10)
2025-12-08 21:51:15,221 [INFO] usb_pd_parser:543 - Table detected Table 6.39 p173
2025-12-08 21:51:20,955 [INFO] usb_pd_parser:430 - Camelot extracted 1 tables on page 173
2025-12-08 21:51:20,963 [INFO] usb_pd_parser:573 - Detected Table 6.39 on page 173 (rows:9)
2025-12-08 21:51:20,963 [INFO] usb_pd_parser:654 - Section started 6.4.4.3.1.4.1 'VDO Version Field' p173
2025-12-08 21:51:20,963 [INFO] usb_pd_parser:654 - Section started 6.4.4.3.1.4.2 'Device Capability Field' p173
2025-12-08 21:51:21,412 [INFO] usb_pd_parser:654 - Section started 6.4.4.3.1.4.3 'Connector Type Field' p174
2025-12-08 21:51:21,412 [INFO] usb_pd_parser:654 - Section started 6.4.4.3.1.4.4 'V Power Field' p174
2025-12-08 21:51:21,412 [INFO] usb_pd_parser:654 - Section started 6.4.4.3.1.4.5 'V Required Field' p174
2025-12-08 21:51:21,412 [INFO] usb_pd_parser:654 - Section started 6.4.4.3.1.4.6 'V Required Field' p174
2025-12-08 21:51:21,412 [INFO] usb_pd_parser:654 - Section started 6.4.4.3.1.4.7 'Alternate Modes Field' p174
2025-12-08 21:51:21,412 [INFO] usb_pd_parser:654 - Section started 6.4.4.3.1.4.8 'USB Highest Speed Field' p174
2025-12-08 21:51:21,787 [INFO] usb_pd_parser:654 - Section started 6.4.4.3.1.5 'DFP VDO' p175
2025-12-08 21:51:21,789 [INFO] usb_pd_parser:543 - Table detected Table 6.40 p175
2025-12-08 21:51:26,711 [INFO] usb_pd_parser:430 - Camelot extracted 1 tables on page 175
2025-12-08 21:51:26,711 [INFO] usb_pd_parser:573 - Detected Table 6.40 on page 175 (rows:10)
2025-12-08 21:51:26,728 [INFO] usb_pd_parser:654 - Section started 6.4.4.3.1.5.1 'VDO Version Field' p175
2025-12-08 21:51:26,728 [INFO] usb_pd_parser:654 - Section started 6.4.4.3.1.5.2 'Host Capability Field' p175
2025-12-08 21:51:26,728 [INFO] usb_pd_parser:654 - Section started 6.4.4.3.1.5.3 'Connector Type Field' p175
2025-12-08 21:51:26,728 [INFO] usb_pd_parser:654 - Section started 6.4.4.3.1.5.4 'Port Number Field' p175
2025-12-08 21:51:27,129 [INFO] usb_pd_parser:654 - Section started 6.4.4.3.1.6 'Passive Cable VDO' p176
2025-12-08 21:51:27,129 [INFO] usb_pd_parser:543 - Table detected Table 6.41 p176
2025-12-08 21:51:33,236 [INFO] usb_pd_parser:430 - Camelot extracted 1 tables on page 176
2025-12-08 21:51:33,245 [INFO] usb_pd_parser:573 - Detected Table 6.41 on page 176 (rows:12)
2025-12-08 21:51:33,703 [INFO] usb_pd_parser:543 - Table detected Table 6.41 p177
2025-12-08 21:51:38,991 [INFO] usb_pd_parser:430 - Camelot extracted 1 tables on page 177
2025-12-08 21:51:38,991 [INFO] usb_pd_parser:573 - Detected Table 6.41 on page 177 (rows:5)
2025-12-08 21:51:38,991 [INFO] usb_pd_parser:654 - Section started 6.4.4.3.1.6.1 'HW Version Field' p177
2025-12-08 21:51:38,991 [INFO] usb_pd_parser:654 - Section started 6.4.4.3.1.6.2 'FW Version Field' p177
2025-12-08 21:51:38,991 [INFO] usb_pd_parser:654 - Section started 6.4.4.3.1.6.3 'VDO Version Field' p177
2025-12-08 21:51:39,003 [INFO] usb_pd_parser:654 - Section started 6.4.4.3.1.6.4 'USB Type-C plug to USB Type-C/Captive Field' p177
2025-12-08 21:51:39,003 [INFO] usb_pd_parser:654 - Section started 6.4.4.3.1.6.5 'EPR Mode Capable' p177
2025-12-08 21:51:39,004 [INFO] usb_pd_parser:654 - Section started 6.4.4.3.1.6.6 'Cable Latency Field' p177
2025-12-08 21:51:39,004 [INFO] usb_pd_parser:654 - Section started 6.4.4.3.1.6.7 'Cable Termination Type Field' p177
2025-12-08 21:51:39,004 [INFO] usb_pd_parser:654 - Section started 6.4.4.3.1.6.8 'Maximum V Voltage Field' p177
2025-12-08 21:51:39,140 [INFO] usb_pd_parser:654 - Section started 6.4.4.3.1.6.9 'V Current Handling Capability Field' p178
2025-12-08 21:51:39,140 [INFO] usb_pd_parser:654 - Section started 6.4.4.3.1.6.10 'USB Highest Speed Field' p178
2025-12-08 21:51:39,554 [INFO] usb_pd_parser:654 - Section started 6.4.4.3.1.7 'Active Cable VDOs' p179
2025-12-08 21:51:39,554 [INFO] usb_pd_parser:543 - Table detected Table 6.42 p179
2025-12-08 21:51:45,236 [INFO] usb_pd_parser:430 - Camelot extracted 1 tables on page 179
2025-12-08 21:51:45,245 [INFO] usb_pd_parser:573 - Detected Table 6.42 on page 179 (rows:10)
2025-12-08 21:51:45,615 [INFO] usb_pd_parser:543 - Table detected Table 6.42 p180
2025-12-08 21:51:50,378 [INFO] usb_pd_parser:430 - Camelot extracted 2 tables on page 180
2025-12-08 21:51:50,384 [INFO] usb_pd_parser:573 - Detected Table 6.42 on page 180 (rows:10)
2025-12-08 21:51:50,384 [INFO] usb_pd_parser:573 - Detected Table 6.42 on page 180 (rows:5)
2025-12-08 21:51:50,386 [INFO] usb_pd_parser:543 - Table detected Table 6.43 p180
2025-12-08 21:51:55,744 [INFO] usb_pd_parser:430 - Camelot extracted 2 tables on page 180
2025-12-08 21:51:55,744 [INFO] usb_pd_parser:573 - Detected Table 6.43 on page 180 (rows:10)
2025-12-08 21:51:55,744 [INFO] usb_pd_parser:573 - Detected Table 6.43 on page 180 (rows:5)
2025-12-08 21:51:56,170 [INFO] usb_pd_parser:543 - Table detected Table 6.43 p181
2025-12-08 21:52:00,956 [INFO] usb_pd_parser:430 - Camelot extracted 1 tables on page 181
2025-12-08 21:52:00,961 [INFO] usb_pd_parser:573 - Detected Table 6.43 on page 181 (rows:12)
2025-12-08 21:52:00,961 [INFO] usb_pd_parser:654 - Section started 6.4.4.3.1.7.1 'HW Version Field' p181
2025-12-08 21:52:00,961 [INFO] usb_pd_parser:654 - Section started 6.4.4.3.1.7.2 'FW Version Field' p181
2025-12-08 21:52:00,961 [INFO] usb_pd_parser:654 - Section started 6.4.4.3.1.7.3 'VDO Version Field' p181
2025-12-08 21:52:00,961 [INFO] usb_pd_parser:654 - Section started 6.4.4.3.1.7.4 'Connector Type Field' p181
2025-12-08 21:52:00,961 [INFO] usb_pd_parser:654 - Section started 6.4.4.3.1.7.5 'EPR Mode Capable' p181
2025-12-08 21:52:00,961 [INFO] usb_pd_parser:654 - Section started 6.4.4.3.1.7.6 'Cable Latency Field' p181
2025-12-08 21:52:01,444 [INFO] usb_pd_parser:654 - Section started 6.4.4.3.1.7.7 'Cable Termination Type Field' p182
2025-12-08 21:52:01,444 [INFO] usb_pd_parser:654 - Section started 6.4.4.3.1.7.8 'Maximum V Voltage Field' p182
2025-12-08 21:52:01,444 [INFO] usb_pd_parser:654 - Section started 6.4.4.3.1.7.9 'SBU Supported Field' p182
2025-12-08 21:52:01,444 [INFO] usb_pd_parser:654 - Section started 6.4.4.3.1.7.10 'SBU Type Field' p182
2025-12-08 21:52:01,444 [INFO] usb_pd_parser:654 - Section started 6.4.4.3.1.7.11 'V Current Handling Capability Field' p182
2025-12-08 21:52:01,444 [INFO] usb_pd_parser:654 - Section started 6.4.4.3.1.7.12 'V Through Cable Field' p182
2025-12-08 21:52:01,454 [INFO] usb_pd_parser:654 - Section started 6.4.4.3.1.7.14 'USB Highest Speed Field' p182
2025-12-08 21:52:01,454 [INFO] usb_pd_parser:654 - Section started 6.4.4.3.1.7.15 'Maximum Operating Temperature Field' p182
2025-12-08 21:52:01,454 [INFO] usb_pd_parser:654 - Section started 6.4.4.3.1.7.16 'Shutdown Temperature Field' p182
2025-12-08 21:52:01,454 [INFO] usb_pd_parser:654 - Section started 6.4.4.3.1.7.17 'U3/CLd Power Field' p182
2025-12-08 21:52:01,454 [INFO] usb_pd_parser:654 - Section started 6.4.4.3.1.7.18 'U3 to U0 Transition Mode Field' p182
2025-12-08 21:52:01,911 [INFO] usb_pd_parser:654 - Section started 6.4.4.3.1.7.19 'Physical Connection Field' p183
2025-12-08 21:52:01,911 [INFO] usb_pd_parser:654 - Section started 6.4.4.3.1.7.20 'Active element Field' p183
2025-12-08 21:52:01,911 [INFO] usb_pd_parser:654 - Section started 6.4.4.3.1.7.21 'USB4 Supported Field' p183
2025-12-08 21:52:01,911 [INFO] usb_pd_parser:654 - Section started 6.4.4.3.1.7.25 'USB Lanes Supported Field' p183
2025-12-08 21:52:01,911 [INFO] usb_pd_parser:654 - Section started 6.4.4.3.1.7.26 'Optically Isolated Active Cable Field' p183
2025-12-08 21:52:01,911 [INFO] usb_pd_parser:654 - Section started 6.4.4.3.1.7.27 'USB4 Asymmetric Mode Supported Field' p183
2025-12-08 21:52:01,911 [INFO] usb_pd_parser:654 - Section started 6.4.4.3.1.7.28 'USB Gen Field' p183
2025-12-08 21:52:01,911 [INFO] usb_pd_parser:654 - Section started 6.4.4.3.1.8 'Alternate Mode Adapter VDO' p183
2025-12-08 21:52:02,490 [INFO] usb_pd_parser:654 - Section started 6.4.4.3.1.9 'V Powered USB Device VDO' p184
2025-12-08 21:52:02,491 [INFO] usb_pd_parser:543 - Table detected Table 6.44 p184
2025-12-08 21:52:09,254 [INFO] usb_pd_parser:430 - Camelot extracted 1 tables on page 184
2025-12-08 21:52:09,266 [INFO] usb_pd_parser:573 - Detected Table 6.44 on page 184 (rows:12)
2025-12-08 21:52:09,266 [INFO] usb_pd_parser:654 - Section started 6.4.4.3.1.9.1 'HW Version Field' p184
2025-12-08 21:52:09,266 [INFO] usb_pd_parser:654 - Section started 6.4.4.3.1.9.2 'FW Version Field' p184
2025-12-08 21:52:09,266 [INFO] usb_pd_parser:654 - Section started 6.4.4.3.1.9.3 'VDO Version Field' p184
2025-12-08 21:52:09,266 [INFO] usb_pd_parser:654 - Section started 6.4.4.3.1.9.4 'Maximum V Voltage Field' p184
2025-12-08 21:52:09,460 [INFO] usb_pd_parser:654 - Section started 6.4.4.3.1.9.5 'V Impedance Field' p185
2025-12-08 21:52:09,460 [INFO] usb_pd_parser:654 - Section started 6.4.4.3.1.9.6 'Ground Impedance Field' p185
2025-12-08 21:52:09,460 [INFO] usb_pd_parser:654 - Section started 6.4.4.3.1.9.7 'Charge Through Field' p185
2025-12-08 21:52:10,205 [INFO] usb_pd_parser:654 - Section started 6.4.4.3.2 'Discover SVIDs' p186
2025-12-08 21:52:10,209 [INFO] usb_pd_parser:543 - Table detected Table 6.45 p186
2025-12-08 21:52:16,628 [INFO] usb_pd_parser:430 - Camelot extracted 2 tables on page 186
2025-12-08 21:52:16,628 [INFO] usb_pd_parser:573 - Detected Table 6.45 on page 186 (rows:3)
2025-12-08 21:52:16,628 [INFO] usb_pd_parser:573 - Detected Table 6.45 on page 186 (rows:2)
2025-12-08 21:52:16,628 [INFO] usb_pd_parser:590 - Figure detected Figure 6.18 p186
2025-12-08 21:52:16,694 [INFO] usb_pd_parser:397 - Smart text-aware crop saved for Figure 6.18 p186 -> output\figures\Figure_6.18_page_186_crop.png
2025-12-08 21:52:16,700 [INFO] usb_pd_parser:618 - Detected Figure 6.18 on page 186 (images:1)
2025-12-08 21:52:17,358 [INFO] usb_pd_parser:590 - Figure detected Figure 6.19 p187
2025-12-08 21:52:17,392 [INFO] usb_pd_parser:397 - Smart text-aware crop saved for Figure 6.19 p187 -> output\figures\Figure_6.19_page_187_crop.png
2025-12-08 21:52:17,392 [INFO] usb_pd_parser:618 - Detected Figure 6.19 on page 187 (images:1)
2025-12-08 21:52:17,407 [INFO] usb_pd_parser:590 - Figure detected Figure 6.20 p187
2025-12-08 21:52:17,506 [INFO] usb_pd_parser:397 - Smart text-aware crop saved for Figure 6.20 p187 -> output\figures\Figure_6.20_page_187_crop.png
2025-12-08 21:52:17,512 [INFO] usb_pd_parser:618 - Detected Figure 6.20 on page 187 (images:1)
2025-12-08 21:52:18,220 [INFO] usb_pd_parser:654 - Section started 6.4.4.3.3 'Discover Modes' p188
2025-12-08 21:52:18,220 [INFO] usb_pd_parser:590 - Figure detected Figure 6.21 p188
2025-12-08 21:52:18,268 [INFO] usb_pd_parser:397 - Smart text-aware crop saved for Figure 6.21 p188 -> output\figures\Figure_6.21_page_188_crop.png
2025-12-08 21:52:18,268 [INFO] usb_pd_parser:618 - Detected Figure 6.21 on page 188 (images:1)
2025-12-08 21:52:18,268 [INFO] usb_pd_parser:654 - Section started 6.4.4.3.4 'Enter Mode Command' p188
2025-12-08 21:52:18,675 [INFO] usb_pd_parser:590 - Figure detected Figure 6.22 p189
2025-12-08 21:52:18,757 [INFO] usb_pd_parser:397 - Smart text-aware crop saved for Figure 6.22 p189 -> output\figures\Figure_6.22_page_189_crop.png
2025-12-08 21:52:18,758 [INFO] usb_pd_parser:618 - Detected Figure 6.22 on page 189 (images:1)
2025-12-08 21:52:19,053 [INFO] usb_pd_parser:590 - Figure detected Figure 6.23 p190
2025-12-08 21:52:19,180 [INFO] usb_pd_parser:397 - Smart text-aware crop saved for Figure 6.23 p190 -> output\figures\Figure_6.23_page_190_crop.png
2025-12-08 21:52:19,180 [INFO] usb_pd_parser:618 - Detected Figure 6.23 on page 190 (images:1)
2025-12-08 21:52:19,180 [INFO] usb_pd_parser:654 - Section started 6.4.4.3.5 'Exit Mode Command' p190
2025-12-08 21:52:19,550 [INFO] usb_pd_parser:590 - Figure detected Figure 6.24 p191
2025-12-08 21:52:19,621 [INFO] usb_pd_parser:397 - Smart text-aware crop saved for Figure 6.24 p191 -> output\figures\Figure_6.24_page_191_crop.png
2025-12-08 21:52:19,631 [INFO] usb_pd_parser:618 - Detected Figure 6.24 on page 191 (images:1)
2025-12-08 21:52:19,631 [INFO] usb_pd_parser:654 - Section started 6.4.4.3.6 'Attention' p191
2025-12-08 21:52:19,791 [INFO] usb_pd_parser:590 - Figure detected Figure 6.25 p192
2025-12-08 21:52:19,848 [INFO] usb_pd_parser:397 - Smart text-aware crop saved for Figure 6.25 p192 -> output\figures\Figure_6.25_page_192_crop.png
2025-12-08 21:52:19,849 [INFO] usb_pd_parser:618 - Detected Figure 6.25 on page 192 (images:1)
2025-12-08 21:52:19,849 [INFO] usb_pd_parser:654 - Section started 6.4.4.4 'Command Processes' p192
2025-12-08 21:52:20,024 [INFO] usb_pd_parser:590 - Figure detected Figure 6.26 p193
2025-12-08 21:52:20,145 [INFO] usb_pd_parser:397 - Smart text-aware crop saved for Figure 6.26 p193 -> output\figures\Figure_6.26_page_193_crop.png
2025-12-08 21:52:20,148 [INFO] usb_pd_parser:618 - Detected Figure 6.26 on page 193 (images:1)
2025-12-08 21:52:20,474 [INFO] usb_pd_parser:654 - Section started 6.4.4.4.1 'Discovery Process' p194
2025-12-08 21:52:20,474 [INFO] usb_pd_parser:654 - Section started 6.4.4.4.2 'Enter Vendor Mode / Exit Vendor Mode Processes' p194
2025-12-08 21:52:20,667 [INFO] usb_pd_parser:590 - Figure detected Figure 6.27 p195
2025-12-08 21:52:20,786 [INFO] usb_pd_parser:397 - Smart text-aware crop saved for Figure 6.27 p195 -> output\figures\Figure_6.27_page_195_crop.png
2025-12-08 21:52:20,788 [INFO] usb_pd_parser:618 - Detected Figure 6.27 on page 195 (images:1)
2025-12-08 21:52:20,788 [INFO] usb_pd_parser:654 - Section started 6.4.4.5 'VDM Message Timing and Normal PD Messages' p195
2025-12-08 21:52:21,275 [INFO] usb_pd_parser:590 - Figure detected Figure 6.28 p196
2025-12-08 21:52:21,367 [INFO] usb_pd_parser:397 - Smart text-aware crop saved for Figure 6.28 p196 -> output\figures\Figure_6.28_page_196_crop.png
2025-12-08 21:52:21,374 [INFO] usb_pd_parser:618 - Detected Figure 6.28 on page 196 (images:1)
2025-12-08 21:52:21,374 [INFO] usb_pd_parser:543 - Table detected Table 6.46 p196
2025-12-08 21:52:27,054 [INFO] usb_pd_parser:430 - Camelot extracted 1 tables on page 196
2025-12-08 21:52:27,070 [INFO] usb_pd_parser:573 - Detected Table 6.46 on page 196 (rows:8)
2025-12-08 21:52:27,070 [INFO] usb_pd_parser:654 - Section started 6.4.5.1 'Battery Present Capacity' p196
2025-12-08 21:52:27,263 [INFO] usb_pd_parser:654 - Section started 6.4.5.2 'Battery Info' p197
2025-12-08 21:52:27,263 [INFO] usb_pd_parser:654 - Section started 6.4.5.2.1 'Invalid Battery Reference' p197
2025-12-08 21:52:27,263 [INFO] usb_pd_parser:654 - Section started 6.4.5.2.2 'Battery Present' p197
2025-12-08 21:52:27,263 [INFO] usb_pd_parser:654 - Section started 6.4.5.2.3 'Battery Charging Status' p197
2025-12-08 21:52:27,680 [INFO] usb_pd_parser:654 - Section started 6.4.6 'Alert Message' p198
2025-12-08 21:52:27,680 [INFO] usb_pd_parser:590 - Figure detected Figure 6.29 p198
2025-12-08 21:52:27,722 [INFO] usb_pd_parser:397 - Smart text-aware crop saved for Figure 6.29 p198 -> output\figures\Figure_6.29_page_198_crop.png
2025-12-08 21:52:27,722 [INFO] usb_pd_parser:618 - Detected Figure 6.29 on page 198 (images:1)
2025-12-08 21:52:27,722 [INFO] usb_pd_parser:543 - Table detected Table 6.47 p198
2025-12-08 21:52:32,484 [INFO] usb_pd_parser:430 - Camelot extracted 1 tables on page 198
2025-12-08 21:52:32,496 [INFO] usb_pd_parser:573 - Detected Table 6.47 on page 198 (rows:15)
2025-12-08 21:52:32,954 [INFO] usb_pd_parser:543 - Table detected Table 6.47 p199
2025-12-08 21:52:38,620 [INFO] usb_pd_parser:430 - Camelot extracted 1 tables on page 199
2025-12-08 21:52:38,629 [INFO] usb_pd_parser:573 - Detected Table 6.47 on page 199 (rows:3)
2025-12-08 21:52:38,629 [INFO] usb_pd_parser:654 - Section started 6.4.6.1 'Type of Alert' p199
2025-12-08 21:52:38,629 [INFO] usb_pd_parser:654 - Section started 6.4.6.1.1 'Battery Status Change' p199
2025-12-08 21:52:38,629 [INFO] usb_pd_parser:654 - Section started 6.4.6.1.2 'Over-Current Protection Event' p199
2025-12-08 21:52:38,629 [INFO] usb_pd_parser:654 - Section started 6.4.6.1.3 'Over-Temperature Protection Event' p199
2025-12-08 21:52:38,629 [INFO] usb_pd_parser:654 - Section started 6.4.6.1.4 'Operating Condition Change' p199
2025-12-08 21:52:38,629 [INFO] usb_pd_parser:654 - Section started 6.4.6.1.5 'Source Input Change Event' p199
2025-12-08 21:52:39,058 [INFO] usb_pd_parser:654 - Section started 6.4.6.1.6 'Over-Voltage Protection Event' p200
2025-12-08 21:52:39,058 [INFO] usb_pd_parser:654 - Section started 6.4.6.1.7 'Extended Alert Event' p200
2025-12-08 21:52:39,058 [INFO] usb_pd_parser:654 - Section started 6.4.6.2 'Fixed Batteries' p200
2025-12-08 21:52:39,058 [INFO] usb_pd_parser:654 - Section started 6.4.6.3 'Hot Swappable Batteries' p200
2025-12-08 21:52:39,058 [INFO] usb_pd_parser:654 - Section started 6.4.6.4 'Extended Alert Event Types' p200
2025-12-08 21:52:39,058 [INFO] usb_pd_parser:654 - Section started 6.4.6.4.1 'Power State Change' p200
2025-12-08 21:52:39,058 [INFO] usb_pd_parser:654 - Section started 6.4.6.4.2 'Power Button Press' p200
2025-12-08 21:52:39,058 [INFO] usb_pd_parser:654 - Section started 6.4.6.4.3 'Power Button Release' p200
2025-12-08 21:52:39,058 [INFO] usb_pd_parser:654 - Section started 6.4.6.4.4 'Controller Initiated Wake' p200
2025-12-08 21:52:39,346 [INFO] usb_pd_parser:590 - Figure detected Figure 6.30 p201
2025-12-08 21:52:39,374 [INFO] usb_pd_parser:397 - Smart text-aware crop saved for Figure 6.30 p201 -> output\figures\Figure_6.30_page_201_crop.png
2025-12-08 21:52:39,377 [INFO] usb_pd_parser:618 - Detected Figure 6.30 on page 201 (images:1)
2025-12-08 21:52:39,378 [INFO] usb_pd_parser:543 - Table detected Table 6.48 p201
2025-12-08 21:52:58,315 [INFO] usb_pd_parser:430 - Camelot extracted 1 tables on page 201
2025-12-08 21:52:58,327 [INFO] usb_pd_parser:573 - Detected Table 6.48 on page 201 (rows:4)
2025-12-08 21:52:59,849 [INFO] usb_pd_parser:590 - Figure detected Figure 6.31 p203
2025-12-08 21:52:59,903 [INFO] usb_pd_parser:397 - Smart text-aware crop saved for Figure 6.31 p203 -> output\figures\Figure_6.31_page_203_crop.png
2025-12-08 21:52:59,908 [INFO] usb_pd_parser:618 - Detected Figure 6.31 on page 203 (images:1)
2025-12-08 21:52:59,908 [INFO] usb_pd_parser:543 - Table detected Table 6.49 p203
2025-12-08 21:53:07,548 [INFO] usb_pd_parser:430 - Camelot extracted 1 tables on page 203
2025-12-08 21:53:07,560 [INFO] usb_pd_parser:573 - Detected Table 6.49 on page 203 (rows:16)
2025-12-08 21:53:08,142 [INFO] usb_pd_parser:654 - Section started 6.4.8.1 'USB Mode Field' p204
2025-12-08 21:53:08,142 [INFO] usb_pd_parser:654 - Section started 6.4.8.3 'USB3 DRD Field' p204
2025-12-08 21:53:08,142 [INFO] usb_pd_parser:654 - Section started 6.4.8.4 'Cable Speed Field' p204
2025-12-08 21:53:08,142 [INFO] usb_pd_parser:654 - Section started 6.4.8.5 'Cable Type Field' p204
2025-12-08 21:53:08,147 [INFO] usb_pd_parser:654 - Section started 6.4.8.6 'Cable Current Field' p204
2025-12-08 21:53:08,147 [INFO] usb_pd_parser:654 - Section started 6.4.8.7 'PCIe Support Field' p204
2025-12-08 21:53:08,150 [INFO] usb_pd_parser:654 - Section started 6.4.8.8 'DP Support Field' p204
2025-12-08 21:53:08,150 [INFO] usb_pd_parser:654 - Section started 6.4.8.9 'TBT Support Field' p204
2025-12-08 21:53:08,150 [INFO] usb_pd_parser:654 - Section started 6.4.8.10 'Host Present Field' p204
2025-12-08 21:53:08,787 [INFO] usb_pd_parser:590 - Figure detected Figure 6.32 p205
2025-12-08 21:53:09,014 [INFO] usb_pd_parser:397 - Smart text-aware crop saved for Figure 6.32 p205 -> output\figures\Figure_6.32_page_205_crop.png
2025-12-08 21:53:09,019 [INFO] usb_pd_parser:618 - Detected Figure 6.32 on page 205 (images:1)
2025-12-08 21:53:10,537 [INFO] usb_pd_parser:590 - Figure detected Figure 6.33 p206
2025-12-08 21:53:10,738 [INFO] usb_pd_parser:397 - Smart text-aware crop saved for Figure 6.33 p206 -> output\figures\Figure_6.33_page_206_crop.png
2025-12-08 21:53:10,743 [INFO] usb_pd_parser:618 - Detected Figure 6.33 on page 206 (images:1)
2025-12-08 21:53:10,745 [INFO] usb_pd_parser:543 - Table detected Table 6.50 p206
2025-12-08 21:53:26,106 [INFO] usb_pd_parser:430 - Camelot extracted 1 tables on page 206
2025-12-08 21:53:26,133 [INFO] usb_pd_parser:573 - Detected Table 6.50 on page 206 (rows:17)
2025-12-08 21:53:26,143 [INFO] usb_pd_parser:654 - Section started 6.4.10.1 'Process to enter EPR Mode' p206
2025-12-08 21:53:27,110 [INFO] usb_pd_parser:590 - Figure detected Figure 6.34 p208
2025-12-08 21:53:27,303 [INFO] usb_pd_parser:397 - Smart text-aware crop saved for Figure 6.34 p208 -> output\figures\Figure_6.34_page_208_crop.png
2025-12-08 21:53:27,303 [INFO] usb_pd_parser:618 - Detected Figure 6.34 on page 208 (images:1)
2025-12-08 21:53:29,284 [INFO] usb_pd_parser:654 - Section started 6.4.10.2 'Operation in EPR Mode' p210
2025-12-08 21:53:29,286 [INFO] usb_pd_parser:654 - Section started 6.4.10.3 'Exiting EPR Mode' p210
2025-12-08 21:53:29,286 [INFO] usb_pd_parser:654 - Section started 6.4.10.3.1 'Commanded Exit' p210
2025-12-08 21:53:29,286 [INFO] usb_pd_parser:654 - Section started 6.4.10.3.2 'Implicit Exit' p210
2025-12-08 21:53:29,868 [INFO] usb_pd_parser:654 - Section started 6.4.10.3.3 'Exits due to errors' p211
2025-12-08 21:53:31,257 [INFO] usb_pd_parser:590 - Figure detected Figure 6.35 p212
2025-12-08 21:53:31,378 [INFO] usb_pd_parser:397 - Smart text-aware crop saved for Figure 6.35 p212 -> output\figures\Figure_6.35_page_212_crop.png
2025-12-08 21:53:31,379 [INFO] usb_pd_parser:618 - Detected Figure 6.35 on page 212 (images:1)
2025-12-08 21:53:31,381 [INFO] usb_pd_parser:543 - Table detected Table 6.51 p212
2025-12-08 21:53:43,657 [INFO] usb_pd_parser:430 - Camelot extracted 1 tables on page 212
2025-12-08 21:53:43,689 [INFO] usb_pd_parser:573 - Detected Table 6.51 on page 212 (rows:6)
2025-12-08 21:53:43,698 [INFO] usb_pd_parser:654 - Section started 6.4.11.1 'Port Type Field' p212
2025-12-08 21:53:43,705 [INFO] usb_pd_parser:654 - Section started 6.4.11.2 'Port Maximum PDP Field' p212
2025-12-08 21:53:43,707 [INFO] usb_pd_parser:654 - Section started 6.4.11.3 'Port Present PDP Field' p212
2025-12-08 21:53:44,282 [INFO] usb_pd_parser:654 - Section started 6.4.11.4 'Port Reported PDP Field' p213
2025-12-08 21:53:45,044 [INFO] usb_pd_parser:654 - Section started 6.4.12 'Revision Message' p214
2025-12-08 21:53:45,053 [INFO] usb_pd_parser:590 - Figure detected Figure 6.36 p214
2025-12-08 21:53:45,132 [INFO] usb_pd_parser:397 - Smart text-aware crop saved for Figure 6.36 p214 -> output\figures\Figure_6.36_page_214_crop.png
2025-12-08 21:53:45,138 [INFO] usb_pd_parser:618 - Detected Figure 6.36 on page 214 (images:1)
2025-12-08 21:53:45,138 [INFO] usb_pd_parser:543 - Table detected Table 6.52 p214
2025-12-08 21:53:54,511 [INFO] usb_pd_parser:430 - Camelot extracted 1 tables on page 214
2025-12-08 21:53:54,522 [INFO] usb_pd_parser:573 - Detected Table 6.52 on page 214 (rows:6)
2025-12-08 21:53:55,237 [INFO] usb_pd_parser:654 - Section started 6.5 'Extended Message' p215
2025-12-08 21:53:55,237 [INFO] usb_pd_parser:543 - Table detected Table 6.53 p215
2025-12-08 21:54:07,951 [INFO] usb_pd_parser:430 - Camelot extracted 1 tables on page 215
2025-12-08 21:54:07,962 [INFO] usb_pd_parser:573 - Detected Table 6.53 on page 215 (rows:23)
2025-12-08 21:54:09,687 [INFO] usb_pd_parser:590 - Figure detected Figure 6.37 p216
2025-12-08 21:54:09,748 [INFO] usb_pd_parser:397 - Smart text-aware crop saved for Figure 6.37 p216 -> output\figures\Figure_6.37_page_216_crop.png
2025-12-08 21:54:09,748 [INFO] usb_pd_parser:618 - Detected Figure 6.37 on page 216 (images:1)
2025-12-08 21:54:09,748 [INFO] usb_pd_parser:543 - Table detected Table 6.54 p216
2025-12-08 21:54:16,139 [INFO] usb_pd_parser:430 - Camelot extracted 1 tables on page 216
2025-12-08 21:54:16,139 [INFO] usb_pd_parser:573 - Detected Table 6.54 on page 216 (rows:22)
2025-12-08 21:54:16,139 [INFO] usb_pd_parser:654 - Section started 2 'Product ID (assigned by the manufacturer)' p216
2025-12-08 21:54:16,139 [INFO] usb_pd_parser:654 - Section started 4 'Value provided by the USB-IF assigned to the product' p216
2025-12-08 21:54:16,139 [INFO] usb_pd_parser:654 - Section started 8 'Firmware version number' p216
2025-12-08 21:54:16,148 [INFO] usb_pd_parser:654 - Section started 9 'Hardware version number' p216
2025-12-08 21:54:16,148 [INFO] usb_pd_parser:654 - Section started 11 'Note: Should' p216
2025-12-08 21:54:16,150 [INFO] usb_pd_parser:654 - Section started 1 'PS1 compliant when set' p216
2025-12-08 21:54:16,150 [INFO] usb_pd_parser:654 - Section started 2 'PS2 compliant when set' p216
2025-12-08 21:54:16,151 [INFO] usb_pd_parser:654 - Section started 0 'Low touch current EPS when set' p216
2025-12-08 21:54:16,152 [INFO] usb_pd_parser:654 - Section started 1 'Ground pin supported when set' p216
2025-12-08 21:54:16,154 [INFO] usb_pd_parser:654 - Section started 2 'Ground pin intended for protective earth when set' p216
2025-12-08 21:54:16,626 [INFO] usb_pd_parser:543 - Table detected Table 6.54 p217
2025-12-08 21:54:21,922 [INFO] usb_pd_parser:430 - Camelot extracted 1 tables on page 217
2025-12-08 21:54:21,927 [INFO] usb_pd_parser:573 - Detected Table 6.54 on page 217 (rows:25)
2025-12-08 21:54:21,927 [INFO] usb_pd_parser:654 - Section started 6.5.1.1 'Vendor ID (VID) Field' p217
2025-12-08 21:54:22,383 [INFO] usb_pd_parser:654 - Section started 6.5.1.2 'Product ID (PID) Field' p218
2025-12-08 21:54:22,383 [INFO] usb_pd_parser:654 - Section started 6.5.1.3 'XID Field' p218
2025-12-08 21:54:22,383 [INFO] usb_pd_parser:654 - Section started 6.5.1.4 'Firmware Version Field' p218
2025-12-08 21:54:22,385 [INFO] usb_pd_parser:654 - Section started 6.5.1.5 'Hardware Version Field' p218
2025-12-08 21:54:22,385 [INFO] usb_pd_parser:654 - Section started 6.5.1.6 'Voltage Regulation Field' p218
2025-12-08 21:54:22,385 [INFO] usb_pd_parser:654 - Section started 6.5.1.6.1 'Load Step Slew Rate' p218
2025-12-08 21:54:22,387 [INFO] usb_pd_parser:654 - Section started 6.5.1.6.2 'Load Step Magnitude' p218
2025-12-08 21:54:22,387 [INFO] usb_pd_parser:654 - Section started 6.5.1.7 'Holdup Time Field' p218
2025-12-08 21:54:22,387 [INFO] usb_pd_parser:654 - Section started 6.5.1.8 'Compliance Field' p218
2025-12-08 21:54:22,387 [INFO] usb_pd_parser:654 - Section started 6.5.1.9 'Touch Current Field' p218
2025-12-08 21:54:22,387 [INFO] usb_pd_parser:654 - Section started 6.5.1.10 'Peak Current Field' p218
2025-12-08 21:54:22,843 [INFO] usb_pd_parser:654 - Section started 6.5.1.11 'Touch Temp Field' p219
2025-12-08 21:54:22,843 [INFO] usb_pd_parser:654 - Section started 6.5.1.12 'Source Inputs Field' p219
2025-12-08 21:54:22,843 [INFO] usb_pd_parser:654 - Section started 6.5.1.13 'Number of Batteries/Battery Slots Field' p219
2025-12-08 21:54:22,972 [INFO] usb_pd_parser:654 - Section started 6.5.1.14 'SPR Source PDP Rating Field' p220
2025-12-08 21:54:22,972 [INFO] usb_pd_parser:654 - Section started 6.5.1.15 'EPR Source PDP Rating Field' p220
2025-12-08 21:54:23,506 [INFO] usb_pd_parser:654 - Section started 6.5.2 'Status Message' p221
2025-12-08 21:54:23,508 [INFO] usb_pd_parser:654 - Section started 6.5.2.1 'SOP Status Message' p221
2025-12-08 21:54:23,508 [INFO] usb_pd_parser:590 - Figure detected Figure 6.38 p221
2025-12-08 21:54:23,538 [INFO] usb_pd_parser:397 - Smart text-aware crop saved for Figure 6.38 p221 -> output\figures\Figure_6.38_page_221_crop.png
2025-12-08 21:54:23,547 [INFO] usb_pd_parser:618 - Detected Figure 6.38 on page 221 (images:1)
2025-12-08 21:54:23,547 [INFO] usb_pd_parser:543 - Table detected Table 6.55 p221
2025-12-08 21:54:32,173 [INFO] usb_pd_parser:430 - Camelot extracted 1 tables on page 221
2025-12-08 21:54:32,178 [INFO] usb_pd_parser:573 - Detected Table 6.55 on page 221 (rows:10)
2025-12-08 21:54:32,178 [INFO] usb_pd_parser:654 - Section started 1 'External Power when set' p221
2025-12-08 21:54:32,178 [INFO] usb_pd_parser:654 - Section started 3 'Internal Power from when set' p221
2025-12-08 21:54:32,178 [INFO] usb_pd_parser:654 - Section started 4 'Internal Power from non- power source when set' p221
2025-12-08 21:54:32,396 [INFO] usb_pd_parser:543 - Table detected Table 6.55 p222
2025-12-08 21:54:38,348 [INFO] usb_pd_parser:430 - Camelot extracted 1 tables on page 222
2025-12-08 21:54:38,360 [INFO] usb_pd_parser:573 - Detected Table 6.55 on page 222 (rows:20)
2025-12-08 21:54:38,862 [INFO] usb_pd_parser:543 - Table detected Table 6.55 p223
2025-12-08 21:54:45,923 [INFO] usb_pd_parser:430 - Camelot extracted 1 tables on page 223
2025-12-08 21:54:45,923 [INFO] usb_pd_parser:573 - Detected Table 6.55 on page 223 (rows:20)
2025-12-08 21:54:45,923 [INFO] usb_pd_parser:654 - Section started 0 'Status not supported' p223
2025-12-08 21:54:45,923 [INFO] usb_pd_parser:654 - Section started 2 'Modern Standby' p223
2025-12-08 21:54:45,923 [INFO] usb_pd_parser:654 - Section started 0 'Off LED' p223
2025-12-08 21:54:45,939 [INFO] usb_pd_parser:654 - Section started 1 'On LED' p223
2025-12-08 21:54:45,939 [INFO] usb_pd_parser:654 - Section started 2 'Blinking LED' p223
2025-12-08 21:54:45,939 [INFO] usb_pd_parser:654 - Section started 3 'Breathing LED' p223
2025-12-08 21:54:45,939 [INFO] usb_pd_parser:654 - Section started 6.5.2.1.1 'Internal Temp Field' p223
2025-12-08 21:54:45,939 [INFO] usb_pd_parser:654 - Section started 6.5.2.1.2 'Present Input Field' p223
2025-12-08 21:54:45,939 [INFO] usb_pd_parser:654 - Section started 6.5.2.1.3 'Present Battery Input Field' p223
2025-12-08 21:54:46,268 [INFO] usb_pd_parser:654 - Section started 6.5.2.1.4 'Event Flags Field' p224
2025-12-08 21:54:46,268 [INFO] usb_pd_parser:654 - Section started 6.5.2.1.5 'Temperature Status Field' p224
2025-12-08 21:54:46,268 [INFO] usb_pd_parser:654 - Section started 6.5.2.1.6 'Power Status Field' p224
2025-12-08 21:54:46,546 [INFO] usb_pd_parser:654 - Section started 6.5.2.1.7 'Power state change' p225
2025-12-08 21:54:46,555 [INFO] usb_pd_parser:654 - Section started 6.5.2.1.7.1 'New power state' p225
2025-12-08 21:54:46,555 [INFO] usb_pd_parser:654 - Section started 6.5.2.1.7.2 'New power state indicator' p225
2025-12-08 21:54:47,252 [INFO] usb_pd_parser:590 - Figure detected Figure 6.39 p226
2025-12-08 21:54:47,332 [INFO] usb_pd_parser:397 - Smart text-aware crop saved for Figure 6.39 p226 -> output\figures\Figure_6.39_page_226_crop.png
2025-12-08 21:54:47,332 [INFO] usb_pd_parser:618 - Detected Figure 6.39 on page 226 (images:1)
2025-12-08 21:54:47,332 [INFO] usb_pd_parser:543 - Table detected Table 6.56 p226
2025-12-08 21:54:53,473 [INFO] usb_pd_parser:430 - Camelot extracted 1 tables on page 226
2025-12-08 21:54:53,473 [INFO] usb_pd_parser:573 - Detected Table 6.56 on page 226 (rows:5)
2025-12-08 21:54:53,482 [INFO] usb_pd_parser:654 - Section started 1 'Bit Field' p226
2025-12-08 21:54:53,484 [INFO] usb_pd_parser:654 - Section started 0 'Thermal Shutdown' p226
2025-12-08 21:54:53,484 [INFO] usb_pd_parser:654 - Section started 6.5.2.2.1 'Internal Temp Field' p226
2025-12-08 21:54:53,484 [INFO] usb_pd_parser:654 - Section started 6.5.2.2.2 'Thermal Shutdown Field' p226
2025-12-08 21:54:54,085 [INFO] usb_pd_parser:590 - Figure detected Figure 6.40 p227
2025-12-08 21:54:54,149 [INFO] usb_pd_parser:397 - Smart text-aware crop saved for Figure 6.40 p227 -> output\figures\Figure_6.40_page_227_crop.png
2025-12-08 21:54:54,157 [INFO] usb_pd_parser:618 - Detected Figure 6.40 on page 227 (images:1)
2025-12-08 21:54:54,157 [INFO] usb_pd_parser:543 - Table detected Table 6.57 p227
2025-12-08 21:54:59,849 [INFO] usb_pd_parser:430 - Camelot extracted 2 tables on page 227
2025-12-08 21:54:59,855 [INFO] usb_pd_parser:573 - Detected Table 6.57 on page 227 (rows:2)
2025-12-08 21:54:59,855 [INFO] usb_pd_parser:573 - Detected Table 6.57 on page 227 (rows:2)
2025-12-08 21:54:59,855 [INFO] usb_pd_parser:590 - Figure detected Figure 6.41 p227
2025-12-08 21:54:59,893 [INFO] usb_pd_parser:397 - Smart text-aware crop saved for Figure 6.41 p227 -> output\figures\Figure_6.41_page_227_crop.png
2025-12-08 21:54:59,893 [INFO] usb_pd_parser:618 - Detected Figure 6.41 on page 227 (images:1)
2025-12-08 21:54:59,893 [INFO] usb_pd_parser:543 - Table detected Table 6.58 p227
2025-12-08 21:55:06,255 [INFO] usb_pd_parser:430 - Camelot extracted 2 tables on page 227
2025-12-08 21:55:06,267 [INFO] usb_pd_parser:573 - Detected Table 6.58 on page 227 (rows:2)
2025-12-08 21:55:06,267 [INFO] usb_pd_parser:573 - Detected Table 6.58 on page 227 (rows:2)
2025-12-08 21:55:06,953 [INFO] usb_pd_parser:590 - Figure detected Figure 6.42 p228
2025-12-08 21:55:07,077 [INFO] usb_pd_parser:397 - Smart text-aware crop saved for Figure 6.42 p228 -> output\figures\Figure_6.42_page_228_crop.png
2025-12-08 21:55:07,079 [INFO] usb_pd_parser:618 - Detected Figure 6.42 on page 228 (images:1)
2025-12-08 21:55:07,081 [INFO] usb_pd_parser:543 - Table detected Table 6.59 p228
2025-12-08 21:55:12,970 [INFO] usb_pd_parser:430 - Camelot extracted 1 tables on page 228
2025-12-08 21:55:12,970 [INFO] usb_pd_parser:573 - Detected Table 6.59 on page 228 (rows:8)
2025-12-08 21:55:12,970 [INFO] usb_pd_parser:654 - Section started 2 'Product ID (assigned by the manufacturer)' p228
2025-12-08 21:55:12,970 [INFO] usb_pd_parser:654 - Section started 6.5.5.1 'Vendor ID (VID)' p228
2025-12-08 21:55:12,984 [INFO] usb_pd_parser:654 - Section started 6.5.5.2 'Product ID (PID)' p228
2025-12-08 21:55:13,278 [INFO] usb_pd_parser:654 - Section started 6.5.5.3 'Battery Design Capacity Field' p229
2025-12-08 21:55:13,278 [INFO] usb_pd_parser:654 - Section started 6.5.5.4 'Battery Last Full Charge Capacity Field' p229
2025-12-08 21:55:13,278 [INFO] usb_pd_parser:654 - Section started 6.5.5.5 'Battery Type Field' p229
2025-12-08 21:55:13,278 [INFO] usb_pd_parser:654 - Section started 6.5.5.5.1 'Invalid Battery Reference' p229
2025-12-08 21:55:13,817 [INFO] usb_pd_parser:590 - Figure detected Figure 6.43 p230
2025-12-08 21:55:13,854 [INFO] usb_pd_parser:397 - Smart text-aware crop saved for Figure 6.43 p230 -> output\figures\Figure_6.43_page_230_crop.png
2025-12-08 21:55:13,854 [INFO] usb_pd_parser:618 - Detected Figure 6.43 on page 230 (images:1)
2025-12-08 21:55:13,854 [INFO] usb_pd_parser:543 - Table detected Table 6.60 p230
2025-12-08 21:55:19,705 [INFO] usb_pd_parser:430 - Camelot extracted 1 tables on page 230
2025-12-08 21:55:19,705 [INFO] usb_pd_parser:573 - Detected Table 6.60 on page 230 (rows:3)
2025-12-08 21:55:20,210 [INFO] usb_pd_parser:590 - Figure detected Figure 6.44 p231
2025-12-08 21:55:20,282 [INFO] usb_pd_parser:397 - Smart text-aware crop saved for Figure 6.44 p231 -> output\figures\Figure_6.44_page_231_crop.png
2025-12-08 21:55:20,282 [INFO] usb_pd_parser:618 - Detected Figure 6.44 on page 231 (images:1)
2025-12-08 21:55:20,282 [INFO] usb_pd_parser:543 - Table detected Table 6.61 p231
2025-12-08 21:55:25,283 [INFO] usb_pd_parser:430 - Camelot extracted 1 tables on page 231
2025-12-08 21:55:25,283 [INFO] usb_pd_parser:573 - Detected Table 6.61 on page 231 (rows:4)
2025-12-08 21:55:25,283 [INFO] usb_pd_parser:654 - Section started 2 'Product ID (assigned by the manufacturer)' p231
2025-12-08 21:55:25,283 [INFO] usb_pd_parser:654 - Section started 6.5.7.1 'Vendor ID (VID)' p231
2025-12-08 21:55:25,283 [INFO] usb_pd_parser:654 - Section started 6.5.7.2 'Product ID (PID)' p231
2025-12-08 21:55:25,460 [INFO] usb_pd_parser:654 - Section started 6.5.7.3 'Manufacturer String' p232
2025-12-08 21:55:26,057 [INFO] usb_pd_parser:654 - Section started 6.5.8 'Security Messages' p233
2025-12-08 21:55:26,057 [INFO] usb_pd_parser:590 - Figure detected Figure 6.45 p233
2025-12-08 21:55:26,097 [INFO] usb_pd_parser:397 - Smart text-aware crop saved for Figure 6.45 p233 -> output\figures\Figure_6.45_page_233_crop.png
2025-12-08 21:55:26,097 [INFO] usb_pd_parser:618 - Detected Figure 6.45 on page 233 (images:1)
2025-12-08 21:55:26,097 [INFO] usb_pd_parser:590 - Figure detected Figure 6.46 p233
2025-12-08 21:55:26,135 [INFO] usb_pd_parser:397 - Smart text-aware crop saved for Figure 6.46 p233 -> output\figures\Figure_6.46_page_233_crop.png
2025-12-08 21:55:26,144 [INFO] usb_pd_parser:618 - Detected Figure 6.46 on page 233 (images:1)
2025-12-08 21:55:26,601 [INFO] usb_pd_parser:654 - Section started 6.5.9 'Firmware Update Messages' p234
2025-12-08 21:55:26,601 [INFO] usb_pd_parser:590 - Figure detected Figure 6.47 p234
2025-12-08 21:55:26,632 [INFO] usb_pd_parser:397 - Smart text-aware crop saved for Figure 6.47 p234 -> output\figures\Figure_6.47_page_234_crop.png
2025-12-08 21:55:26,632 [INFO] usb_pd_parser:618 - Detected Figure 6.47 on page 234 (images:1)
2025-12-08 21:55:26,649 [INFO] usb_pd_parser:590 - Figure detected Figure 6.48 p234
2025-12-08 21:55:26,704 [INFO] usb_pd_parser:397 - Smart text-aware crop saved for Figure 6.48 p234 -> output\figures\Figure_6.48_page_234_crop.png
2025-12-08 21:55:26,704 [INFO] usb_pd_parser:618 - Detected Figure 6.48 on page 234 (images:1)
2025-12-08 21:55:27,316 [INFO] usb_pd_parser:590 - Figure detected Figure 6.49 p235
2025-12-08 21:55:27,406 [INFO] usb_pd_parser:397 - Smart text-aware crop saved for Figure 6.49 p235 -> output\figures\Figure_6.49_page_235_crop.png
2025-12-08 21:55:27,406 [INFO] usb_pd_parser:618 - Detected Figure 6.49 on page 235 (images:1)
2025-12-08 21:55:27,406 [INFO] usb_pd_parser:543 - Table detected Table 6.62 p235
2025-12-08 21:55:33,159 [INFO] usb_pd_parser:430 - Camelot extracted 1 tables on page 235
2025-12-08 21:55:33,162 [INFO] usb_pd_parser:573 - Detected Table 6.62 on page 235 (rows:10)
2025-12-08 21:55:33,162 [INFO] usb_pd_parser:654 - Section started 6.5.10.1 'Output Voltage Field' p235
2025-12-08 21:55:33,162 [INFO] usb_pd_parser:654 - Section started 6.5.10.2 'Output Current Field' p235
2025-12-08 21:55:33,318 [INFO] usb_pd_parser:654 - Section started 6.5.10.3 'Real Time Flags Field' p236
2025-12-08 21:55:33,743 [INFO] usb_pd_parser:590 - Figure detected Figure 6.50 p237
2025-12-08 21:55:33,836 [INFO] usb_pd_parser:397 - Smart text-aware crop saved for Figure 6.50 p237 -> output\figures\Figure_6.50_page_237_crop.png
2025-12-08 21:55:33,838 [INFO] usb_pd_parser:618 - Detected Figure 6.50 on page 237 (images:1)
2025-12-08 21:55:33,838 [INFO] usb_pd_parser:543 - Table detected Table 6.63 p237
2025-12-08 21:55:38,522 [INFO] usb_pd_parser:430 - Camelot extracted 1 tables on page 237
2025-12-08 21:55:38,538 [INFO] usb_pd_parser:573 - Detected Table 6.63 on page 237 (rows:10)
2025-12-08 21:55:38,538 [INFO] usb_pd_parser:654 - Section started 0 'Number of country codes in the' p237
2025-12-08 21:55:38,538 [INFO] usb_pd_parser:654 - Section started 1 'Country Code' p237
2025-12-08 21:55:38,538 [INFO] usb_pd_parser:654 - Section started 2 'Country Code' p237
2025-12-08 21:55:38,538 [INFO] usb_pd_parser:654 - Section started 6.5.11.1 'Country Code Field' p237
2025-12-08 21:55:39,023 [INFO] usb_pd_parser:590 - Figure detected Figure 6.51 p238
2025-12-08 21:55:39,078 [INFO] usb_pd_parser:397 - Smart text-aware crop saved for Figure 6.51 p238 -> output\figures\Figure_6.51_page_238_crop.png
2025-12-08 21:55:39,080 [INFO] usb_pd_parser:618 - Detected Figure 6.51 on page 238 (images:1)
2025-12-08 21:55:39,081 [INFO] usb_pd_parser:543 - Table detected Table 6.64 p238
2025-12-08 21:55:44,022 [INFO] usb_pd_parser:430 - Camelot extracted 1 tables on page 238
2025-12-08 21:55:44,022 [INFO] usb_pd_parser:573 - Detected Table 6.64 on page 238 (rows:5)
2025-12-08 21:55:44,022 [INFO] usb_pd_parser:654 - Section started 6.5.12.1 'Country Code Field' p238
2025-12-08 21:55:44,022 [INFO] usb_pd_parser:654 - Section started 6.5.12.2 'Country Specific Data Field' p238
2025-12-08 21:55:44,551 [INFO] usb_pd_parser:590 - Figure detected Figure 6.52 p239
2025-12-08 21:55:44,595 [INFO] usb_pd_parser:397 - Smart text-aware crop saved for Figure 6.52 p239 -> output\figures\Figure_6.52_page_239_crop.png
2025-12-08 21:55:44,595 [INFO] usb_pd_parser:618 - Detected Figure 6.52 on page 239 (images:1)
2025-12-08 21:55:44,595 [INFO] usb_pd_parser:543 - Table detected Table 6.65 p239
2025-12-08 21:55:50,545 [INFO] usb_pd_parser:430 - Camelot extracted 1 tables on page 239
2025-12-08 21:55:50,562 [INFO] usb_pd_parser:573 - Detected Table 6.65 on page 239 (rows:20)
2025-12-08 21:55:50,562 [INFO] usb_pd_parser:654 - Section started 15 'Can tolerate voltage droop' p239
2025-12-08 21:55:50,562 [INFO] usb_pd_parser:654 - Section started 0 'Requires when set' p239
2025-12-08 21:55:50,562 [INFO] usb_pd_parser:654 - Section started 1 'Requires PS1 when set' p239
2025-12-08 21:55:50,562 [INFO] usb_pd_parser:654 - Section started 2 'Requires PS2 when set' p239
2025-12-08 21:55:51,054 [INFO] usb_pd_parser:543 - Table detected Table 6.65 p240
2025-12-08 21:55:56,263 [INFO] usb_pd_parser:430 - Camelot extracted 1 tables on page 240
2025-12-08 21:55:56,272 [INFO] usb_pd_parser:573 - Detected Table 6.65 on page 240 (rows:23)
2025-12-08 21:55:56,279 [INFO] usb_pd_parser:654 - Section started 5 'Support' p240
2025-12-08 21:55:56,279 [INFO] usb_pd_parser:654 - Section started 1 'Byte its lowest functionality without consuming power from its' p240
2025-12-08 21:55:56,279 [INFO] usb_pd_parser:654 - Section started 6.5.13.1 'Vendor ID (VID) Field' p240
2025-12-08 21:55:56,279 [INFO] usb_pd_parser:654 - Section started 6.5.13.2 'Product ID (PID) Field' p240
2025-12-08 21:55:56,679 [INFO] usb_pd_parser:654 - Section started 6.5.13.3 'XID Field' p241
2025-12-08 21:55:56,679 [INFO] usb_pd_parser:654 - Section started 6.5.13.4 'Firmware Version Field' p241
2025-12-08 21:55:56,679 [INFO] usb_pd_parser:654 - Section started 6.5.13.5 'Hardware Version Field' p241
2025-12-08 21:55:56,679 [INFO] usb_pd_parser:654 - Section started 6.5.13.6 'SKEDB Version Field' p241
2025-12-08 21:55:56,679 [INFO] usb_pd_parser:654 - Section started 6.5.13.7 'Load Step Field' p241
2025-12-08 21:55:56,679 [INFO] usb_pd_parser:654 - Section started 6.5.13.8 'Sink Load Characteristics Field' p241
2025-12-08 21:55:56,679 [INFO] usb_pd_parser:654 - Section started 6.5.13.9 'Compliance Field' p241
2025-12-08 21:55:56,679 [INFO] usb_pd_parser:654 - Section started 6.5.13.10 'Touch Temp' p241
2025-12-08 21:55:56,679 [INFO] usb_pd_parser:654 - Section started 6.5.13.11 'Battery Info' p241
2025-12-08 21:55:57,206 [INFO] usb_pd_parser:654 - Section started 6.5.13.12 'Sink Modes' p242
2025-12-08 21:55:57,206 [INFO] usb_pd_parser:654 - Section started 6.5.13.13 'SPR Sink Minimum PDP' p242
2025-12-08 21:55:57,206 [INFO] usb_pd_parser:654 - Section started 6.5.13.14 'SPR Sink Operational PDP' p242
2025-12-08 21:55:57,769 [INFO] usb_pd_parser:654 - Section started 6.5.13.15 'SPR Sink Maximum PDP' p243
2025-12-08 21:55:57,785 [INFO] usb_pd_parser:654 - Section started 6.5.13.16 'EPR Sink Minimum PDP' p243
2025-12-08 21:55:57,785 [INFO] usb_pd_parser:654 - Section started 6.5.13.17 'EPR Sink Operational PDP' p243
2025-12-08 21:55:57,785 [INFO] usb_pd_parser:654 - Section started 6.5.13.18 'EPR Sink Maximum PDP' p243
2025-12-08 21:55:58,684 [INFO] usb_pd_parser:590 - Figure detected Figure 6.53 p244
2025-12-08 21:55:58,806 [INFO] usb_pd_parser:397 - Smart text-aware crop saved for Figure 6.53 p244 -> output\figures\Figure_6.53_page_244_crop.png
2025-12-08 21:55:58,806 [INFO] usb_pd_parser:618 - Detected Figure 6.53 on page 244 (images:1)
2025-12-08 21:55:58,806 [INFO] usb_pd_parser:543 - Table detected Table 6.66 p244
2025-12-08 21:56:05,817 [INFO] usb_pd_parser:430 - Camelot extracted 1 tables on page 244
2025-12-08 21:56:05,825 [INFO] usb_pd_parser:573 - Detected Table 6.66 on page 244 (rows:7)
2025-12-08 21:56:05,828 [INFO] usb_pd_parser:654 - Section started 0 'Type Unsigned Int Type' p244
2025-12-08 21:56:05,828 [INFO] usb_pd_parser:654 - Section started 1 'Data Byte' p244
2025-12-08 21:56:05,828 [INFO] usb_pd_parser:543 - Table detected Table 6.67 p244
2025-12-08 21:56:12,083 [INFO] usb_pd_parser:430 - Camelot extracted 1 tables on page 244
2025-12-08 21:56:12,083 [INFO] usb_pd_parser:573 - Detected Table 6.67 on page 244 (rows:7)
2025-12-08 21:56:12,083 [INFO] usb_pd_parser:654 - Section started 2 'Not used or See only' p244
2025-12-08 21:56:12,083 [INFO] usb_pd_parser:654 - Section started 3 'Not used See only' p244
2025-12-08 21:56:12,083 [INFO] usb_pd_parser:654 - Section started 4 'Not Used See only' p244
2025-12-08 21:56:12,601 [INFO] usb_pd_parser:654 - Section started 6.5.15 'EPR Capabilities Message' p245
2025-12-08 21:56:12,601 [INFO] usb_pd_parser:654 - Section started 6.5.15.1 'EPR Capabilities Message Construction' p245
2025-12-08 21:56:12,601 [INFO] usb_pd_parser:590 - Figure detected Figure 6.54 p245
2025-12-08 21:56:12,715 [INFO] usb_pd_parser:397 - Smart text-aware crop saved for Figure 6.54 p245 -> output\figures\Figure_6.54_page_245_crop.png
2025-12-08 21:56:12,715 [INFO] usb_pd_parser:618 - Detected Figure 6.54 on page 245 (images:1)
2025-12-08 21:56:13,051 [INFO] usb_pd_parser:590 - Figure detected Figure 6.55 p246
2025-12-08 21:56:13,116 [INFO] usb_pd_parser:397 - Smart text-aware crop saved for Figure 6.55 p246 -> output\figures\Figure_6.55_page_246_crop.png
2025-12-08 21:56:13,116 [INFO] usb_pd_parser:618 - Detected Figure 6.55 on page 246 (images:1)
2025-12-08 21:56:13,805 [INFO] usb_pd_parser:590 - Figure detected Figure 6.56 p247
2025-12-08 21:56:13,939 [INFO] usb_pd_parser:397 - Smart text-aware crop saved for Figure 6.56 p247 -> output\figures\Figure_6.56_page_247_crop.png
2025-12-08 21:56:13,940 [INFO] usb_pd_parser:618 - Detected Figure 6.56 on page 247 (images:1)
2025-12-08 21:56:14,801 [INFO] usb_pd_parser:654 - Section started 6.6 'Timers' p249
2025-12-08 21:56:14,801 [INFO] usb_pd_parser:654 - Section started 6.6.1 'CRCReceiveTimer' p249
2025-12-08 21:56:14,801 [INFO] usb_pd_parser:654 - Section started 6.6.2 'SenderResponseTimer' p249
2025-12-08 21:56:14,801 [INFO] usb_pd_parser:654 - Section started 6.6.3 'Capability Timers' p249
2025-12-08 21:56:15,518 [INFO] usb_pd_parser:654 - Section started 6.6.3.1 'SourceCapabilityTimer' p250
2025-12-08 21:56:15,520 [INFO] usb_pd_parser:654 - Section started 6.6.3.2 'SinkWaitCapTimer' p250
2025-12-08 21:56:16,282 [INFO] usb_pd_parser:654 - Section started 6.6.4 'Wait Timers and Times' p251
2025-12-08 21:56:16,282 [INFO] usb_pd_parser:654 - Section started 6.6.4.1 'SinkRequestTimer' p251
2025-12-08 21:56:16,282 [INFO] usb_pd_parser:654 - Section started 6.6.5 'Power Supply Timers' p251
2025-12-08 21:56:17,166 [INFO] usb_pd_parser:654 - Section started 6.6.5.1 'PSTransitionTimer' p252
2025-12-08 21:56:17,168 [INFO] usb_pd_parser:654 - Section started 6.6.5.2 'PSSourceOffTimer' p252
2025-12-08 21:56:17,168 [INFO] usb_pd_parser:654 - Section started 6.6.5.2.1 'Use during Power Role Swap' p252
2025-12-08 21:56:17,168 [INFO] usb_pd_parser:654 - Section started 6.6.5.2.2 'Use during Fast Role Swap' p252
2025-12-08 21:56:17,172 [INFO] usb_pd_parser:654 - Section started 6.6.5.3 'PSSourceOnTimer' p252
2025-12-08 21:56:17,172 [INFO] usb_pd_parser:654 - Section started 6.6.5.3.1 'Use during Power Role Swap' p252
2025-12-08 21:56:17,770 [INFO] usb_pd_parser:654 - Section started 6.6.5.3.2 'Use during Fast Role Swap' p253
2025-12-08 21:56:17,770 [INFO] usb_pd_parser:654 - Section started 6.6.6 'NoResponseTimer' p253
2025-12-08 21:56:17,770 [INFO] usb_pd_parser:654 - Section started 6.6.7 'BIST Timers' p253
2025-12-08 21:56:18,494 [INFO] usb_pd_parser:654 - Section started 6.6.7.2 'BISTContModeTimer' p254
2025-12-08 21:56:18,494 [INFO] usb_pd_parser:654 - Section started 6.6.8 'Power Role Swap Timers' p254
2025-12-08 21:56:18,494 [INFO] usb_pd_parser:654 - Section started 6.6.8.1 'SwapSourceStartTimer' p254
2025-12-08 21:56:18,494 [INFO] usb_pd_parser:654 - Section started 6.6.9 'Soft Reset Timers' p254
2025-12-08 21:56:18,494 [INFO] usb_pd_parser:654 - Section started 6.6.10 'Data Reset Timers' p254
2025-12-08 21:56:18,494 [INFO] usb_pd_parser:654 - Section started 6.6.10.1 'VCONNDischargeTimer' p254
2025-12-08 21:56:19,003 [INFO] usb_pd_parser:654 - Section started 6.6.10.3 'DataResetFailTimer' p255
2025-12-08 21:56:19,003 [INFO] usb_pd_parser:654 - Section started 6.6.10.4 'DataResetFailUFPTimer' p255
2025-12-08 21:56:19,003 [INFO] usb_pd_parser:654 - Section started 6.6.11 'Hard Reset Timers' p255
2025-12-08 21:56:19,003 [INFO] usb_pd_parser:654 - Section started 6.6.11.1 'HardResetCompleteTimer' p255
2025-12-08 21:56:19,003 [INFO] usb_pd_parser:654 - Section started 6.6.11.2 'PSHardResetTimer' p255
2025-12-08 21:56:19,003 [INFO] usb_pd_parser:654 - Section started 6.6.12 'Structured VDM Timers' p255
2025-12-08 21:56:19,019 [INFO] usb_pd_parser:654 - Section started 6.6.12.1 'VDMResponseTimer' p255
2025-12-08 21:56:19,581 [INFO] usb_pd_parser:654 - Section started 6.6.12.2 'VDMModeEntryTimer' p256
2025-12-08 21:56:19,581 [INFO] usb_pd_parser:654 - Section started 6.6.12.3 'VDMModeExitTimer' p256
2025-12-08 21:56:19,999 [INFO] usb_pd_parser:654 - Section started 6.6.13 'V Timers' p257
2025-12-08 21:56:19,999 [INFO] usb_pd_parser:654 - Section started 6.6.13.1 'V OnTimer' p257
2025-12-08 21:56:20,002 [INFO] usb_pd_parser:654 - Section started 6.6.15 'DiscoverIdentityTimer' p257
2025-12-08 21:56:20,002 [INFO] usb_pd_parser:654 - Section started 6.6.16 'Collision Avoidance Timers' p257
2025-12-08 21:56:20,002 [INFO] usb_pd_parser:654 - Section started 6.6.16.1 'SinkTxTimer' p257
2025-12-08 21:56:20,411 [INFO] usb_pd_parser:654 - Section started 6.6.17 'Fast Role Swap Timers' p258
2025-12-08 21:56:20,421 [INFO] usb_pd_parser:654 - Section started 6.6.18 'Chunking Timers' p258
2025-12-08 21:56:20,421 [INFO] usb_pd_parser:654 - Section started 6.6.18.1 'ChunkingNotSupportedTimer' p258
2025-12-08 21:56:20,421 [INFO] usb_pd_parser:654 - Section started 6.6.18.2 'ChunkSenderRequestTimer' p258
2025-12-08 21:56:20,949 [INFO] usb_pd_parser:654 - Section started 6.6.18.3 'ChunkSenderResponseTimer' p259
2025-12-08 21:56:20,949 [INFO] usb_pd_parser:654 - Section started 6.6.19 'Programmable Power Supply Timers' p259
2025-12-08 21:56:20,953 [INFO] usb_pd_parser:654 - Section started 6.6.19.1 'SinkPPSPeriodicTimer' p259
2025-12-08 21:56:20,953 [INFO] usb_pd_parser:654 - Section started 6.6.19.2 'SourcePPSCommTimer' p259
2025-12-08 21:56:21,461 [INFO] usb_pd_parser:654 - Section started 6.6.21 'EPR Timers' p260
2025-12-08 21:56:21,461 [INFO] usb_pd_parser:654 - Section started 6.6.21.1 'SinkEPREnterTimer Timer' p260
2025-12-08 21:56:21,461 [INFO] usb_pd_parser:654 - Section started 6.6.21.2 'SinkEPRKeepAlive Timer' p260
2025-12-08 21:56:21,461 [INFO] usb_pd_parser:654 - Section started 6.6.21.3 'SourceEPRKeepAlive Timer' p260
2025-12-08 21:56:22,049 [INFO] usb_pd_parser:654 - Section started 6.6.22 'Time Values and Timers' p262
2025-12-08 21:56:22,051 [INFO] usb_pd_parser:543 - Table detected Table 6.68 p262
2025-12-08 21:56:27,925 [INFO] usb_pd_parser:430 - Camelot extracted 1 tables on page 262
2025-12-08 21:56:27,941 [INFO] usb_pd_parser:573 - Detected Table 6.68 on page 262 (rows:37)
2025-12-08 21:56:28,270 [INFO] usb_pd_parser:543 - Table detected Table 6.68 p263
2025-12-08 21:56:33,255 [INFO] usb_pd_parser:430 - Camelot extracted 1 tables on page 263
2025-12-08 21:56:33,266 [INFO] usb_pd_parser:573 - Detected Table 6.68 on page 263 (rows:34)
2025-12-08 21:56:33,667 [INFO] usb_pd_parser:543 - Table detected Table 6.69 p264
2025-12-08 21:56:39,600 [INFO] usb_pd_parser:430 - Camelot extracted 1 tables on page 264
2025-12-08 21:56:39,616 [INFO] usb_pd_parser:573 - Detected Table 6.69 on page 264 (rows:31)
2025-12-08 21:56:40,087 [INFO] usb_pd_parser:654 - Section started 6.7 'Counters' p265
2025-12-08 21:56:40,087 [INFO] usb_pd_parser:654 - Section started 6.7.1 'MessageID Counter' p265
2025-12-08 21:56:40,087 [INFO] usb_pd_parser:654 - Section started 6.7.1.1 'Transmitter Usage' p265
2025-12-08 21:56:40,087 [INFO] usb_pd_parser:654 - Section started 6.7.1.2 'Receiver Usage' p265
2025-12-08 21:56:40,087 [INFO] usb_pd_parser:654 - Section started 6.7.2 'Retry Counter' p265
2025-12-08 21:56:40,538 [INFO] usb_pd_parser:654 - Section started 6.7.3 'Hard Reset Counter' p266
2025-12-08 21:56:40,538 [INFO] usb_pd_parser:654 - Section started 6.7.4 'Capabilities Counter' p266
2025-12-08 21:56:40,538 [INFO] usb_pd_parser:654 - Section started 6.7.5 'Discover Identity Counter' p266
2025-12-08 21:56:40,538 [INFO] usb_pd_parser:654 - Section started 6.7.6 'VDMBusyCounter' p266
2025-12-08 21:56:40,708 [INFO] usb_pd_parser:654 - Section started 6.7.7 'Counter Values and Counters' p267
2025-12-08 21:56:40,708 [INFO] usb_pd_parser:543 - Table detected Table 6.70 p267
2025-12-08 21:56:45,277 [INFO] usb_pd_parser:430 - Camelot extracted 2 tables on page 267
2025-12-08 21:56:45,291 [INFO] usb_pd_parser:573 - Detected Table 6.70 on page 267 (rows:7)
2025-12-08 21:56:45,291 [INFO] usb_pd_parser:573 - Detected Table 6.70 on page 267 (rows:7)
2025-12-08 21:56:45,291 [INFO] usb_pd_parser:543 - Table detected Table 6.71 p267
2025-12-08 21:56:49,751 [INFO] usb_pd_parser:430 - Camelot extracted 2 tables on page 267
2025-12-08 21:56:49,751 [INFO] usb_pd_parser:573 - Detected Table 6.71 on page 267 (rows:7)
2025-12-08 21:56:49,751 [INFO] usb_pd_parser:573 - Detected Table 6.71 on page 267 (rows:7)
2025-12-08 21:56:50,123 [INFO] usb_pd_parser:654 - Section started 6.8 'Reset' p268
2025-12-08 21:56:50,123 [INFO] usb_pd_parser:654 - Section started 6.8.1 'Soft Reset and Protocol Error' p268
2025-12-08 21:56:50,589 [INFO] usb_pd_parser:543 - Table detected Table 6.72 p269
2025-12-08 21:56:57,146 [INFO] usb_pd_parser:430 - Camelot extracted 2 tables on page 269
2025-12-08 21:56:57,151 [INFO] usb_pd_parser:573 - Detected Table 6.72 on page 269 (rows:11)
2025-12-08 21:56:57,151 [INFO] usb_pd_parser:573 - Detected Table 6.72 on page 269 (rows:4)
2025-12-08 21:56:57,151 [INFO] usb_pd_parser:543 - Table detected Table 6.73 p269
2025-12-08 21:57:02,361 [INFO] usb_pd_parser:430 - Camelot extracted 2 tables on page 269
2025-12-08 21:57:02,361 [INFO] usb_pd_parser:573 - Detected Table 6.73 on page 269 (rows:11)
2025-12-08 21:57:02,361 [INFO] usb_pd_parser:573 - Detected Table 6.73 on page 269 (rows:4)
2025-12-08 21:57:02,916 [INFO] usb_pd_parser:654 - Section started 6.8.2 'Data Reset' p270
2025-12-08 21:57:02,918 [INFO] usb_pd_parser:654 - Section started 6.8.3 'Hard Reset' p270
2025-12-08 21:57:03,238 [INFO] usb_pd_parser:654 - Section started 6.8.3.1 'Cable Plugs and Hard Reset' p271
2025-12-08 21:57:03,240 [INFO] usb_pd_parser:654 - Section started 6.8.3.2 'Modal Operation and Hard Reset' p271
2025-12-08 21:57:03,240 [INFO] usb_pd_parser:654 - Section started 6.8.4 'Cable Reset' p271
2025-12-08 21:57:03,384 [INFO] usb_pd_parser:654 - Section started 6.9 'Accept, Reject and Wait' p272
2025-12-08 21:57:03,627 [INFO] usb_pd_parser:654 - Section started 6.10 'Collision Avoidance' p273
2025-12-08 21:57:03,847 [INFO] usb_pd_parser:654 - Section started 6.11 'Message Discarding' p274
2025-12-08 21:57:03,847 [INFO] usb_pd_parser:543 - Table detected Table 6.74 p274
2025-12-08 21:57:08,518 [INFO] usb_pd_parser:430 - Camelot extracted 1 tables on page 274
2025-12-08 21:57:08,534 [INFO] usb_pd_parser:573 - Detected Table 6.74 on page 274 (rows:9)
2025-12-08 21:57:10,621 [INFO] usb_pd_parser:654 - Section started 6.12 'State behavior' p275
2025-12-08 21:57:10,621 [INFO] usb_pd_parser:654 - Section started 6.12.1 'Introduction to state diagrams used in Chapter' p275
2025-12-08 21:57:10,621 [INFO] usb_pd_parser:590 - Figure detected Figure 6.57 p275
2025-12-08 21:57:10,743 [INFO] usb_pd_parser:397 - Smart text-aware crop saved for Figure 6.57 p275 -> output\figures\Figure_6.57_page_275_crop.png
2025-12-08 21:57:10,743 [INFO] usb_pd_parser:618 - Detected Figure 6.57 on page 275 (images:1)
2025-12-08 21:57:10,743 [INFO] usb_pd_parser:590 - Figure detected Figure 6.58 p275
2025-12-08 21:57:10,864 [INFO] usb_pd_parser:397 - Smart text-aware crop saved for Figure 6.58 p275 -> output\figures\Figure_6.58_page_275_crop.png
2025-12-08 21:57:10,864 [INFO] usb_pd_parser:618 - Detected Figure 6.58 on page 275 (images:1)
2025-12-08 21:57:11,257 [INFO] usb_pd_parser:654 - Section started 6.12.2 'State Operation' p276
2025-12-08 21:57:11,259 [INFO] usb_pd_parser:654 - Section started 6.12.2.1 'Protocol Layer Chunking' p276
2025-12-08 21:57:11,259 [INFO] usb_pd_parser:654 - Section started 6.12.2.1.1 'Architecture of Device Including Chunking Layer' p276
2025-12-08 21:57:11,734 [INFO] usb_pd_parser:590 - Figure detected Figure 6.59 p277
2025-12-08 21:57:11,834 [INFO] usb_pd_parser:397 - Smart text-aware crop saved for Figure 6.59 p277 -> output\figures\Figure_6.59_page_277_crop.png
2025-12-08 21:57:11,834 [INFO] usb_pd_parser:618 - Detected Figure 6.59 on page 277 (images:1)
2025-12-08 21:57:11,837 [INFO] usb_pd_parser:654 - Section started 6.12.2.1.1.1 'Optional Abort Mechanism' p277
2025-12-08 21:57:11,838 [INFO] usb_pd_parser:654 - Section started 6.12.2.1.1.2 'Aborting Sending a Long-Chunked Message' p277
2025-12-08 21:57:11,838 [INFO] usb_pd_parser:654 - Section started 6.12.2.1.1.3 'Aborting Receiving a Long-Chunked Message' p277
2025-12-08 21:57:11,838 [INFO] usb_pd_parser:654 - Section started 6.12.2.1.2 'Chunked Rx State Diagram' p277
2025-12-08 21:57:12,380 [INFO] usb_pd_parser:590 - Figure detected Figure 6.60 p278
2025-12-08 21:57:12,492 [INFO] usb_pd_parser:397 - Smart text-aware crop saved for Figure 6.60 p278 -> output\figures\Figure_6.60_page_278_crop.png
2025-12-08 21:57:12,492 [INFO] usb_pd_parser:618 - Detected Figure 6.60 on page 278 (images:1)
2025-12-08 21:57:13,571 [INFO] usb_pd_parser:654 - Section started 6.12.2.1.3 'Chunked Tx State Diagram' p281
2025-12-08 21:57:13,571 [INFO] usb_pd_parser:590 - Figure detected Figure 6.61 p281
2025-12-08 21:57:13,685 [INFO] usb_pd_parser:397 - Smart text-aware crop saved for Figure 6.61 p281 -> output\figures\Figure_6.61_page_281_crop.png
2025-12-08 21:57:13,685 [INFO] usb_pd_parser:618 - Detected Figure 6.61 on page 281 (images:1)
2025-12-08 21:57:14,865 [INFO] usb_pd_parser:654 - Section started 6.12.2.1.4 'Chunked Message Router State Diagram' p284
2025-12-08 21:57:14,865 [INFO] usb_pd_parser:590 - Figure detected Figure 6.62 p284
2025-12-08 21:57:14,971 [INFO] usb_pd_parser:397 - Smart text-aware crop saved for Figure 6.62 p284 -> output\figures\Figure_6.62_page_284_crop.png
2025-12-08 21:57:14,975 [INFO] usb_pd_parser:618 - Detected Figure 6.62 on page 284 (images:1)
2025-12-08 21:57:15,600 [INFO] usb_pd_parser:654 - Section started 6.12.2.2 'Protocol Layer Message Transmission' p286
2025-12-08 21:57:15,600 [INFO] usb_pd_parser:654 - Section started 6.12.2.2.1 'Common Protocol Layer Message Transmission State Diagram' p286
2025-12-08 21:57:15,600 [INFO] usb_pd_parser:590 - Figure detected Figure 6.63 p286
2025-12-08 21:57:15,717 [INFO] usb_pd_parser:397 - Smart text-aware crop saved for Figure 6.63 p286 -> output\figures\Figure_6.63_page_286_crop.png
2025-12-08 21:57:15,717 [INFO] usb_pd_parser:618 - Detected Figure 6.63 on page 286 (images:1)
2025-12-08 21:57:21,388 [INFO] usb_pd_parser:654 - Section started 6.12.2.2.2 'Source Protocol Layer Message Transmission State Diagram' p289
2025-12-08 21:57:21,388 [INFO] usb_pd_parser:590 - Figure detected Figure 6.64 p289
2025-12-08 21:57:21,650 [INFO] usb_pd_parser:397 - Smart text-aware crop saved for Figure 6.64 p289 -> output\figures\Figure_6.64_page_289_crop.png
2025-12-08 21:57:21,650 [INFO] usb_pd_parser:618 - Detected Figure 6.64 on page 289 (images:1)
2025-12-08 21:57:25,598 [INFO] usb_pd_parser:654 - Section started 6.12.2.2.3 'Sink Protocol Layer Message Transmission State Diagram' p291
2025-12-08 21:57:25,598 [INFO] usb_pd_parser:590 - Figure detected Figure 6.65 p291
2025-12-08 21:57:25,909 [INFO] usb_pd_parser:397 - Smart text-aware crop saved for Figure 6.65 p291 -> output\figures\Figure_6.65_page_291_crop.png
2025-12-08 21:57:25,914 [INFO] usb_pd_parser:618 - Detected Figure 6.65 on page 291 (images:1)
2025-12-08 21:57:26,395 [INFO] usb_pd_parser:654 - Section started 6.12.2.3 'Protocol Layer Message Reception' p293
2025-12-08 21:57:26,395 [INFO] usb_pd_parser:590 - Figure detected Figure 6.66 p293
2025-12-08 21:57:26,507 [INFO] usb_pd_parser:397 - Smart text-aware crop saved for Figure 6.66 p293 -> output\figures\Figure_6.66_page_293_crop.png
2025-12-08 21:57:26,507 [INFO] usb_pd_parser:618 - Detected Figure 6.66 on page 293 (images:1)
2025-12-08 21:57:26,958 [INFO] usb_pd_parser:654 - Section started 6.12.2.4 'Hard Reset operation' p294
2025-12-08 21:57:27,420 [INFO] usb_pd_parser:590 - Figure detected Figure 6.67 p295
2025-12-08 21:57:27,560 [INFO] usb_pd_parser:397 - Smart text-aware crop saved for Figure 6.67 p295 -> output\figures\Figure_6.67_page_295_crop.png
2025-12-08 21:57:27,560 [INFO] usb_pd_parser:618 - Detected Figure 6.67 on page 295 (images:1)
2025-12-08 21:57:28,885 [INFO] usb_pd_parser:654 - Section started 6.12.3 'List of Protocol Layer States' p298
2025-12-08 21:57:28,891 [INFO] usb_pd_parser:543 - Table detected Table 6.75 p298
2025-12-08 21:57:34,578 [INFO] usb_pd_parser:430 - Camelot extracted 1 tables on page 298
2025-12-08 21:57:34,591 [INFO] usb_pd_parser:573 - Detected Table 6.75 on page 298 (rows:34)
2025-12-08 21:57:34,848 [INFO] usb_pd_parser:543 - Table detected Table 6.75 p299
2025-12-08 21:57:39,279 [INFO] usb_pd_parser:430 - Camelot extracted 1 tables on page 299
2025-12-08 21:57:39,283 [INFO] usb_pd_parser:573 - Detected Table 6.75 on page 299 (rows:24)
2025-12-08 21:57:39,705 [INFO] usb_pd_parser:654 - Section started 6.13 'Message Applicability' p300
2025-12-08 21:57:39,705 [INFO] usb_pd_parser:543 - Table detected Table 6.76 p300
2025-12-08 21:57:45,581 [INFO] usb_pd_parser:430 - Camelot extracted 1 tables on page 300
2025-12-08 21:57:45,587 [INFO] usb_pd_parser:573 - Detected Table 6.76 on page 300 (rows:10)
2025-12-08 21:57:46,015 [INFO] usb_pd_parser:654 - Section started 6.13.1 'Applicability of Control Messages' p301
2025-12-08 21:57:46,015 [INFO] usb_pd_parser:543 - Table detected Table 6.77 p301
2025-12-08 21:57:51,586 [INFO] usb_pd_parser:430 - Camelot extracted 1 tables on page 301
2025-12-08 21:57:51,595 [INFO] usb_pd_parser:573 - Detected Table 6.77 on page 301 (rows:26)
2025-12-08 21:57:51,930 [INFO] usb_pd_parser:543 - Table detected Table 6.77 p302
2025-12-08 21:57:57,508 [INFO] usb_pd_parser:430 - Camelot extracted 1 tables on page 302
2025-12-08 21:57:57,508 [INFO] usb_pd_parser:573 - Detected Table 6.77 on page 302 (rows:26)
2025-12-08 21:57:58,069 [INFO] usb_pd_parser:654 - Section started 6.13.2 'Applicability of Data Messages' p303
2025-12-08 21:57:58,074 [INFO] usb_pd_parser:543 - Table detected Table 6.78 p303
2025-12-08 21:58:05,205 [INFO] usb_pd_parser:430 - Camelot extracted 1 tables on page 303
2025-12-08 21:58:05,205 [INFO] usb_pd_parser:573 - Detected Table 6.78 on page 303 (rows:24)
2025-12-08 21:58:05,534 [INFO] usb_pd_parser:543 - Table detected Table 6.78 p304
2025-12-08 21:58:11,159 [INFO] usb_pd_parser:430 - Camelot extracted 1 tables on page 304
2025-12-08 21:58:11,164 [INFO] usb_pd_parser:573 - Detected Table 6.78 on page 304 (rows:6)
2025-12-08 21:58:11,778 [INFO] usb_pd_parser:654 - Section started 6.13.3 'Applicability of Extended Messages' p305
2025-12-08 21:58:11,778 [INFO] usb_pd_parser:543 - Table detected Table 6.79 p305
2025-12-08 21:58:19,990 [INFO] usb_pd_parser:430 - Camelot extracted 1 tables on page 305
2025-12-08 21:58:19,990 [INFO] usb_pd_parser:573 - Detected Table 6.79 on page 305 (rows:20)
2025-12-08 21:58:21,760 [INFO] usb_pd_parser:543 - Table detected Table 6.79 p306
2025-12-08 21:58:32,281 [INFO] usb_pd_parser:430 - Camelot extracted 1 tables on page 306
2025-12-08 21:58:32,294 [INFO] usb_pd_parser:573 - Detected Table 6.79 on page 306 (rows:22)
2025-12-08 21:58:32,686 [INFO] usb_pd_parser:543 - Table detected Table 6.79 p307
2025-12-08 21:58:37,464 [INFO] usb_pd_parser:430 - Camelot extracted 1 tables on page 307
2025-12-08 21:58:37,464 [INFO] usb_pd_parser:573 - Detected Table 6.79 on page 307 (rows:4)
2025-12-08 21:58:37,633 [INFO] usb_pd_parser:654 - Section started 6.13.4 'Applicability of Extended Control Messages' p308
2025-12-08 21:58:37,633 [INFO] usb_pd_parser:543 - Table detected Table 6.80 p308
2025-12-08 21:58:40,653 [INFO] usb_pd_parser:430 - Camelot extracted 1 tables on page 308
2025-12-08 21:58:40,653 [INFO] usb_pd_parser:573 - Detected Table 6.80 on page 308 (rows:12)
2025-12-08 21:58:40,994 [INFO] usb_pd_parser:654 - Section started 6.13.5 'Applicability of Structured VDM Commands' p309
2025-12-08 21:58:40,994 [INFO] usb_pd_parser:543 - Table detected Table 6.81 p309
2025-12-08 21:58:48,095 [INFO] usb_pd_parser:430 - Camelot extracted 1 tables on page 309
2025-12-08 21:58:48,101 [INFO] usb_pd_parser:573 - Detected Table 6.81 on page 309 (rows:16)
2025-12-08 21:58:48,309 [INFO] usb_pd_parser:654 - Section started 6.13.6 'Applicability of Reset Signaling' p310
2025-12-08 21:58:48,309 [INFO] usb_pd_parser:543 - Table detected Table 6.82 p310
2025-12-08 21:58:50,735 [INFO] usb_pd_parser:430 - Camelot extracted 2 tables on page 310
2025-12-08 21:58:50,735 [INFO] usb_pd_parser:573 - Detected Table 6.82 on page 310 (rows:10)
2025-12-08 21:58:50,735 [INFO] usb_pd_parser:573 - Detected Table 6.82 on page 310 (rows:5)
2025-12-08 21:58:50,735 [INFO] usb_pd_parser:654 - Section started 6.13.7 'Applicability of Fast Role Swap Request' p310
2025-12-08 21:58:50,735 [INFO] usb_pd_parser:543 - Table detected Table 6.83 p310
2025-12-08 21:58:53,693 [INFO] usb_pd_parser:430 - Camelot extracted 2 tables on page 310
2025-12-08 21:58:53,703 [INFO] usb_pd_parser:573 - Detected Table 6.83 on page 310 (rows:10)
2025-12-08 21:58:53,703 [INFO] usb_pd_parser:573 - Detected Table 6.83 on page 310 (rows:5)
2025-12-08 21:58:53,786 [INFO] usb_pd_parser:654 - Section started 6.14 'Value Parameters' p311
2025-12-08 21:58:53,786 [INFO] usb_pd_parser:543 - Table detected Table 6.84 p311
2025-12-08 21:58:59,928 [INFO] usb_pd_parser:430 - Camelot extracted 1 tables on page 311
2025-12-08 21:58:59,932 [INFO] usb_pd_parser:573 - Detected Table 6.84 on page 311 (rows:4)
2025-12-08 21:59:00,479 [INFO] usb_pd_parser:654 - Section started 7 'Power Supply' p312
2025-12-08 21:59:00,486 [INFO] usb_pd_parser:654 - Section started 7.1 'Source Requirements' p312
2025-12-08 21:59:00,486 [INFO] usb_pd_parser:654 - Section started 7.1.1 'Behavioral Aspects' p312
2025-12-08 21:59:00,486 [INFO] usb_pd_parser:654 - Section started 7.1.2 'Source Bulk Capacitance' p312
2025-12-08 21:59:00,486 [INFO] usb_pd_parser:590 - Figure detected Figure 7.1 p312
2025-12-08 21:59:00,527 [INFO] usb_pd_parser:397 - Smart text-aware crop saved for Figure 7.1 p312 -> output\figures\Figure_7.1_page_312_crop.png
2025-12-08 21:59:00,527 [INFO] usb_pd_parser:618 - Detected Figure 7.1 on page 312 (images:1)
2025-12-08 21:59:00,527 [INFO] usb_pd_parser:654 - Section started 7.1.3 'Types of Sources' p312
2025-12-08 21:59:02,537 [INFO] usb_pd_parser:654 - Section started 7.1.4 'Source Transitions' p313
2025-12-08 21:59:02,538 [INFO] usb_pd_parser:654 - Section started 7.1.4.1 'Fixed Supply' p313
2025-12-08 21:59:02,539 [INFO] usb_pd_parser:654 - Section started 7.1.4.1.1 'Fixed Supply Positive Voltage Transitions' p313
2025-12-08 21:59:02,539 [INFO] usb_pd_parser:590 - Figure detected Figure 7.2 p313
2025-12-08 21:59:02,640 [INFO] usb_pd_parser:397 - Smart text-aware crop saved for Figure 7.2 p313 -> output\figures\Figure_7.2_page_313_crop.png
2025-12-08 21:59:02,640 [INFO] usb_pd_parser:618 - Detected Figure 7.2 on page 313 (images:1)
2025-12-08 21:59:03,541 [INFO] usb_pd_parser:654 - Section started 7.1.4.1.2 'Fixed Supply Negative Voltage Transitions' p314
2025-12-08 21:59:03,541 [INFO] usb_pd_parser:590 - Figure detected Figure 7.3 p314
2025-12-08 21:59:03,637 [INFO] usb_pd_parser:397 - Smart text-aware crop saved for Figure 7.3 p314 -> output\figures\Figure_7.3_page_314_crop.png
2025-12-08 21:59:03,637 [INFO] usb_pd_parser:618 - Detected Figure 7.3 on page 314 (images:1)
2025-12-08 21:59:03,637 [INFO] usb_pd_parser:654 - Section started 7.1.4.2 'SPR Programmable Power Supply (PPS)' p314
2025-12-08 21:59:03,637 [INFO] usb_pd_parser:654 - Section started 7.1.4.2.1 'SPR Programmable Power Supply Voltage Transitions' p314
2025-12-08 21:59:04,641 [INFO] usb_pd_parser:590 - Figure detected Figure 7.4 p315
2025-12-08 21:59:04,755 [INFO] usb_pd_parser:397 - Smart text-aware crop saved for Figure 7.4 p315 -> output\figures\Figure_7.4_page_315_crop.png
2025-12-08 21:59:04,755 [INFO] usb_pd_parser:618 - Detected Figure 7.4 on page 315 (images:1)
2025-12-08 21:59:04,755 [INFO] usb_pd_parser:654 - Section started 0 'Volts' p315
2025-12-08 21:59:05,932 [INFO] usb_pd_parser:590 - Figure detected Figure 7.5 p316
2025-12-08 21:59:06,057 [INFO] usb_pd_parser:397 - Smart text-aware crop saved for Figure 7.5 p316 -> output\figures\Figure_7.5_page_316_crop.png
2025-12-08 21:59:06,062 [INFO] usb_pd_parser:618 - Detected Figure 7.5 on page 316 (images:1)
2025-12-08 21:59:06,062 [INFO] usb_pd_parser:654 - Section started 0 'Volts' p316
2025-12-08 21:59:06,062 [INFO] usb_pd_parser:654 - Section started 7.1.4.2.2 'SPR Programmable Power Supply Current Limit' p316
2025-12-08 21:59:07,315 [INFO] usb_pd_parser:590 - Figure detected Figure 7.6 p318
2025-12-08 21:59:07,445 [INFO] usb_pd_parser:397 - Smart text-aware crop saved for Figure 7.6 p318 -> output\figures\Figure_7.6_page_318_crop.png
2025-12-08 21:59:07,447 [INFO] usb_pd_parser:618 - Detected Figure 7.6 on page 318 (images:1)
2025-12-08 21:59:07,447 [INFO] usb_pd_parser:654 - Section started 7.1.4.2.3 'SPR PPS Constant Power Mode' p318
2025-12-08 21:59:07,447 [INFO] usb_pd_parser:590 - Figure detected Figure 7.7 p318
2025-12-08 21:59:07,501 [INFO] usb_pd_parser:397 - Smart text-aware crop saved for Figure 7.7 p318 -> output\figures\Figure_7.7_page_318_crop.png
2025-12-08 21:59:07,503 [INFO] usb_pd_parser:618 - Detected Figure 7.7 on page 318 (images:1)
2025-12-08 21:59:07,671 [INFO] usb_pd_parser:590 - Figure detected Figure 7.7 p319
2025-12-08 21:59:07,789 [INFO] usb_pd_parser:397 - Smart text-aware crop saved for Figure 7.7 p319 -> output\figures\Figure_7.7_page_319_crop.png
2025-12-08 21:59:07,802 [INFO] usb_pd_parser:618 - Detected Figure 7.7 on page 319 (images:1)
2025-12-08 21:59:08,187 [INFO] usb_pd_parser:654 - Section started 7.1.4.3 'Adjustable Voltage Supply (AVS)' p320
2025-12-08 21:59:08,187 [INFO] usb_pd_parser:654 - Section started 7.1.4.3.1 'Adjustable Voltage Supply Voltage Transitions' p320
2025-12-08 21:59:09,047 [INFO] usb_pd_parser:590 - Figure detected Figure 7.8 p321
2025-12-08 21:59:09,119 [INFO] usb_pd_parser:397 - Smart text-aware crop saved for Figure 7.8 p321 -> output\figures\Figure_7.8_page_321_crop.png
2025-12-08 21:59:09,119 [INFO] usb_pd_parser:618 - Detected Figure 7.8 on page 321 (images:1)
2025-12-08 21:59:09,119 [INFO] usb_pd_parser:654 - Section started 0 'Volts' p321
2025-12-08 21:59:09,119 [INFO] usb_pd_parser:590 - Figure detected Figure 7.9 p321
2025-12-08 21:59:09,205 [INFO] usb_pd_parser:397 - Smart text-aware crop saved for Figure 7.9 p321 -> output\figures\Figure_7.9_page_321_crop.png
2025-12-08 21:59:09,207 [INFO] usb_pd_parser:618 - Detected Figure 7.9 on page 321 (images:1)
2025-12-08 21:59:09,637 [INFO] usb_pd_parser:654 - Section started 7.1.4.3.2 'Adjustable Voltage Supply Current' p322
2025-12-08 21:59:09,637 [INFO] usb_pd_parser:654 - Section started 7.1.5 'Response to Hard Resets' p322
2025-12-08 21:59:10,277 [INFO] usb_pd_parser:590 - Figure detected Figure 7.10 p323
2025-12-08 21:59:10,339 [INFO] usb_pd_parser:397 - Smart text-aware crop saved for Figure 7.10 p323 -> output\figures\Figure_7.10_page_323_crop.png
2025-12-08 21:59:10,339 [INFO] usb_pd_parser:618 - Detected Figure 7.10 on page 323 (images:1)
2025-12-08 21:59:10,339 [INFO] usb_pd_parser:654 - Section started 7.1.6 'Changing the Output Power Capability' p323
2025-12-08 21:59:10,339 [INFO] usb_pd_parser:654 - Section started 7.1.7 'Robust Source Operation' p323
2025-12-08 21:59:10,339 [INFO] usb_pd_parser:654 - Section started 7.1.7.1 'Output Over Current Protection' p323
2025-12-08 21:59:10,787 [INFO] usb_pd_parser:654 - Section started 7.1.7.2 'Over Temperature Protection' p324
2025-12-08 21:59:10,787 [INFO] usb_pd_parser:654 - Section started 7.1.7.4 'Detach' p324
2025-12-08 21:59:10,787 [INFO] usb_pd_parser:654 - Section started 7.1.7.5 'Output Voltage Limit' p324
2025-12-08 21:59:11,154 [INFO] usb_pd_parser:654 - Section started 7.1.8 'Output Voltage Tolerance and Range' p325
2025-12-08 21:59:11,154 [INFO] usb_pd_parser:590 - Figure detected Figure 7.11 p325
2025-12-08 21:59:11,220 [INFO] usb_pd_parser:397 - Smart text-aware crop saved for Figure 7.11 p325 -> output\figures\Figure_7.11_page_325_crop.png
2025-12-08 21:59:11,220 [INFO] usb_pd_parser:618 - Detected Figure 7.11 on page 325 (images:1)
2025-12-08 21:59:11,220 [INFO] usb_pd_parser:654 - Section started 7.1.8.1 'AVS/PPS Output Voltage Ripple' p325
2025-12-08 21:59:11,456 [INFO] usb_pd_parser:590 - Figure detected Figure 7.12 p326
2025-12-08 21:59:11,502 [INFO] usb_pd_parser:397 - Smart text-aware crop saved for Figure 7.12 p326 -> output\figures\Figure_7.12_page_326_crop.png
2025-12-08 21:59:11,502 [INFO] usb_pd_parser:618 - Detected Figure 7.12 on page 326 (images:1)
2025-12-08 21:59:11,502 [INFO] usb_pd_parser:654 - Section started 7.1.8.2 'AVS/PPS DNL Errors and Output Voltage/Current Tolerance' p326
2025-12-08 21:59:11,736 [INFO] usb_pd_parser:590 - Figure detected Figure 7.13 p327
2025-12-08 21:59:11,795 [INFO] usb_pd_parser:397 - Smart text-aware crop saved for Figure 7.13 p327 -> output\figures\Figure_7.13_page_327_crop.png
2025-12-08 21:59:11,795 [INFO] usb_pd_parser:618 - Detected Figure 7.13 on page 327 (images:1)
2025-12-08 21:59:11,795 [INFO] usb_pd_parser:654 - Section started 7.1.8.3 'Programmable Power Supply Output Voltage Tolerance and' p327
2025-12-08 21:59:11,795 [INFO] usb_pd_parser:654 - Section started 7.1.8.4 'Adjustable Voltage Supply Output Voltage tolerance and Range' p327
2025-12-08 21:59:12,160 [INFO] usb_pd_parser:654 - Section started 7.1.9 'Charging and Discharging the Bulk Capacitance on V' p328
2025-12-08 21:59:12,160 [INFO] usb_pd_parser:654 - Section started 7.1.10 'Swap Standby for Sources' p328
2025-12-08 21:59:12,160 [INFO] usb_pd_parser:654 - Section started 7.1.11 'Source Peak Current Operation' p328
2025-12-08 21:59:12,950 [INFO] usb_pd_parser:590 - Figure detected Figure 7.14 p329
2025-12-08 21:59:13,035 [INFO] usb_pd_parser:397 - Smart text-aware crop saved for Figure 7.14 p329 -> output\figures\Figure_7.14_page_329_crop.png
2025-12-08 21:59:13,039 [INFO] usb_pd_parser:618 - Detected Figure 7.14 on page 329 (images:1)
2025-12-08 21:59:13,041 [INFO] usb_pd_parser:654 - Section started 7.1.12 'Source Capabilities Extended Parameters' p329
2025-12-08 21:59:13,041 [INFO] usb_pd_parser:654 - Section started 7.1.12.1 'Voltage Regulation Field' p329
2025-12-08 21:59:13,041 [INFO] usb_pd_parser:654 - Section started 7.1.12.1.1 'Load Step Slew Rate' p329
2025-12-08 21:59:13,343 [INFO] usb_pd_parser:654 - Section started 7.1.12.1.2 'Load Step Magnitude' p330
2025-12-08 21:59:13,343 [INFO] usb_pd_parser:654 - Section started 7.1.12.2 'Holdup Time Field' p330
2025-12-08 21:59:13,343 [INFO] usb_pd_parser:590 - Figure detected Figure 7.15 p330
2025-12-08 21:59:13,378 [INFO] usb_pd_parser:397 - Smart text-aware crop saved for Figure 7.15 p330 -> output\figures\Figure_7.15_page_330_crop.png
2025-12-08 21:59:13,387 [INFO] usb_pd_parser:618 - Detected Figure 7.15 on page 330 (images:1)
2025-12-08 21:59:13,387 [INFO] usb_pd_parser:654 - Section started 7.1.12.3 'Compliance Field' p330
2025-12-08 21:59:13,387 [INFO] usb_pd_parser:654 - Section started 7.1.12.4 'Peak Current' p330
2025-12-08 21:59:13,852 [INFO] usb_pd_parser:654 - Section started 7.1.12.5 'Source Inputs' p331
2025-12-08 21:59:13,852 [INFO] usb_pd_parser:654 - Section started 7.1.12.6 'Batteries' p331
2025-12-08 21:59:13,852 [INFO] usb_pd_parser:654 - Section started 7.1.13 'Fast Role Swap' p331
2025-12-08 21:59:13,852 [INFO] usb_pd_parser:590 - Figure detected Figure 7.16 p331
2025-12-08 21:59:13,976 [INFO] usb_pd_parser:397 - Smart text-aware crop saved for Figure 7.16 p331 -> output\figures\Figure_7.16_page_331_crop.png
2025-12-08 21:59:13,977 [INFO] usb_pd_parser:618 - Detected Figure 7.16 on page 331 (images:1)
2025-12-08 21:59:14,518 [INFO] usb_pd_parser:590 - Figure detected Figure 7.17 p332
2025-12-08 21:59:14,573 [INFO] usb_pd_parser:397 - Smart text-aware crop saved for Figure 7.17 p332 -> output\figures\Figure_7.17_page_332_crop.png
2025-12-08 21:59:14,575 [INFO] usb_pd_parser:618 - Detected Figure 7.17 on page 332 (images:1)
2025-12-08 21:59:14,575 [INFO] usb_pd_parser:590 - Figure detected Figure 7.18 p332
2025-12-08 21:59:14,612 [INFO] usb_pd_parser:397 - Smart text-aware crop saved for Figure 7.18 p332 -> output\figures\Figure_7.18_page_332_crop.png
2025-12-08 21:59:14,614 [INFO] usb_pd_parser:618 - Detected Figure 7.18 on page 332 (images:1)
2025-12-08 21:59:14,614 [INFO] usb_pd_parser:654 - Section started 7.1.14 'Non-application of V Slew Rate Limits' p332
2025-12-08 21:59:14,815 [INFO] usb_pd_parser:654 - Section started 7.1.15 'V Power Cycle' p333
2025-12-08 21:59:14,815 [INFO] usb_pd_parser:654 - Section started 7.1.15.1 'UFP V Power Cycle' p333
2025-12-08 21:59:14,815 [INFO] usb_pd_parser:590 - Figure detected Figure 7.19 p333
2025-12-08 21:59:14,870 [INFO] usb_pd_parser:397 - Smart text-aware crop saved for Figure 7.19 p333 -> output\figures\Figure_7.19_page_333_crop.png
2025-12-08 21:59:14,870 [INFO] usb_pd_parser:618 - Detected Figure 7.19 on page 333 (images:1)
2025-12-08 21:59:15,031 [INFO] usb_pd_parser:654 - Section started 7.1.15.2 'DFP V Power Cycle' p334
2025-12-08 21:59:15,031 [INFO] usb_pd_parser:590 - Figure detected Figure 7.20 p334
2025-12-08 21:59:15,088 [INFO] usb_pd_parser:397 - Smart text-aware crop saved for Figure 7.20 p334 -> output\figures\Figure_7.20_page_334_crop.png
2025-12-08 21:59:15,093 [INFO] usb_pd_parser:618 - Detected Figure 7.20 on page 334 (images:1)
2025-12-08 21:59:15,405 [INFO] usb_pd_parser:654 - Section started 7.2 'Sink Requirements' p335
2025-12-08 21:59:15,405 [INFO] usb_pd_parser:654 - Section started 7.2.1 'Behavioral Aspects' p335
2025-12-08 21:59:15,405 [INFO] usb_pd_parser:654 - Section started 7.2.2 'Sink Bulk Capacitance' p335
2025-12-08 21:59:15,405 [INFO] usb_pd_parser:590 - Figure detected Figure 7.21 p335
2025-12-08 21:59:15,438 [INFO] usb_pd_parser:397 - Smart text-aware crop saved for Figure 7.21 p335 -> output\figures\Figure_7.21_page_335_crop.png
2025-12-08 21:59:15,438 [INFO] usb_pd_parser:618 - Detected Figure 7.21 on page 335 (images:1)
2025-12-08 21:59:15,438 [INFO] usb_pd_parser:654 - Section started 7.2.3 'Sink Standby' p335
2025-12-08 21:59:15,796 [INFO] usb_pd_parser:654 - Section started 7.2.3.1 'Programmable Power Supply Sink Standby' p336
2025-12-08 21:59:15,796 [INFO] usb_pd_parser:654 - Section started 7.2.4 'Suspend Power Consumption' p336
2025-12-08 21:59:15,803 [INFO] usb_pd_parser:654 - Section started 7.2.5 'Zero Negotiated Current' p336
2025-12-08 21:59:15,803 [INFO] usb_pd_parser:654 - Section started 7.2.6 'Transient Load Behavior' p336
2025-12-08 21:59:15,803 [INFO] usb_pd_parser:654 - Section started 7.2.7 'Swap Standby for Sinks' p336
2025-12-08 21:59:15,803 [INFO] usb_pd_parser:654 - Section started 7.2.8 'Sink Peak Current Operation' p336
2025-12-08 21:59:16,151 [INFO] usb_pd_parser:654 - Section started 7.2.9 'Robust Sink Operation' p337
2025-12-08 21:59:16,151 [INFO] usb_pd_parser:654 - Section started 7.2.9.1 'Sink Bulk Capacitance Discharge at Detach' p337
2025-12-08 21:59:16,155 [INFO] usb_pd_parser:654 - Section started 7.2.9.2 'Input Over Voltage Protection' p337
2025-12-08 21:59:16,544 [INFO] usb_pd_parser:654 - Section started 7.2.9.3 'Over Temperature Protection' p338
2025-12-08 21:59:16,544 [INFO] usb_pd_parser:654 - Section started 7.2.9.4 'Over Current Protection' p338
2025-12-08 21:59:16,544 [INFO] usb_pd_parser:654 - Section started 7.2.10 'Fast Role Swap' p338
2025-12-08 21:59:16,729 [INFO] usb_pd_parser:654 - Section started 7.3 'Transitions' p339
2025-12-08 21:59:16,948 [INFO] usb_pd_parser:654 - Section started 7.3.1 'Transitions caused by a Request Message' p340
2025-12-08 21:59:16,948 [INFO] usb_pd_parser:654 - Section started 7.3.1.1 'Changing the Source between Different (A)PDOs' p340
2025-12-08 21:59:17,033 [INFO] usb_pd_parser:654 - Section started 7.3.1.1.1 'Examples of changes from one (A)PDO to another (A)PDO' p341
2025-12-08 21:59:17,036 [INFO] usb_pd_parser:654 - Section started 7.3.1.1.1.1 'Increasing the Voltage' p341
2025-12-08 21:59:17,183 [INFO] usb_pd_parser:590 - Figure detected Figure 7.22 p342
2025-12-08 21:59:17,246 [INFO] usb_pd_parser:397 - Smart text-aware crop saved for Figure 7.22 p342 -> output\figures\Figure_7.22_page_342_crop.png
2025-12-08 21:59:17,246 [INFO] usb_pd_parser:618 - Detected Figure 7.22 on page 342 (images:1)
2025-12-08 21:59:17,477 [INFO] usb_pd_parser:543 - Table detected Table 7.1 p343
2025-12-08 21:59:20,942 [INFO] usb_pd_parser:430 - Camelot extracted 1 tables on page 343
2025-12-08 21:59:20,942 [INFO] usb_pd_parser:573 - Detected Table 7.1 on page 343 (rows:9)
2025-12-08 21:59:21,019 [INFO] usb_pd_parser:654 - Section started 7.3.1.1.1.2 'Increasing the Voltage and Current' p344
2025-12-08 21:59:21,126 [INFO] usb_pd_parser:590 - Figure detected Figure 7.23 p345
2025-12-08 21:59:21,186 [INFO] usb_pd_parser:397 - Smart text-aware crop saved for Figure 7.23 p345 -> output\figures\Figure_7.23_page_345_crop.png
2025-12-08 21:59:21,186 [INFO] usb_pd_parser:618 - Detected Figure 7.23 on page 345 (images:1)
2025-12-08 21:59:21,361 [INFO] usb_pd_parser:543 - Table detected Table 7.2 p346
2025-12-08 21:59:23,953 [INFO] usb_pd_parser:430 - Camelot extracted 1 tables on page 346
2025-12-08 21:59:23,953 [INFO] usb_pd_parser:573 - Detected Table 7.2 on page 346 (rows:9)
2025-12-08 21:59:24,086 [INFO] usb_pd_parser:654 - Section started 7.3.1.1.1.3 'Increasing the Voltage and Decreasing the Current' p347
2025-12-08 21:59:24,403 [INFO] usb_pd_parser:590 - Figure detected Figure 7.24 p348
2025-12-08 21:59:24,510 [INFO] usb_pd_parser:397 - Smart text-aware crop saved for Figure 7.24 p348 -> output\figures\Figure_7.24_page_348_crop.png
2025-12-08 21:59:24,510 [INFO] usb_pd_parser:618 - Detected Figure 7.24 on page 348 (images:1)
2025-12-08 21:59:25,081 [INFO] usb_pd_parser:543 - Table detected Table 7.3 p349
2025-12-08 21:59:28,447 [INFO] usb_pd_parser:430 - Camelot extracted 1 tables on page 349
2025-12-08 21:59:28,453 [INFO] usb_pd_parser:573 - Detected Table 7.3 on page 349 (rows:9)
2025-12-08 21:59:28,574 [INFO] usb_pd_parser:654 - Section started 7.3.1.1.1.4 'Decreasing the Voltage and Increasing the Current' p350
2025-12-08 21:59:28,729 [INFO] usb_pd_parser:590 - Figure detected Figure 7.25 p351
2025-12-08 21:59:28,816 [INFO] usb_pd_parser:397 - Smart text-aware crop saved for Figure 7.25 p351 -> output\figures\Figure_7.25_page_351_crop.png
2025-12-08 21:59:28,816 [INFO] usb_pd_parser:618 - Detected Figure 7.25 on page 351 (images:1)
2025-12-08 21:59:28,986 [INFO] usb_pd_parser:543 - Table detected Table 7.4 p352
2025-12-08 21:59:31,572 [INFO] usb_pd_parser:430 - Camelot extracted 1 tables on page 352
2025-12-08 21:59:31,572 [INFO] usb_pd_parser:573 - Detected Table 7.4 on page 352 (rows:7)
2025-12-08 21:59:31,642 [INFO] usb_pd_parser:654 - Section started 7.3.1.1.1.5 'Decreasing the Voltage' p353
2025-12-08 21:59:31,726 [INFO] usb_pd_parser:590 - Figure detected Figure 7.26 p354
2025-12-08 21:59:31,775 [INFO] usb_pd_parser:397 - Smart text-aware crop saved for Figure 7.26 p354 -> output\figures\Figure_7.26_page_354_crop.png
2025-12-08 21:59:31,787 [INFO] usb_pd_parser:618 - Detected Figure 7.26 on page 354 (images:1)
2025-12-08 21:59:31,932 [INFO] usb_pd_parser:543 - Table detected Table 7.5 p355
2025-12-08 21:59:34,940 [INFO] usb_pd_parser:430 - Camelot extracted 1 tables on page 355
2025-12-08 21:59:34,944 [INFO] usb_pd_parser:573 - Detected Table 7.5 on page 355 (rows:6)
2025-12-08 21:59:35,005 [INFO] usb_pd_parser:654 - Section started 7.3.1.1.1.6 'Decreasing the Voltage and the Current' p356
2025-12-08 21:59:35,112 [INFO] usb_pd_parser:590 - Figure detected Figure 7.27 p357
2025-12-08 21:59:35,169 [INFO] usb_pd_parser:397 - Smart text-aware crop saved for Figure 7.27 p357 -> output\figures\Figure_7.27_page_357_crop.png
2025-12-08 21:59:35,170 [INFO] usb_pd_parser:618 - Detected Figure 7.27 on page 357 (images:1)
2025-12-08 21:59:35,342 [INFO] usb_pd_parser:543 - Table detected Table 7.6 p358
2025-12-08 21:59:37,771 [INFO] usb_pd_parser:430 - Camelot extracted 1 tables on page 358
2025-12-08 21:59:37,771 [INFO] usb_pd_parser:573 - Detected Table 7.6 on page 358 (rows:8)
2025-12-08 21:59:37,842 [INFO] usb_pd_parser:654 - Section started 7.3.1.1.1.7 'No change in Current or Voltage' p359
2025-12-08 21:59:37,977 [INFO] usb_pd_parser:590 - Figure detected Figure 7.28 p360
2025-12-08 21:59:38,027 [INFO] usb_pd_parser:397 - Smart text-aware crop saved for Figure 7.28 p360 -> output\figures\Figure_7.28_page_360_crop.png
2025-12-08 21:59:38,035 [INFO] usb_pd_parser:618 - Detected Figure 7.28 on page 360 (images:1)
2025-12-08 21:59:38,036 [INFO] usb_pd_parser:543 - Table detected Table 7.7 p360
2025-12-08 21:59:41,050 [INFO] usb_pd_parser:430 - Camelot extracted 1 tables on page 360
2025-12-08 21:59:41,050 [INFO] usb_pd_parser:573 - Detected Table 7.7 on page 360 (rows:5)
2025-12-08 21:59:41,150 [INFO] usb_pd_parser:654 - Section started 7.3.1.2 'Transitions within the same Fixed, Battery or Variable PDO or' p361
2025-12-08 21:59:41,150 [INFO] usb_pd_parser:654 - Section started 7.3.1.2.1 'Increasing the Current Only' p361
2025-12-08 21:59:41,310 [INFO] usb_pd_parser:590 - Figure detected Figure 7.29 p362
2025-12-08 21:59:41,371 [INFO] usb_pd_parser:397 - Smart text-aware crop saved for Figure 7.29 p362 -> output\figures\Figure_7.29_page_362_crop.png
2025-12-08 21:59:41,371 [INFO] usb_pd_parser:618 - Detected Figure 7.29 on page 362 (images:1)
2025-12-08 21:59:41,550 [INFO] usb_pd_parser:543 - Table detected Table 7.8 p363
2025-12-08 21:59:44,830 [INFO] usb_pd_parser:430 - Camelot extracted 1 tables on page 363
2025-12-08 21:59:44,846 [INFO] usb_pd_parser:573 - Detected Table 7.8 on page 363 (rows:8)
2025-12-08 21:59:44,931 [INFO] usb_pd_parser:654 - Section started 7.3.1.2.2 'Decreasing the Current Only' p364
2025-12-08 21:59:45,210 [INFO] usb_pd_parser:590 - Figure detected Figure 7.30 p365
2025-12-08 21:59:45,341 [INFO] usb_pd_parser:397 - Smart text-aware crop saved for Figure 7.30 p365 -> output\figures\Figure_7.30_page_365_crop.png
2025-12-08 21:59:45,341 [INFO] usb_pd_parser:618 - Detected Figure 7.30 on page 365 (images:1)
2025-12-08 21:59:45,614 [INFO] usb_pd_parser:543 - Table detected Table 7.9 p366
2025-12-08 21:59:49,209 [INFO] usb_pd_parser:430 - Camelot extracted 1 tables on page 366
2025-12-08 21:59:49,209 [INFO] usb_pd_parser:573 - Detected Table 7.9 on page 366 (rows:7)
2025-12-08 21:59:49,312 [INFO] usb_pd_parser:654 - Section started 7.3.1.3 'Changing Voltage or Current within the same PPS APDO' p367
2025-12-08 21:59:49,312 [INFO] usb_pd_parser:654 - Section started 7.3.1.3.1 'Increasing the Programmable Power Supply (PPS) Voltage' p367
2025-12-08 21:59:49,422 [INFO] usb_pd_parser:590 - Figure detected Figure 7.31 p368
2025-12-08 21:59:49,500 [INFO] usb_pd_parser:397 - Smart text-aware crop saved for Figure 7.31 p368 -> output\figures\Figure_7.31_page_368_crop.png
2025-12-08 21:59:49,500 [INFO] usb_pd_parser:618 - Detected Figure 7.31 on page 368 (images:1)
2025-12-08 21:59:49,687 [INFO] usb_pd_parser:543 - Table detected Table 7.10 p369
2025-12-08 21:59:52,163 [INFO] usb_pd_parser:430 - Camelot extracted 1 tables on page 369
2025-12-08 21:59:52,167 [INFO] usb_pd_parser:573 - Detected Table 7.10 on page 369 (rows:6)
2025-12-08 21:59:52,305 [INFO] usb_pd_parser:654 - Section started 7.3.1.3.2 'Decreasing the Programmable Power Supply (PPS) Voltage' p370
2025-12-08 21:59:52,457 [INFO] usb_pd_parser:590 - Figure detected Figure 7.32 p371
2025-12-08 21:59:52,551 [INFO] usb_pd_parser:397 - Smart text-aware crop saved for Figure 7.32 p371 -> output\figures\Figure_7.32_page_371_crop.png
2025-12-08 21:59:52,553 [INFO] usb_pd_parser:618 - Detected Figure 7.32 on page 371 (images:1)
2025-12-08 21:59:52,786 [INFO] usb_pd_parser:543 - Table detected Table 7.11 p372
2025-12-08 21:59:55,517 [INFO] usb_pd_parser:430 - Camelot extracted 1 tables on page 372
2025-12-08 21:59:55,532 [INFO] usb_pd_parser:573 - Detected Table 7.11 on page 372 (rows:6)
2025-12-08 21:59:55,622 [INFO] usb_pd_parser:654 - Section started 7.3.1.3.3 'Increasing the Programmable Power Supply (PPS) Current' p373
2025-12-08 21:59:55,840 [INFO] usb_pd_parser:590 - Figure detected Figure 7.33 p374
2025-12-08 21:59:55,909 [INFO] usb_pd_parser:397 - Smart text-aware crop saved for Figure 7.33 p374 -> output\figures\Figure_7.33_page_374_crop.png
2025-12-08 21:59:55,917 [INFO] usb_pd_parser:618 - Detected Figure 7.33 on page 374 (images:1)
2025-12-08 21:59:56,073 [INFO] usb_pd_parser:543 - Table detected Table 7.12 p375
2025-12-08 22:00:00,522 [INFO] usb_pd_parser:430 - Camelot extracted 1 tables on page 375
2025-12-08 22:00:00,522 [INFO] usb_pd_parser:573 - Detected Table 7.12 on page 375 (rows:8)
2025-12-08 22:00:00,652 [INFO] usb_pd_parser:654 - Section started 7.3.1.3.4 'Decreasing the Programmable Power Supply (PPS) Current' p376
2025-12-08 22:00:00,914 [INFO] usb_pd_parser:590 - Figure detected Figure 7.34 p377
2025-12-08 22:00:01,003 [INFO] usb_pd_parser:397 - Smart text-aware crop saved for Figure 7.34 p377 -> output\figures\Figure_7.34_page_377_crop.png
2025-12-08 22:00:01,003 [INFO] usb_pd_parser:618 - Detected Figure 7.34 on page 377 (images:1)
2025-12-08 22:00:01,197 [INFO] usb_pd_parser:543 - Table detected Table 7.13 p378
2025-12-08 22:00:03,756 [INFO] usb_pd_parser:430 - Camelot extracted 1 tables on page 378
2025-12-08 22:00:03,756 [INFO] usb_pd_parser:573 - Detected Table 7.13 on page 378 (rows:8)
2025-12-08 22:00:03,856 [INFO] usb_pd_parser:654 - Section started 7.3.1.3.5 'Same Request Programmable Power Supply (PPS)' p379
2025-12-08 22:00:04,049 [INFO] usb_pd_parser:590 - Figure detected Figure 7.35 p380
2025-12-08 22:00:04,105 [INFO] usb_pd_parser:397 - Smart text-aware crop saved for Figure 7.35 p380 -> output\figures\Figure_7.35_page_380_crop.png
2025-12-08 22:00:04,105 [INFO] usb_pd_parser:618 - Detected Figure 7.35 on page 380 (images:1)
2025-12-08 22:00:04,105 [INFO] usb_pd_parser:543 - Table detected Table 7.14 p380
2025-12-08 22:00:08,813 [INFO] usb_pd_parser:430 - Camelot extracted 1 tables on page 380
2025-12-08 22:00:08,822 [INFO] usb_pd_parser:573 - Detected Table 7.14 on page 380 (rows:5)
2025-12-08 22:00:09,006 [INFO] usb_pd_parser:654 - Section started 7.3.1.4 'Changing Voltage or Current within the same AVS APDO' p381
2025-12-08 22:00:09,006 [INFO] usb_pd_parser:654 - Section started 7.3.1.4.1 'Increasing the Adjustable Voltage Supply (AVS) Voltage' p381
2025-12-08 22:00:09,226 [INFO] usb_pd_parser:590 - Figure detected Figure 7.36 p382
2025-12-08 22:00:09,364 [INFO] usb_pd_parser:397 - Smart text-aware crop saved for Figure 7.36 p382 -> output\figures\Figure_7.36_page_382_crop.png
2025-12-08 22:00:09,364 [INFO] usb_pd_parser:618 - Detected Figure 7.36 on page 382 (images:1)
2025-12-08 22:00:09,775 [INFO] usb_pd_parser:543 - Table detected Table 7.15 p383
2025-12-08 22:00:14,695 [INFO] usb_pd_parser:430 - Camelot extracted 1 tables on page 383
2025-12-08 22:00:14,699 [INFO] usb_pd_parser:573 - Detected Table 7.15 on page 383 (rows:6)
2025-12-08 22:00:14,912 [INFO] usb_pd_parser:654 - Section started 7.3.1.4.2 'Decreasing the Adjustable Voltage Supply (AVS) Voltage' p384
2025-12-08 22:00:15,089 [INFO] usb_pd_parser:590 - Figure detected Figure 7.37 p385
2025-12-08 22:00:15,203 [INFO] usb_pd_parser:397 - Smart text-aware crop saved for Figure 7.37 p385 -> output\figures\Figure_7.37_page_385_crop.png
2025-12-08 22:00:15,203 [INFO] usb_pd_parser:618 - Detected Figure 7.37 on page 385 (images:1)
2025-12-08 22:00:15,555 [INFO] usb_pd_parser:543 - Table detected Table 7.16 p386
2025-12-08 22:00:21,754 [INFO] usb_pd_parser:430 - Camelot extracted 1 tables on page 386
2025-12-08 22:00:21,754 [INFO] usb_pd_parser:573 - Detected Table 7.16 on page 386 (rows:6)
2025-12-08 22:00:22,237 [INFO] usb_pd_parser:654 - Section started 7.3.1.4.3 'Same Request Adjustable Voltage Supply (AVS) Voltage' p387
2025-12-08 22:00:22,237 [INFO] usb_pd_parser:590 - Figure detected Figure 7.38 p387
2025-12-08 22:00:22,303 [INFO] usb_pd_parser:397 - Smart text-aware crop saved for Figure 7.38 p387 -> output\figures\Figure_7.38_page_387_crop.png
2025-12-08 22:00:22,304 [INFO] usb_pd_parser:618 - Detected Figure 7.38 on page 387 (images:1)
2025-12-08 22:00:22,304 [INFO] usb_pd_parser:543 - Table detected Table 7.17 p387
2025-12-08 22:00:29,443 [INFO] usb_pd_parser:430 - Camelot extracted 1 tables on page 387
2025-12-08 22:00:29,453 [INFO] usb_pd_parser:573 - Detected Table 7.17 on page 387 (rows:5)
2025-12-08 22:00:29,626 [INFO] usb_pd_parser:654 - Section started 7.3.2 'Transitions Caused by Power Role Swap' p388
2025-12-08 22:00:29,626 [INFO] usb_pd_parser:654 - Section started 7.3.2.1 'Sink Requested Power Role Swap' p388
2025-12-08 22:00:31,348 [INFO] usb_pd_parser:590 - Figure detected Figure 7.39 p389
2025-12-08 22:00:31,531 [INFO] usb_pd_parser:397 - Smart text-aware crop saved for Figure 7.39 p389 -> output\figures\Figure_7.39_page_389_crop.png
2025-12-08 22:00:31,535 [INFO] usb_pd_parser:618 - Detected Figure 7.39 on page 389 (images:1)
2025-12-08 22:00:32,039 [INFO] usb_pd_parser:543 - Table detected Table 7.18 p390
2025-12-08 22:00:38,115 [INFO] usb_pd_parser:430 - Camelot extracted 1 tables on page 390
2025-12-08 22:00:38,131 [INFO] usb_pd_parser:573 - Detected Table 7.18 on page 390 (rows:9)
2025-12-08 22:00:38,137 [INFO] usb_pd_parser:654 - Section started 5 'The power supply is ready, and the' p390
2025-12-08 22:00:38,333 [INFO] usb_pd_parser:543 - Table detected Table 7.18 p391
2025-12-08 22:00:42,766 [INFO] usb_pd_parser:430 - Camelot extracted 1 tables on page 391
2025-12-08 22:00:42,774 [INFO] usb_pd_parser:573 - Detected Table 7.18 on page 391 (rows:3)
2025-12-08 22:00:42,939 [INFO] usb_pd_parser:654 - Section started 7.3.2.2 'Source Requested Power Role Swap' p392
2025-12-08 22:00:45,305 [INFO] usb_pd_parser:590 - Figure detected Figure 7.40 p393
2025-12-08 22:00:45,523 [INFO] usb_pd_parser:397 - Smart text-aware crop saved for Figure 7.40 p393 -> output\figures\Figure_7.40_page_393_crop.png
2025-12-08 22:00:45,523 [INFO] usb_pd_parser:618 - Detected Figure 7.40 on page 393 (images:1)
2025-12-08 22:00:46,080 [INFO] usb_pd_parser:543 - Table detected Table 7.19 p394
2025-12-08 22:00:53,568 [INFO] usb_pd_parser:430 - Camelot extracted 1 tables on page 394
2025-12-08 22:00:53,584 [INFO] usb_pd_parser:573 - Detected Table 7.19 on page 394 (rows:9)
2025-12-08 22:00:53,789 [INFO] usb_pd_parser:543 - Table detected Table 7.19 p395
2025-12-08 22:00:58,048 [INFO] usb_pd_parser:430 - Camelot extracted 1 tables on page 395
2025-12-08 22:00:58,048 [INFO] usb_pd_parser:573 - Detected Table 7.19 on page 395 (rows:3)
2025-12-08 22:00:58,177 [INFO] usb_pd_parser:654 - Section started 7.3.3 'Transitions Caused by Hard Reset' p396
2025-12-08 22:00:58,177 [INFO] usb_pd_parser:654 - Section started 7.3.3.1 'Source Initiated Hard Reset' p396
2025-12-08 22:00:58,738 [INFO] usb_pd_parser:590 - Figure detected Figure 7.41 p397
2025-12-08 22:00:58,821 [INFO] usb_pd_parser:397 - Smart text-aware crop saved for Figure 7.41 p397 -> output\figures\Figure_7.41_page_397_crop.png
2025-12-08 22:00:58,825 [INFO] usb_pd_parser:618 - Detected Figure 7.41 on page 397 (images:1)
2025-12-08 22:00:58,825 [INFO] usb_pd_parser:543 - Table detected Table 7.20 p397
2025-12-08 22:01:05,205 [INFO] usb_pd_parser:430 - Camelot extracted 1 tables on page 397
2025-12-08 22:01:05,213 [INFO] usb_pd_parser:573 - Detected Table 7.20 on page 397 (rows:6)
2025-12-08 22:01:05,341 [INFO] usb_pd_parser:654 - Section started 7.3.3.2 'Sink Initiated Hard Reset' p398
2025-12-08 22:01:05,845 [INFO] usb_pd_parser:590 - Figure detected Figure 7.42 p399
2025-12-08 22:01:05,927 [INFO] usb_pd_parser:397 - Smart text-aware crop saved for Figure 7.42 p399 -> output\figures\Figure_7.42_page_399_crop.png
2025-12-08 22:01:05,937 [INFO] usb_pd_parser:618 - Detected Figure 7.42 on page 399 (images:1)
2025-12-08 22:01:05,937 [INFO] usb_pd_parser:543 - Table detected Table 7.21 p399
2025-12-08 22:01:11,130 [INFO] usb_pd_parser:430 - Camelot extracted 1 tables on page 399
2025-12-08 22:01:11,148 [INFO] usb_pd_parser:573 - Detected Table 7.21 on page 399 (rows:7)
2025-12-08 22:01:11,331 [INFO] usb_pd_parser:654 - Section started 7.3.4 'Transitions Caused by Fast Role Swap' p400
2025-12-08 22:01:11,331 [INFO] usb_pd_parser:654 - Section started 7.3.4.1 'Fast Role Swap' p400
2025-12-08 22:01:11,570 [INFO] usb_pd_parser:590 - Figure detected Figure 7.43 p401
2025-12-08 22:01:11,722 [INFO] usb_pd_parser:397 - Smart text-aware crop saved for Figure 7.43 p401 -> output\figures\Figure_7.43_page_401_crop.png
2025-12-08 22:01:11,722 [INFO] usb_pd_parser:618 - Detected Figure 7.43 on page 401 (images:1)
2025-12-08 22:01:13,570 [INFO] usb_pd_parser:543 - Table detected Table 7.22 p402
2025-12-08 22:01:19,553 [INFO] usb_pd_parser:430 - Camelot extracted 1 tables on page 402
2025-12-08 22:01:19,556 [INFO] usb_pd_parser:573 - Detected Table 7.22 on page 402 (rows:15)
2025-12-08 22:01:19,764 [INFO] usb_pd_parser:543 - Table detected Table 7.22 p403
2025-12-08 22:01:23,742 [INFO] usb_pd_parser:430 - Camelot extracted 1 tables on page 403
2025-12-08 22:01:23,742 [INFO] usb_pd_parser:573 - Detected Table 7.22 on page 403 (rows:4)
2025-12-08 22:01:24,068 [INFO] usb_pd_parser:654 - Section started 7.4 'Electrical Parameters' p404
2025-12-08 22:01:24,069 [INFO] usb_pd_parser:654 - Section started 7.4.1 'Source Electrical Parameters' p404
2025-12-08 22:01:24,069 [INFO] usb_pd_parser:543 - Table detected Table 7.23 p404
2025-12-08 22:01:30,581 [INFO] usb_pd_parser:430 - Camelot extracted 1 tables on page 404
2025-12-08 22:01:30,593 [INFO] usb_pd_parser:573 - Detected Table 7.23 on page 404 (rows:14)
2025-12-08 22:01:31,130 [INFO] usb_pd_parser:543 - Table detected Table 7.23 p405
2025-12-08 22:01:36,895 [INFO] usb_pd_parser:430 - Camelot extracted 1 tables on page 405
2025-12-08 22:01:36,904 [INFO] usb_pd_parser:573 - Detected Table 7.23 on page 405 (rows:12)
2025-12-08 22:01:36,908 [INFO] usb_pd_parser:590 - Figure detected Figure 7.39 p405
2025-12-08 22:01:36,942 [INFO] usb_pd_parser:397 - Smart text-aware crop saved for Figure 7.39 p405 -> output\figures\Figure_7.39_page_405_crop.png
2025-12-08 22:01:36,942 [INFO] usb_pd_parser:618 - Detected Figure 7.39 on page 405 (images:1)
2025-12-08 22:01:36,942 [INFO] usb_pd_parser:590 - Figure detected Figure 7.40 p405
2025-12-08 22:01:36,976 [INFO] usb_pd_parser:397 - Smart text-aware crop saved for Figure 7.40 p405 -> output\figures\Figure_7.40_page_405_crop.png
2025-12-08 22:01:36,978 [INFO] usb_pd_parser:618 - Detected Figure 7.40 on page 405 (images:1)
2025-12-08 22:01:37,279 [INFO] usb_pd_parser:543 - Table detected Table 7.23 p406
2025-12-08 22:01:44,355 [INFO] usb_pd_parser:430 - Camelot extracted 1 tables on page 406
2025-12-08 22:01:44,361 [INFO] usb_pd_parser:573 - Detected Table 7.23 on page 406 (rows:6)
2025-12-08 22:01:44,676 [INFO] usb_pd_parser:543 - Table detected Table 7.23 p407
2025-12-08 22:01:49,808 [INFO] usb_pd_parser:430 - Camelot extracted 1 tables on page 407
2025-12-08 22:01:49,808 [INFO] usb_pd_parser:573 - Detected Table 7.23 on page 407 (rows:9)
2025-12-08 22:01:49,808 [INFO] usb_pd_parser:590 - Figure detected Figure 7.2 p407
2025-12-08 22:01:49,837 [INFO] usb_pd_parser:397 - Smart text-aware crop saved for Figure 7.2 p407 -> output\figures\Figure_7.2_page_407_crop.png
2025-12-08 22:01:49,839 [INFO] usb_pd_parser:618 - Detected Figure 7.2 on page 407 (images:1)
2025-12-08 22:01:49,841 [INFO] usb_pd_parser:590 - Figure detected Figure 7.3 p407
2025-12-08 22:01:49,901 [INFO] usb_pd_parser:397 - Smart text-aware crop saved for Figure 7.3 p407 -> output\figures\Figure_7.3_page_407_crop.png
2025-12-08 22:01:49,903 [INFO] usb_pd_parser:618 - Detected Figure 7.3 on page 407 (images:1)
2025-12-08 22:01:49,903 [INFO] usb_pd_parser:590 - Figure detected Figure 7.2 p407
2025-12-08 22:01:50,170 [INFO] usb_pd_parser:397 - Smart text-aware crop saved for Figure 7.2 p407 -> output\figures\Figure_7.2_page_407_crop.png
2025-12-08 22:01:50,171 [INFO] usb_pd_parser:618 - Detected Figure 7.2 on page 407 (images:1)
2025-12-08 22:01:50,172 [INFO] usb_pd_parser:590 - Figure detected Figure 7.17 p407
2025-12-08 22:01:50,193 [INFO] usb_pd_parser:397 - Smart text-aware crop saved for Figure 7.17 p407 -> output\figures\Figure_7.17_page_407_crop.png
2025-12-08 22:01:50,193 [INFO] usb_pd_parser:618 - Detected Figure 7.17 on page 407 (images:1)
2025-12-08 22:01:50,196 [INFO] usb_pd_parser:590 - Figure detected Figure 7.18 p407
2025-12-08 22:01:50,213 [INFO] usb_pd_parser:397 - Smart text-aware crop saved for Figure 7.18 p407 -> output\figures\Figure_7.18_page_407_crop.png
2025-12-08 22:01:50,213 [INFO] usb_pd_parser:618 - Detected Figure 7.18 on page 407 (images:1)
2025-12-08 22:01:50,528 [INFO] usb_pd_parser:543 - Table detected Table 7.23 p408
2025-12-08 22:01:59,846 [INFO] usb_pd_parser:430 - Camelot extracted 1 tables on page 408
2025-12-08 22:01:59,865 [INFO] usb_pd_parser:573 - Detected Table 7.23 on page 408 (rows:7)
2025-12-08 22:02:01,149 [INFO] usb_pd_parser:543 - Table detected Table 7.23 p409
2025-12-08 22:02:06,115 [INFO] usb_pd_parser:430 - Camelot extracted 1 tables on page 409
2025-12-08 22:02:06,115 [INFO] usb_pd_parser:573 - Detected Table 7.23 on page 409 (rows:9)
2025-12-08 22:02:06,132 [INFO] usb_pd_parser:590 - Figure detected Figure 7.10 p409
2025-12-08 22:02:06,153 [INFO] usb_pd_parser:397 - Smart text-aware crop saved for Figure 7.10 p409 -> output\figures\Figure_7.10_page_409_crop.png
2025-12-08 22:02:06,154 [INFO] usb_pd_parser:618 - Detected Figure 7.10 on page 409 (images:1)
2025-12-08 22:02:06,154 [INFO] usb_pd_parser:543 - Table detected Table 7.20 p409
2025-12-08 22:02:12,364 [INFO] usb_pd_parser:430 - Camelot extracted 1 tables on page 409
2025-12-08 22:02:12,364 [INFO] usb_pd_parser:573 - Detected Table 7.20 on page 409 (rows:9)
2025-12-08 22:02:12,364 [INFO] usb_pd_parser:543 - Table detected Table 7.21 p409
2025-12-08 22:02:17,077 [INFO] usb_pd_parser:430 - Camelot extracted 1 tables on page 409
2025-12-08 22:02:17,077 [INFO] usb_pd_parser:573 - Detected Table 7.21 on page 409 (rows:9)
2025-12-08 22:02:17,077 [INFO] usb_pd_parser:526 - Section started 1.05 'V' p409
2025-12-08 22:02:17,433 [INFO] usb_pd_parser:543 - Table detected Table 7.23 p410
2025-12-08 22:02:22,020 [INFO] usb_pd_parser:430 - Camelot extracted 1 tables on page 410
2025-12-08 22:02:22,034 [INFO] usb_pd_parser:573 - Detected Table 7.23 on page 410 (rows:13)
2025-12-08 22:02:22,034 [INFO] usb_pd_parser:526 - Section started 1.05 'Voltage' p410
2025-12-08 22:02:22,037 [INFO] usb_pd_parser:526 - Section started 1.05 'Voltage' p410
2025-12-08 22:02:22,037 [INFO] usb_pd_parser:526 - Section started 0.85 'Section 7.1.8.3' p410
2025-12-08 22:02:22,040 [INFO] usb_pd_parser:526 - Section started 0.95 'Programmable Power -30 mV/µs' p410
2025-12-08 22:02:22,370 [INFO] usb_pd_parser:543 - Table detected Table 7.23 p411
2025-12-08 22:02:27,081 [INFO] usb_pd_parser:430 - Camelot extracted 1 tables on page 411
2025-12-08 22:02:27,081 [INFO] usb_pd_parser:573 - Detected Table 7.23 on page 411 (rows:12)
2025-12-08 22:02:27,097 [INFO] usb_pd_parser:590 - Figure detected Figure 7.10 p411
2025-12-08 22:02:27,123 [INFO] usb_pd_parser:397 - Smart text-aware crop saved for Figure 7.10 p411 -> output\figures\Figure_7.10_page_411_crop.png
2025-12-08 22:02:27,128 [INFO] usb_pd_parser:618 - Detected Figure 7.10 on page 411 (images:1)
2025-12-08 22:02:27,128 [INFO] usb_pd_parser:543 - Table detected Table 7.2 p411
2025-12-08 22:02:31,841 [INFO] usb_pd_parser:430 - Camelot extracted 1 tables on page 411
2025-12-08 22:02:31,850 [INFO] usb_pd_parser:573 - Detected Table 7.2 on page 411 (rows:12)
2025-12-08 22:02:31,850 [INFO] usb_pd_parser:543 - Table detected Table 6.10 p411
2025-12-08 22:02:37,970 [INFO] usb_pd_parser:430 - Camelot extracted 1 tables on page 411
2025-12-08 22:02:37,977 [INFO] usb_pd_parser:573 - Detected Table 6.10 on page 411 (rows:12)
2025-12-08 22:02:37,977 [INFO] usb_pd_parser:590 - Figure detected Figure 7.14 p411
2025-12-08 22:02:37,995 [INFO] usb_pd_parser:397 - Smart text-aware crop saved for Figure 7.14 p411 -> output\figures\Figure_7.14_page_411_crop.png
2025-12-08 22:02:37,995 [INFO] usb_pd_parser:618 - Detected Figure 7.14 on page 411 (images:1)
2025-12-08 22:02:38,002 [INFO] usb_pd_parser:543 - Table detected Table 7.2 p411
2025-12-08 22:02:42,484 [INFO] usb_pd_parser:430 - Camelot extracted 1 tables on page 411
2025-12-08 22:02:42,488 [INFO] usb_pd_parser:573 - Detected Table 7.2 on page 411 (rows:12)
2025-12-08 22:02:42,642 [INFO] usb_pd_parser:543 - Table detected Table 7.23 p412
2025-12-08 22:02:46,543 [INFO] usb_pd_parser:430 - Camelot extracted 1 tables on page 412
2025-12-08 22:02:46,546 [INFO] usb_pd_parser:573 - Detected Table 7.23 on page 412 (rows:4)
2025-12-08 22:02:46,548 [INFO] usb_pd_parser:590 - Figure detected Figure 7.2 p412
2025-12-08 22:02:46,570 [INFO] usb_pd_parser:397 - Smart text-aware crop saved for Figure 7.2 p412 -> output\figures\Figure_7.2_page_412_crop.png
2025-12-08 22:02:46,573 [INFO] usb_pd_parser:618 - Detected Figure 7.2 on page 412 (images:1)
2025-12-08 22:02:46,573 [INFO] usb_pd_parser:590 - Figure detected Figure 7.2 p412
2025-12-08 22:02:46,590 [INFO] usb_pd_parser:397 - Smart text-aware crop saved for Figure 7.2 p412 -> output\figures\Figure_7.2_page_412_crop.png
2025-12-08 22:02:46,590 [INFO] usb_pd_parser:618 - Detected Figure 7.2 on page 412 (images:1)
2025-12-08 22:02:46,592 [INFO] usb_pd_parser:590 - Figure detected Figure 7.3 p412
2025-12-08 22:02:46,604 [INFO] usb_pd_parser:397 - Smart text-aware crop saved for Figure 7.3 p412 -> output\figures\Figure_7.3_page_412_crop.png
2025-12-08 22:02:46,605 [INFO] usb_pd_parser:618 - Detected Figure 7.3 on page 412 (images:1)
2025-12-08 22:02:46,957 [INFO] usb_pd_parser:654 - Section started 7.4.2 'Sink Electrical Parameters' p413
2025-12-08 22:02:46,957 [INFO] usb_pd_parser:543 - Table detected Table 7.24 p413
2025-12-08 22:02:51,576 [INFO] usb_pd_parser:430 - Camelot extracted 1 tables on page 413
2025-12-08 22:02:51,584 [INFO] usb_pd_parser:573 - Detected Table 7.24 on page 413 (rows:12)
2025-12-08 22:02:51,586 [INFO] usb_pd_parser:590 - Figure detected Figure 7.29 p413
2025-12-08 22:02:51,611 [INFO] usb_pd_parser:397 - Smart text-aware crop saved for Figure 7.29 p413 -> output\figures\Figure_7.29_page_413_crop.png
2025-12-08 22:02:51,611 [INFO] usb_pd_parser:618 - Detected Figure 7.29 on page 413 (images:1)
2025-12-08 22:02:51,611 [INFO] usb_pd_parser:590 - Figure detected Figure 7.30 p413
2025-12-08 22:02:51,628 [INFO] usb_pd_parser:397 - Smart text-aware crop saved for Figure 7.30 p413 -> output\figures\Figure_7.30_page_413_crop.png
2025-12-08 22:02:51,628 [INFO] usb_pd_parser:618 - Detected Figure 7.30 on page 413 (images:1)
2025-12-08 22:02:52,026 [INFO] usb_pd_parser:543 - Table detected Table 7.24 p414
2025-12-08 22:02:58,174 [INFO] usb_pd_parser:430 - Camelot extracted 1 tables on page 414
2025-12-08 22:02:58,192 [INFO] usb_pd_parser:573 - Detected Table 7.24 on page 414 (rows:13)
2025-12-08 22:02:58,192 [INFO] usb_pd_parser:543 - Table detected Table 7.18 p414
2025-12-08 22:03:03,280 [INFO] usb_pd_parser:430 - Camelot extracted 1 tables on page 414
2025-12-08 22:03:03,288 [INFO] usb_pd_parser:573 - Detected Table 7.18 on page 414 (rows:13)
2025-12-08 22:03:03,288 [INFO] usb_pd_parser:543 - Table detected Table 7.19 p414
2025-12-08 22:03:07,826 [INFO] usb_pd_parser:430 - Camelot extracted 1 tables on page 414
2025-12-08 22:03:07,842 [INFO] usb_pd_parser:573 - Detected Table 7.19 on page 414 (rows:13)
2025-12-08 22:03:07,842 [INFO] usb_pd_parser:543 - Table detected Table 7.12 p414
2025-12-08 22:03:12,426 [INFO] usb_pd_parser:430 - Camelot extracted 1 tables on page 414
2025-12-08 22:03:12,426 [INFO] usb_pd_parser:573 - Detected Table 7.12 on page 414 (rows:13)
2025-12-08 22:03:12,426 [INFO] usb_pd_parser:543 - Table detected Table 7.20 p414
2025-12-08 22:03:17,017 [INFO] usb_pd_parser:430 - Camelot extracted 1 tables on page 414
2025-12-08 22:03:17,034 [INFO] usb_pd_parser:573 - Detected Table 7.20 on page 414 (rows:13)
2025-12-08 22:03:17,380 [INFO] usb_pd_parser:654 - Section started 7.4.3 'Common Electrical Parameters' p415
2025-12-08 22:03:17,380 [INFO] usb_pd_parser:543 - Table detected Table 7.25 p415
2025-12-08 22:03:23,523 [INFO] usb_pd_parser:430 - Camelot extracted 1 tables on page 415
2025-12-08 22:03:23,529 [INFO] usb_pd_parser:573 - Detected Table 7.25 on page 415 (rows:9)
2025-12-08 22:03:23,529 [INFO] usb_pd_parser:590 - Figure detected Figure 7.10 p415
2025-12-08 22:03:23,550 [INFO] usb_pd_parser:397 - Smart text-aware crop saved for Figure 7.10 p415 -> output\figures\Figure_7.10_page_415_crop.png
2025-12-08 22:03:23,550 [INFO] usb_pd_parser:618 - Detected Figure 7.10 on page 415 (images:1)
2025-12-08 22:03:23,550 [INFO] usb_pd_parser:543 - Table detected Table 7.20 p415
2025-12-08 22:03:28,081 [INFO] usb_pd_parser:430 - Camelot extracted 1 tables on page 415
2025-12-08 22:03:28,081 [INFO] usb_pd_parser:573 - Detected Table 7.20 on page 415 (rows:9)
2025-12-08 22:03:28,081 [INFO] usb_pd_parser:543 - Table detected Table 7.21 p415
2025-12-08 22:03:32,585 [INFO] usb_pd_parser:430 - Camelot extracted 1 tables on page 415
2025-12-08 22:03:32,585 [INFO] usb_pd_parser:573 - Detected Table 7.21 on page 415 (rows:9)
2025-12-08 22:03:32,585 [INFO] usb_pd_parser:590 - Figure detected Figure 7.10 p415
2025-12-08 22:03:32,618 [INFO] usb_pd_parser:397 - Smart text-aware crop saved for Figure 7.10 p415 -> output\figures\Figure_7.10_page_415_crop.png
2025-12-08 22:03:32,618 [INFO] usb_pd_parser:618 - Detected Figure 7.10 on page 415 (images:1)
2025-12-08 22:03:32,618 [INFO] usb_pd_parser:543 - Table detected Table 7.20 p415
2025-12-08 22:03:37,248 [INFO] usb_pd_parser:430 - Camelot extracted 1 tables on page 415
2025-12-08 22:03:37,255 [INFO] usb_pd_parser:573 - Detected Table 7.20 on page 415 (rows:9)
2025-12-08 22:03:37,257 [INFO] usb_pd_parser:543 - Table detected Table 7.21 p415
2025-12-08 22:03:43,175 [INFO] usb_pd_parser:430 - Camelot extracted 1 tables on page 415
2025-12-08 22:03:43,191 [INFO] usb_pd_parser:573 - Detected Table 7.21 on page 415 (rows:9)
2025-12-08 22:03:43,191 [INFO] usb_pd_parser:590 - Figure detected Figure 7.19 p415
2025-12-08 22:03:43,216 [INFO] usb_pd_parser:397 - Smart text-aware crop saved for Figure 7.19 p415 -> output\figures\Figure_7.19_page_415_crop.png
2025-12-08 22:03:43,216 [INFO] usb_pd_parser:618 - Detected Figure 7.19 on page 415 (images:1)
2025-12-08 22:03:43,217 [INFO] usb_pd_parser:590 - Figure detected Figure 7.20 p415
2025-12-08 22:03:43,257 [INFO] usb_pd_parser:397 - Smart text-aware crop saved for Figure 7.20 p415 -> output\figures\Figure_7.20_page_415_crop.png
2025-12-08 22:03:43,257 [INFO] usb_pd_parser:618 - Detected Figure 7.20 on page 415 (images:1)
2025-12-08 22:03:43,261 [INFO] usb_pd_parser:590 - Figure detected Figure 7.19 p415
2025-12-08 22:03:43,280 [INFO] usb_pd_parser:397 - Smart text-aware crop saved for Figure 7.19 p415 -> output\figures\Figure_7.19_page_415_crop.png
2025-12-08 22:03:43,280 [INFO] usb_pd_parser:618 - Detected Figure 7.19 on page 415 (images:1)
2025-12-08 22:03:43,285 [INFO] usb_pd_parser:590 - Figure detected Figure 7.20 p415
2025-12-08 22:03:43,424 [INFO] usb_pd_parser:397 - Smart text-aware crop saved for Figure 7.20 p415 -> output\figures\Figure_7.20_page_415_crop.png
2025-12-08 22:03:43,435 [INFO] usb_pd_parser:618 - Detected Figure 7.20 on page 415 (images:1)
2025-12-08 22:03:43,445 [INFO] usb_pd_parser:590 - Figure detected Figure 7.19 p415
2025-12-08 22:03:43,485 [INFO] usb_pd_parser:397 - Smart text-aware crop saved for Figure 7.19 p415 -> output\figures\Figure_7.19_page_415_crop.png
2025-12-08 22:03:43,489 [INFO] usb_pd_parser:618 - Detected Figure 7.19 on page 415 (images:1)
2025-12-08 22:03:43,489 [INFO] usb_pd_parser:590 - Figure detected Figure 7.20 p415
2025-12-08 22:03:43,543 [INFO] usb_pd_parser:397 - Smart text-aware crop saved for Figure 7.20 p415 -> output\figures\Figure_7.20_page_415_crop.png
2025-12-08 22:03:43,543 [INFO] usb_pd_parser:618 - Detected Figure 7.20 on page 415 (images:1)
2025-12-08 22:03:43,629 [INFO] usb_pd_parser:654 - Section started 8 'Device Policy' p416
2025-12-08 22:03:43,629 [INFO] usb_pd_parser:654 - Section started 8.1 'Overview' p416
2025-12-08 22:03:44,447 [INFO] usb_pd_parser:654 - Section started 8.2 'Device Policy Manager' p417
2025-12-08 22:03:45,091 [INFO] usb_pd_parser:654 - Section started 8.2.1 'Capabilities' p418
2025-12-08 22:03:45,091 [INFO] usb_pd_parser:654 - Section started 8.2.2 'System Policy' p418
2025-12-08 22:03:45,605 [INFO] usb_pd_parser:654 - Section started 8.2.3 'Control of Source/Sink' p419
2025-12-08 22:03:45,612 [INFO] usb_pd_parser:654 - Section started 8.2.4 'Cable Detection' p419
2025-12-08 22:03:45,618 [INFO] usb_pd_parser:654 - Section started 8.2.4.1 'Device Policy Manager in a Provider' p419
2025-12-08 22:03:45,621 [INFO] usb_pd_parser:654 - Section started 8.2.4.2 'Device Policy Manager in a Consumer' p419
2025-12-08 22:03:45,622 [INFO] usb_pd_parser:654 - Section started 8.2.4.3 'Device Policy Manager in a Consumer/Provider' p419
2025-12-08 22:03:45,632 [INFO] usb_pd_parser:654 - Section started 8.2.4.4 'Device Policy Manager in a Provider/Consumer' p419
2025-12-08 22:03:46,380 [INFO] usb_pd_parser:654 - Section started 8.2.5 'Managing Power Requirements' p420
2025-12-08 22:03:46,380 [INFO] usb_pd_parser:654 - Section started 8.2.5.1 'Managing the Power Reserve' p420
2025-12-08 22:03:46,380 [INFO] usb_pd_parser:654 - Section started 8.2.5.2 'Power Capability Mismatch' p420
2025-12-08 22:03:46,384 [INFO] usb_pd_parser:654 - Section started 8.2.5.2.1 'Local device handling of mismatch' p420
2025-12-08 22:03:46,386 [INFO] usb_pd_parser:654 - Section started 8.2.5.2.2 'Device Policy Manager Communication with System Policy' p420
2025-12-08 22:03:47,009 [INFO] usb_pd_parser:654 - Section started 8.2.6.1 'AC Supplies' p421
2025-12-08 22:03:47,504 [INFO] usb_pd_parser:590 - Figure detected Figure 8.1 p422
2025-12-08 22:03:47,634 [INFO] usb_pd_parser:397 - Smart text-aware crop saved for Figure 8.1 p422 -> output\figures\Figure_8.1_page_422_crop.png
2025-12-08 22:03:47,634 [INFO] usb_pd_parser:618 - Detected Figure 8.1 on page 422 (images:1)
2025-12-08 22:03:47,634 [INFO] usb_pd_parser:654 - Section started 8.2.6.2 'Battery Supplies' p422
2025-12-08 22:03:48,049 [INFO] usb_pd_parser:654 - Section started 8.2.7 'Interface to the Policy Engine' p423
2025-12-08 22:03:48,049 [INFO] usb_pd_parser:654 - Section started 8.2.7.1 'Device Policy Manager in a Provider' p423
2025-12-08 22:03:48,049 [INFO] usb_pd_parser:654 - Section started 8.2.7.2 'Device Policy Manager in a Consumer' p423
2025-12-08 22:03:48,049 [INFO] usb_pd_parser:654 - Section started 8.2.7.3 'Device Policy Manager in a Dual-Role Power Device' p423
2025-12-08 22:03:48,052 [INFO] usb_pd_parser:654 - Section started 8.2.7.4 'Device Policy Manager in a Dual-Role Power Device Dead Bat -' p423
2025-12-08 22:03:48,124 [INFO] usb_pd_parser:654 - Section started 8.3 'Policy Engine' p424
2025-12-08 22:03:48,124 [INFO] usb_pd_parser:654 - Section started 8.3.1 'Introduction' p424
2025-12-08 22:03:48,484 [INFO] usb_pd_parser:654 - Section started 8.3.2 'Atomic Message Sequence Diagrams' p425
2025-12-08 22:03:48,484 [INFO] usb_pd_parser:654 - Section started 8.3.2.1 'Introduction' p425
2025-12-08 22:03:48,930 [INFO] usb_pd_parser:654 - Section started 8.3.2.1.1 'Basic Message Exchange' p426
2025-12-08 22:03:48,940 [INFO] usb_pd_parser:590 - Figure detected Figure 8.2 p426
2025-12-08 22:03:48,976 [INFO] usb_pd_parser:397 - Smart text-aware crop saved for Figure 8.2 p426 -> output\figures\Figure_8.2_page_426_crop.png
2025-12-08 22:03:48,976 [INFO] usb_pd_parser:618 - Detected Figure 8.2 on page 426 (images:1)
2025-12-08 22:03:48,976 [INFO] usb_pd_parser:543 - Table detected Table 8.1 p426
2025-12-08 22:04:01,936 [INFO] usb_pd_parser:430 - Camelot extracted 1 tables on page 426
2025-12-08 22:04:01,936 [INFO] usb_pd_parser:573 - Detected Table 8.1 on page 426 (rows:10)
2025-12-08 22:04:02,475 [INFO] usb_pd_parser:654 - Section started 8.3.2.1.2 'Errors in Basic Message flow' p427
2025-12-08 22:04:02,475 [INFO] usb_pd_parser:590 - Figure detected Figure 8.3 p427
2025-12-08 22:04:02,575 [INFO] usb_pd_parser:397 - Smart text-aware crop saved for Figure 8.3 p427 -> output\figures\Figure_8.3_page_427_crop.png
2025-12-08 22:04:02,575 [INFO] usb_pd_parser:618 - Detected Figure 8.3 on page 427 (images:1)
2025-12-08 22:04:02,575 [INFO] usb_pd_parser:543 - Table detected Table 8.2 p427
2025-12-08 22:04:07,775 [INFO] usb_pd_parser:430 - Camelot extracted 1 tables on page 427
2025-12-08 22:04:07,784 [INFO] usb_pd_parser:573 - Detected Table 8.2 on page 427 (rows:6)
2025-12-08 22:04:08,196 [INFO] usb_pd_parser:543 - Table detected Table 8.2 p428
2025-12-08 22:04:12,880 [INFO] usb_pd_parser:430 - Camelot extracted 2 tables on page 428
2025-12-08 22:04:12,896 [INFO] usb_pd_parser:573 - Detected Table 8.2 on page 428 (rows:3)
2025-12-08 22:04:12,896 [INFO] usb_pd_parser:573 - Detected Table 8.2 on page 428 (rows:4)
2025-12-08 22:04:12,896 [INFO] usb_pd_parser:590 - Figure detected Figure 8.4 p428
2025-12-08 22:04:13,003 [INFO] usb_pd_parser:397 - Smart text-aware crop saved for Figure 8.4 p428 -> output\figures\Figure_8.4_page_428_crop.png
2025-12-08 22:04:13,003 [INFO] usb_pd_parser:618 - Detected Figure 8.4 on page 428 (images:1)
2025-12-08 22:04:13,325 [INFO] usb_pd_parser:543 - Table detected Table 8.3 p429
2025-12-08 22:04:19,729 [INFO] usb_pd_parser:430 - Camelot extracted 1 tables on page 429
2025-12-08 22:04:19,729 [INFO] usb_pd_parser:573 - Detected Table 8.3 on page 429 (rows:12)
2025-12-08 22:04:20,338 [INFO] usb_pd_parser:654 - Section started 8.3.2.1.3 'Atomic Message Sequences' p430
2025-12-08 22:04:20,338 [INFO] usb_pd_parser:543 - Table detected Table 8.4 p430
2025-12-08 22:04:25,646 [INFO] usb_pd_parser:430 - Camelot extracted 1 tables on page 430
2025-12-08 22:04:25,654 [INFO] usb_pd_parser:573 - Detected Table 8.4 on page 430 (rows:28)
2025-12-08 22:04:25,903 [INFO] usb_pd_parser:654 - Section started 8.3.2.1.3.1 'AMS: Power Negotiation (SPR)' p431
2025-12-08 22:04:25,903 [INFO] usb_pd_parser:543 - Table detected Table 8.5 p431
2025-12-08 22:04:30,870 [INFO] usb_pd_parser:430 - Camelot extracted 1 tables on page 431
2025-12-08 22:04:30,878 [INFO] usb_pd_parser:573 - Detected Table 8.5 on page 431 (rows:8)
2025-12-08 22:04:31,829 [INFO] usb_pd_parser:654 - Section started 8.3.2.1.3.2 'AMS: Power Negotiation (EPR)' p432
2025-12-08 22:04:31,838 [INFO] usb_pd_parser:543 - Table detected Table 8.6 p432
2025-12-08 22:04:37,869 [INFO] usb_pd_parser:430 - Camelot extracted 1 tables on page 432
2025-12-08 22:04:37,872 [INFO] usb_pd_parser:573 - Detected Table 8.6 on page 432 (rows:4)
2025-12-08 22:04:38,210 [INFO] usb_pd_parser:543 - Table detected Table 8.6 p433
2025-12-08 22:04:44,287 [INFO] usb_pd_parser:430 - Camelot extracted 1 tables on page 433
2025-12-08 22:04:44,302 [INFO] usb_pd_parser:573 - Detected Table 8.6 on page 433 (rows:10)
2025-12-08 22:04:44,720 [INFO] usb_pd_parser:654 - Section started 8.3.2.1.3.3 'AMS: Unsupported Message' p434
2025-12-08 22:04:44,720 [INFO] usb_pd_parser:543 - Table detected Table 8.7 p434
2025-12-08 22:04:49,816 [INFO] usb_pd_parser:430 - Camelot extracted 3 tables on page 434
2025-12-08 22:04:49,832 [INFO] usb_pd_parser:573 - Detected Table 8.7 on page 434 (rows:2)
2025-12-08 22:04:49,832 [INFO] usb_pd_parser:573 - Detected Table 8.7 on page 434 (rows:2)
2025-12-08 22:04:49,832 [INFO] usb_pd_parser:573 - Detected Table 8.7 on page 434 (rows:5)
2025-12-08 22:04:49,832 [INFO] usb_pd_parser:526 - Section started 8.3.3.6.2 'Source Sink' p434
2025-12-08 22:04:49,840 [INFO] usb_pd_parser:654 - Section started 8.3.2.1.3.4 'AMS: Soft Reset' p434
2025-12-08 22:04:49,840 [INFO] usb_pd_parser:543 - Table detected Table 8.8 p434
2025-12-08 22:04:59,291 [INFO] usb_pd_parser:430 - Camelot extracted 3 tables on page 434
2025-12-08 22:04:59,300 [INFO] usb_pd_parser:573 - Detected Table 8.8 on page 434 (rows:2)
2025-12-08 22:04:59,304 [INFO] usb_pd_parser:573 - Detected Table 8.8 on page 434 (rows:2)
2025-12-08 22:04:59,368 [INFO] usb_pd_parser:573 - Detected Table 8.8 on page 434 (rows:5)
2025-12-08 22:04:59,417 [INFO] usb_pd_parser:526 - Section started 8.3.3.4.1 'Message' p434
2025-12-08 22:04:59,496 [INFO] usb_pd_parser:526 - Section started 8.3.3.4.2 'Section' p434
2025-12-08 22:04:59,498 [INFO] usb_pd_parser:526 - Section started 8.3.2.2.1.1 'Negotiation AMS' p434
2025-12-08 22:04:59,502 [INFO] usb_pd_parser:526 - Section started 8.3.3.25.2.1 'Soft Reset' p434
2025-12-08 22:04:59,517 [INFO] usb_pd_parser:526 - Section started 8.3.2.2.1.1 'Negotiation AMS.' p434
2025-12-08 22:04:59,579 [INFO] usb_pd_parser:526 - Section started 8.3.3.25.2.3 'or' p434
2025-12-08 22:04:59,585 [INFO] usb_pd_parser:526 - Section started 8.3.2.2.2.2 '8.3.3.25.2.4' p434
2025-12-08 22:04:59,599 [INFO] usb_pd_parser:654 - Section started 8.3.2.1.3.5 'AMS: Data Reset' p434
2025-12-08 22:04:59,633 [INFO] usb_pd_parser:543 - Table detected Table 8.9 p434
2025-12-08 22:05:09,779 [INFO] usb_pd_parser:430 - Camelot extracted 3 tables on page 434
2025-12-08 22:05:09,787 [INFO] usb_pd_parser:573 - Detected Table 8.9 on page 434 (rows:2)
2025-12-08 22:05:09,787 [INFO] usb_pd_parser:573 - Detected Table 8.9 on page 434 (rows:2)
2025-12-08 22:05:09,790 [INFO] usb_pd_parser:573 - Detected Table 8.9 on page 434 (rows:5)
2025-12-08 22:05:09,790 [INFO] usb_pd_parser:526 - Section started 8.3.3.5.1 'Message' p434
2025-12-08 22:05:09,790 [INFO] usb_pd_parser:526 - Section started 8.3.3.5.2 'Message' p434
2025-12-08 22:05:10,271 [INFO] usb_pd_parser:654 - Section started 8.3.2.1.3.6 'AMS: Power Role Swap' p435
2025-12-08 22:05:10,271 [INFO] usb_pd_parser:543 - Table detected Table 8.10 p435
2025-12-08 22:05:16,444 [INFO] usb_pd_parser:430 - Camelot extracted 2 tables on page 435
2025-12-08 22:05:16,444 [INFO] usb_pd_parser:573 - Detected Table 8.10 on page 435 (rows:7)
2025-12-08 22:05:16,444 [INFO] usb_pd_parser:573 - Detected Table 8.10 on page 435 (rows:2)
2025-12-08 22:05:16,461 [INFO] usb_pd_parser:526 - Section started 8.3.2.7.1.1 'Source Power Role' p435
2025-12-08 22:05:16,467 [INFO] usb_pd_parser:526 - Section started 8.3.2.2.1.1 '(Accept)' p435
2025-12-08 22:05:16,472 [INFO] usb_pd_parser:526 - Section started 8.3.2.7.1.2 'Swap' p435
2025-12-08 22:05:16,474 [INFO] usb_pd_parser:526 - Section started 8.3.3.19.3 'Source Power Role' p435
2025-12-08 22:05:16,476 [INFO] usb_pd_parser:526 - Section started 8.3.2.7.1.1 'Swap' p435
2025-12-08 22:05:16,476 [INFO] usb_pd_parser:526 - Section started 8.3.3.19.4 'Message' p435
2025-12-08 22:05:16,478 [INFO] usb_pd_parser:526 - Section started 8.3.2.7.2.1 'Sink Power Role' p435
2025-12-08 22:05:16,478 [INFO] usb_pd_parser:526 - Section started 8.3.2.2.1.1 '(Accept)' p435
2025-12-08 22:05:16,478 [INFO] usb_pd_parser:526 - Section started 8.3.2.7.2.2 'Swap' p435
2025-12-08 22:05:16,478 [INFO] usb_pd_parser:526 - Section started 8.3.2.7.2.3 'Swap' p435
2025-12-08 22:05:16,478 [INFO] usb_pd_parser:654 - Section started 8.3.2.1.3.7 'AMS: Fast Role Swap' p435
2025-12-08 22:05:16,478 [INFO] usb_pd_parser:543 - Table detected Table 8.11 p435
2025-12-08 22:05:37,404 [INFO] usb_pd_parser:430 - Camelot extracted 2 tables on page 435
2025-12-08 22:05:37,408 [INFO] usb_pd_parser:573 - Detected Table 8.11 on page 435 (rows:7)
2025-12-08 22:05:37,408 [INFO] usb_pd_parser:573 - Detected Table 8.11 on page 435 (rows:2)
2025-12-08 22:05:37,873 [INFO] usb_pd_parser:654 - Section started 8.3.2.1.3.8 'AMS: Data Role Swap' p436
2025-12-08 22:05:37,876 [INFO] usb_pd_parser:543 - Table detected Table 8.12 p436
2025-12-08 22:05:44,350 [INFO] usb_pd_parser:430 - Camelot extracted 1 tables on page 436
2025-12-08 22:05:44,353 [INFO] usb_pd_parser:573 - Detected Table 8.12 on page 436 (rows:13)
2025-12-08 22:05:44,353 [INFO] usb_pd_parser:526 - Section started 8.3.2.9.1.1 ', Initiated by 1.' p436
2025-12-08 22:05:44,359 [INFO] usb_pd_parser:526 - Section started 8.3.2.9.1.2 ', Initiated by 1.' p436
2025-12-08 22:05:44,359 [INFO] usb_pd_parser:526 - Section started 8.3.2.9.1.3 ', Initiated by 1.' p436
2025-12-08 22:05:44,359 [INFO] usb_pd_parser:526 - Section started 8.3.2.9.2.1 'Source' p436
2025-12-08 22:05:44,359 [INFO] usb_pd_parser:526 - Section started 8.3.2.9.2.2 ', Initiated by 1.' p436
2025-12-08 22:05:44,359 [INFO] usb_pd_parser:526 - Section started 8.3.2.9.2.3 ', Initiated by 1.' p436
2025-12-08 22:05:44,359 [INFO] usb_pd_parser:526 - Section started 8.3.3.19.1 'Operating as' p436
2025-12-08 22:05:44,359 [INFO] usb_pd_parser:526 - Section started 8.3.3.19.2 'DFP Source' p436
2025-12-08 22:05:44,359 [INFO] usb_pd_parser:526 - Section started 8.3.2.9.3.1 'Source' p436
2025-12-08 22:05:44,359 [INFO] usb_pd_parser:526 - Section started 8.3.2.9.3.2 ', Initiated by 1.' p436
2025-12-08 22:05:44,359 [INFO] usb_pd_parser:526 - Section started 8.3.2.9.3.3 ', Initiated by 1.' p436
2025-12-08 22:05:44,359 [INFO] usb_pd_parser:526 - Section started 8.3.2.9.4.1 ', Initiated by 1.' p436
2025-12-08 22:05:44,359 [INFO] usb_pd_parser:526 - Section started 8.3.2.9.4.2 ', Initiated by 1.' p436
2025-12-08 22:05:44,367 [INFO] usb_pd_parser:526 - Section started 8.3.2.9.4.3 ', Initiated by 1.' p436
2025-12-08 22:05:44,716 [INFO] usb_pd_parser:654 - Section started 8.3.2.1.3.9 'AMS: V Swap' p437
2025-12-08 22:05:44,725 [INFO] usb_pd_parser:543 - Table detected Table 8.13 p437
2025-12-08 22:05:48,443 [INFO] usb_pd_parser:430 - Camelot extracted 2 tables on page 437
2025-12-08 22:05:48,458 [INFO] usb_pd_parser:573 - Detected Table 8.13 on page 437 (rows:7)
2025-12-08 22:05:48,458 [INFO] usb_pd_parser:573 - Detected Table 8.13 on page 437 (rows:5)
2025-12-08 22:05:48,460 [INFO] usb_pd_parser:526 - Section started 8.3.2.10.1.1 '1.' p437
2025-12-08 22:05:48,460 [INFO] usb_pd_parser:526 - Section started 8.3.2.10.1.2 'Swap,' p437
2025-12-08 22:05:48,460 [INFO] usb_pd_parser:526 - Section started 8.3.2.10.1.3 'Swap,' p437
2025-12-08 22:05:48,460 [INFO] usb_pd_parser:526 - Section started 8.3.2.10.2.3 'Swap,' p437
2025-12-08 22:05:48,460 [INFO] usb_pd_parser:654 - Section started 8.3.2.1.3.10 'AMS: Alert' p437
2025-12-08 22:05:48,460 [INFO] usb_pd_parser:543 - Table detected Table 8.14 p437
2025-12-08 22:05:50,983 [INFO] usb_pd_parser:430 - Camelot extracted 2 tables on page 437
2025-12-08 22:05:50,983 [INFO] usb_pd_parser:573 - Detected Table 8.14 on page 437 (rows:7)
2025-12-08 22:05:50,983 [INFO] usb_pd_parser:573 - Detected Table 8.14 on page 437 (rows:5)
2025-12-08 22:05:50,983 [INFO] usb_pd_parser:526 - Section started 8.3.2.11.1.1 '(' p437
2025-12-08 22:05:50,991 [INFO] usb_pd_parser:526 - Section started 8.3.2.11.1.2 '(' p437
2025-12-08 22:05:51,207 [INFO] usb_pd_parser:654 - Section started 8.3.2.1.3.11 'AMS: Status' p438
2025-12-08 22:05:51,207 [INFO] usb_pd_parser:543 - Table detected Table 8.15 p438
2025-12-08 22:05:54,141 [INFO] usb_pd_parser:430 - Camelot extracted 2 tables on page 438
2025-12-08 22:05:54,141 [INFO] usb_pd_parser:573 - Detected Table 8.15 on page 438 (rows:5)
2025-12-08 22:05:54,141 [INFO] usb_pd_parser:573 - Detected Table 8.15 on page 438 (rows:8)
2025-12-08 22:05:54,141 [INFO] usb_pd_parser:526 - Section started 8.3.2.11.2.1 '1.' p438
2025-12-08 22:05:54,141 [INFO] usb_pd_parser:526 - Section started 8.3.2.11.2.2 'Message' p438
2025-12-08 22:05:54,141 [INFO] usb_pd_parser:526 - Section started 8.3.2.11.2.3 'CONN' p438
2025-12-08 22:05:54,141 [INFO] usb_pd_parser:526 - Section started 8.3.2.11.2.4 'Message' p438
2025-12-08 22:05:54,141 [INFO] usb_pd_parser:654 - Section started 8.3.2.1.3.12 'AMS: Source/Sink Capabilities (SPR)' p438
2025-12-08 22:05:54,141 [INFO] usb_pd_parser:543 - Table detected Table 8.16 p438
2025-12-08 22:05:56,256 [INFO] usb_pd_parser:430 - Camelot extracted 2 tables on page 438
2025-12-08 22:05:56,267 [INFO] usb_pd_parser:573 - Detected Table 8.16 on page 438 (rows:5)
2025-12-08 22:05:56,267 [INFO] usb_pd_parser:573 - Detected Table 8.16 on page 438 (rows:8)
2025-12-08 22:05:56,404 [INFO] usb_pd_parser:654 - Section started 8.3.2.1.3.13 'AMS: Source/Sink Capabilities (EPR)' p439
2025-12-08 22:05:56,404 [INFO] usb_pd_parser:543 - Table detected Table 8.17 p439
2025-12-08 22:05:58,477 [INFO] usb_pd_parser:430 - Camelot extracted 1 tables on page 439
2025-12-08 22:05:58,477 [INFO] usb_pd_parser:573 - Detected Table 8.17 on page 439 (rows:8)
2025-12-08 22:05:58,624 [INFO] usb_pd_parser:654 - Section started 8.3.2.1.3.14 'AMS: Extended Capabilities' p440
2025-12-08 22:05:58,624 [INFO] usb_pd_parser:543 - Table detected Table 8.18 p440
2025-12-08 22:06:00,771 [INFO] usb_pd_parser:430 - Camelot extracted 2 tables on page 440
2025-12-08 22:06:00,771 [INFO] usb_pd_parser:573 - Detected Table 8.18 on page 440 (rows:5)
2025-12-08 22:06:00,771 [INFO] usb_pd_parser:573 - Detected Table 8.18 on page 440 (rows:5)
2025-12-08 22:06:00,771 [INFO] usb_pd_parser:654 - Section started 8.3.2.1.3.15 'AMS: Battery Capabilities' p440
2025-12-08 22:06:00,771 [INFO] usb_pd_parser:543 - Table detected Table 8.19 p440
2025-12-08 22:06:03,579 [INFO] usb_pd_parser:430 - Camelot extracted 2 tables on page 440
2025-12-08 22:06:03,590 [INFO] usb_pd_parser:573 - Detected Table 8.19 on page 440 (rows:5)
2025-12-08 22:06:03,590 [INFO] usb_pd_parser:573 - Detected Table 8.19 on page 440 (rows:5)
2025-12-08 22:06:03,787 [INFO] usb_pd_parser:654 - Section started 8.3.2.1.3.16 'AMS: Manufacturer Information' p441
2025-12-08 22:06:03,787 [INFO] usb_pd_parser:543 - Table detected Table 8.20 p441
2025-12-08 22:06:05,883 [INFO] usb_pd_parser:430 - Camelot extracted 3 tables on page 441
2025-12-08 22:06:05,888 [INFO] usb_pd_parser:573 - Detected Table 8.20 on page 441 (rows:6)
2025-12-08 22:06:05,888 [INFO] usb_pd_parser:573 - Detected Table 8.20 on page 441 (rows:4)
2025-12-08 22:06:05,888 [INFO] usb_pd_parser:573 - Detected Table 8.20 on page 441 (rows:4)
2025-12-08 22:06:05,888 [INFO] usb_pd_parser:654 - Section started 8.3.2.1.3.17 'AMS: Country Codes' p441
2025-12-08 22:06:05,888 [INFO] usb_pd_parser:543 - Table detected Table 8.21 p441
2025-12-08 22:06:07,989 [INFO] usb_pd_parser:430 - Camelot extracted 3 tables on page 441
2025-12-08 22:06:07,989 [INFO] usb_pd_parser:573 - Detected Table 8.21 on page 441 (rows:6)
2025-12-08 22:06:07,989 [INFO] usb_pd_parser:573 - Detected Table 8.21 on page 441 (rows:4)
2025-12-08 22:06:07,989 [INFO] usb_pd_parser:573 - Detected Table 8.21 on page 441 (rows:4)
2025-12-08 22:06:07,989 [INFO] usb_pd_parser:654 - Section started 8.3.2.1.3.18 'AMS: Country Information' p441
2025-12-08 22:06:07,989 [INFO] usb_pd_parser:543 - Table detected Table 8.22 p441
2025-12-08 22:06:10,162 [INFO] usb_pd_parser:430 - Camelot extracted 3 tables on page 441
2025-12-08 22:06:10,162 [INFO] usb_pd_parser:573 - Detected Table 8.22 on page 441 (rows:6)
2025-12-08 22:06:10,162 [INFO] usb_pd_parser:573 - Detected Table 8.22 on page 441 (rows:4)
2025-12-08 22:06:10,162 [INFO] usb_pd_parser:573 - Detected Table 8.22 on page 441 (rows:4)
2025-12-08 22:06:10,347 [INFO] usb_pd_parser:654 - Section started 8.3.2.1.3.19 'AMS: Revision Information' p442
2025-12-08 22:06:10,347 [INFO] usb_pd_parser:543 - Table detected Table 8.23 p442
2025-12-08 22:06:13,212 [INFO] usb_pd_parser:430 - Camelot extracted 3 tables on page 442
2025-12-08 22:06:13,212 [INFO] usb_pd_parser:573 - Detected Table 8.23 on page 442 (rows:4)
2025-12-08 22:06:13,212 [INFO] usb_pd_parser:573 - Detected Table 8.23 on page 442 (rows:3)
2025-12-08 22:06:13,212 [INFO] usb_pd_parser:573 - Detected Table 8.23 on page 442 (rows:7)
2025-12-08 22:06:13,212 [INFO] usb_pd_parser:654 - Section started 8.3.2.1.3.20 'AMS: Source Information' p442
2025-12-08 22:06:13,212 [INFO] usb_pd_parser:543 - Table detected Table 8.24 p442
2025-12-08 22:06:15,259 [INFO] usb_pd_parser:430 - Camelot extracted 3 tables on page 442
2025-12-08 22:06:15,267 [INFO] usb_pd_parser:573 - Detected Table 8.24 on page 442 (rows:4)
2025-12-08 22:06:15,267 [INFO] usb_pd_parser:573 - Detected Table 8.24 on page 442 (rows:3)
2025-12-08 22:06:15,267 [INFO] usb_pd_parser:573 - Detected Table 8.24 on page 442 (rows:7)
2025-12-08 22:06:15,267 [INFO] usb_pd_parser:654 - Section started 8.3.2.1.3.21 'AMS: Security' p442
2025-12-08 22:06:15,267 [INFO] usb_pd_parser:543 - Table detected Table 8.25 p442
2025-12-08 22:06:17,331 [INFO] usb_pd_parser:430 - Camelot extracted 3 tables on page 442
2025-12-08 22:06:17,334 [INFO] usb_pd_parser:573 - Detected Table 8.25 on page 442 (rows:4)
2025-12-08 22:06:17,334 [INFO] usb_pd_parser:573 - Detected Table 8.25 on page 442 (rows:3)
2025-12-08 22:06:17,334 [INFO] usb_pd_parser:573 - Detected Table 8.25 on page 442 (rows:7)
2025-12-08 22:06:17,432 [INFO] usb_pd_parser:654 - Section started 8.3.2.1.3.22 'AMS: Firmware Update' p443
2025-12-08 22:06:17,432 [INFO] usb_pd_parser:543 - Table detected Table 8.26 p443
2025-12-08 22:06:19,470 [INFO] usb_pd_parser:430 - Camelot extracted 1 tables on page 443
2025-12-08 22:06:19,470 [INFO] usb_pd_parser:573 - Detected Table 8.26 on page 443 (rows:7)
2025-12-08 22:06:19,680 [INFO] usb_pd_parser:654 - Section started 8.3.2.1.3.23 'AMS: Structured VDM' p444
2025-12-08 22:06:19,680 [INFO] usb_pd_parser:543 - Table detected Table 8.27 p444
2025-12-08 22:06:21,893 [INFO] usb_pd_parser:430 - Camelot extracted 1 tables on page 444
2025-12-08 22:06:21,897 [INFO] usb_pd_parser:573 - Detected Table 8.27 on page 444 (rows:15)
2025-12-08 22:06:22,040 [INFO] usb_pd_parser:654 - Section started 8.3.2.1.3.24 'AMS: Built-In Self-Test (BIST)' p445
2025-12-08 22:06:22,040 [INFO] usb_pd_parser:543 - Table detected Table 8.28 p445
2025-12-08 22:06:24,915 [INFO] usb_pd_parser:430 - Camelot extracted 3 tables on page 445
2025-12-08 22:06:24,916 [INFO] usb_pd_parser:573 - Detected Table 8.28 on page 445 (rows:4)
2025-12-08 22:06:24,916 [INFO] usb_pd_parser:573 - Detected Table 8.28 on page 445 (rows:7)
2025-12-08 22:06:24,916 [INFO] usb_pd_parser:573 - Detected Table 8.28 on page 445 (rows:3)
2025-12-08 22:06:24,916 [INFO] usb_pd_parser:654 - Section started 8.3.2.1.3.25 'AMS: Enter USB' p445
2025-12-08 22:06:24,916 [INFO] usb_pd_parser:543 - Table detected Table 8.29 p445
2025-12-08 22:06:26,834 [INFO] usb_pd_parser:430 - Camelot extracted 3 tables on page 445
2025-12-08 22:06:26,836 [INFO] usb_pd_parser:573 - Detected Table 8.29 on page 445 (rows:4)
2025-12-08 22:06:26,836 [INFO] usb_pd_parser:573 - Detected Table 8.29 on page 445 (rows:7)
2025-12-08 22:06:26,836 [INFO] usb_pd_parser:573 - Detected Table 8.29 on page 445 (rows:3)
2025-12-08 22:06:26,836 [INFO] usb_pd_parser:654 - Section started 8.3.2.1.3.26 'AMS: Unstructured VDM' p445
2025-12-08 22:06:26,836 [INFO] usb_pd_parser:543 - Table detected Table 8.30 p445
2025-12-08 22:06:28,747 [INFO] usb_pd_parser:430 - Camelot extracted 3 tables on page 445
2025-12-08 22:06:28,755 [INFO] usb_pd_parser:573 - Detected Table 8.30 on page 445 (rows:4)
2025-12-08 22:06:28,755 [INFO] usb_pd_parser:573 - Detected Table 8.30 on page 445 (rows:7)
2025-12-08 22:06:28,755 [INFO] usb_pd_parser:573 - Detected Table 8.30 on page 445 (rows:3)
2025-12-08 22:06:28,820 [INFO] usb_pd_parser:654 - Section started 8.3.2.1.3.27 'AMS: Hard Reset' p446
2025-12-08 22:06:28,820 [INFO] usb_pd_parser:543 - Table detected Table 8.31 p446
2025-12-08 22:06:30,598 [INFO] usb_pd_parser:430 - Camelot extracted 1 tables on page 446
2025-12-08 22:06:30,598 [INFO] usb_pd_parser:573 - Detected Table 8.31 on page 446 (rows:4)
2025-12-08 22:06:30,668 [INFO] usb_pd_parser:654 - Section started 8.3.2.2 'Power Negotiation' p447
2025-12-08 22:06:30,668 [INFO] usb_pd_parser:654 - Section started 8.3.2.2.1.1 'SPR Explicit Contract Negotiation' p447
2025-12-08 22:06:30,668 [INFO] usb_pd_parser:654 - Section started 8.3.2.2.1.1.1 'SPR Explicit Contract Negotiation (Accept)' p447
2025-12-08 22:06:31,069 [INFO] usb_pd_parser:590 - Figure detected Figure 8.5 p448
2025-12-08 22:06:31,160 [INFO] usb_pd_parser:397 - Smart text-aware crop saved for Figure 8.5 p448 -> output\figures\Figure_8.5_page_448_crop.png
2025-12-08 22:06:31,160 [INFO] usb_pd_parser:618 - Detected Figure 8.5 on page 448 (images:1)
2025-12-08 22:06:31,396 [INFO] usb_pd_parser:543 - Table detected Table 8.32 p449
2025-12-08 22:06:34,739 [INFO] usb_pd_parser:430 - Camelot extracted 1 tables on page 449
2025-12-08 22:06:34,739 [INFO] usb_pd_parser:573 - Detected Table 8.32 on page 449 (rows:15)
2025-12-08 22:06:34,929 [INFO] usb_pd_parser:543 - Table detected Table 8.32 p450
2025-12-08 22:06:37,360 [INFO] usb_pd_parser:430 - Camelot extracted 1 tables on page 450
2025-12-08 22:06:37,360 [INFO] usb_pd_parser:573 - Detected Table 8.32 on page 450 (rows:19)
2025-12-08 22:06:37,453 [INFO] usb_pd_parser:543 - Table detected Table 8.32 p451
2025-12-08 22:06:39,349 [INFO] usb_pd_parser:430 - Camelot extracted 1 tables on page 451
2025-12-08 22:06:39,349 [INFO] usb_pd_parser:573 - Detected Table 8.32 on page 451 (rows:8)
2025-12-08 22:06:39,680 [INFO] usb_pd_parser:654 - Section started 8.3.2.2.1.1.2 'SPR Explicit Contract Negotiation (Reject)' p452
2025-12-08 22:06:39,680 [INFO] usb_pd_parser:590 - Figure detected Figure 8.6 p452
2025-12-08 22:06:39,762 [INFO] usb_pd_parser:397 - Smart text-aware crop saved for Figure 8.6 p452 -> output\figures\Figure_8.6_page_452_crop.png
2025-12-08 22:06:39,762 [INFO] usb_pd_parser:618 - Detected Figure 8.6 on page 452 (images:1)
2025-12-08 22:06:39,972 [INFO] usb_pd_parser:543 - Table detected Table 8.33 p453
2025-12-08 22:06:42,657 [INFO] usb_pd_parser:430 - Camelot extracted 1 tables on page 453
2025-12-08 22:06:42,672 [INFO] usb_pd_parser:573 - Detected Table 8.33 on page 453 (rows:15)
2025-12-08 22:06:42,833 [INFO] usb_pd_parser:543 - Table detected Table 8.33 p454
2025-12-08 22:06:45,777 [INFO] usb_pd_parser:430 - Camelot extracted 1 tables on page 454
2025-12-08 22:06:45,777 [INFO] usb_pd_parser:573 - Detected Table 8.33 on page 454 (rows:14)
2025-12-08 22:06:46,107 [INFO] usb_pd_parser:654 - Section started 8.3.2.2.1.1.3 'SPR Explicit Contract Negotiation (Wait)' p455
2025-12-08 22:06:46,123 [INFO] usb_pd_parser:590 - Figure detected Figure 8.7 p455
2025-12-08 22:06:46,179 [INFO] usb_pd_parser:397 - Smart text-aware crop saved for Figure 8.7 p455 -> output\figures\Figure_8.7_page_455_crop.png
2025-12-08 22:06:46,179 [INFO] usb_pd_parser:618 - Detected Figure 8.7 on page 455 (images:1)
2025-12-08 22:06:46,385 [INFO] usb_pd_parser:543 - Table detected Table 8.34 p456
2025-12-08 22:06:48,875 [INFO] usb_pd_parser:430 - Camelot extracted 1 tables on page 456
2025-12-08 22:06:48,891 [INFO] usb_pd_parser:573 - Detected Table 8.34 on page 456 (rows:15)
2025-12-08 22:06:49,037 [INFO] usb_pd_parser:543 - Table detected Table 8.34 p457
2025-12-08 22:06:51,339 [INFO] usb_pd_parser:430 - Camelot extracted 1 tables on page 457
2025-12-08 22:06:51,339 [INFO] usb_pd_parser:573 - Detected Table 8.34 on page 457 (rows:14)
2025-12-08 22:06:51,764 [INFO] usb_pd_parser:654 - Section started 8.3.2.2.1.2 'SPR PPS Keep Alive' p458
2025-12-08 22:06:51,764 [INFO] usb_pd_parser:590 - Figure detected Figure 8.8 p458
2025-12-08 22:06:51,839 [INFO] usb_pd_parser:397 - Smart text-aware crop saved for Figure 8.8 p458 -> output\figures\Figure_8.8_page_458_crop.png
2025-12-08 22:06:51,841 [INFO] usb_pd_parser:618 - Detected Figure 8.8 on page 458 (images:1)
2025-12-08 22:06:52,042 [INFO] usb_pd_parser:543 - Table detected Table 8.35 p459
2025-12-08 22:06:54,612 [INFO] usb_pd_parser:430 - Camelot extracted 1 tables on page 459
2025-12-08 22:06:54,612 [INFO] usb_pd_parser:573 - Detected Table 8.35 on page 459 (rows:14)
2025-12-08 22:06:54,791 [INFO] usb_pd_parser:543 - Table detected Table 8.35 p460
2025-12-08 22:06:57,840 [INFO] usb_pd_parser:430 - Camelot extracted 1 tables on page 460
2025-12-08 22:06:57,840 [INFO] usb_pd_parser:573 - Detected Table 8.35 on page 460 (rows:16)
2025-12-08 22:06:58,179 [INFO] usb_pd_parser:654 - Section started 8.3.2.2.1.3 'SPR Sink Makes Request' p461
2025-12-08 22:06:58,179 [INFO] usb_pd_parser:654 - Section started 8.3.2.2.1.3.1 'SPR Sink Makes Request (Accept)' p461
2025-12-08 22:06:58,179 [INFO] usb_pd_parser:590 - Figure detected Figure 8.9 p461
2025-12-08 22:06:58,237 [INFO] usb_pd_parser:397 - Smart text-aware crop saved for Figure 8.9 p461 -> output\figures\Figure_8.9_page_461_crop.png
2025-12-08 22:06:58,237 [INFO] usb_pd_parser:618 - Detected Figure 8.9 on page 461 (images:1)
2025-12-08 22:06:58,434 [INFO] usb_pd_parser:543 - Table detected Table 8.36 p462
2025-12-08 22:07:00,993 [INFO] usb_pd_parser:430 - Camelot extracted 1 tables on page 462
2025-12-08 22:07:01,010 [INFO] usb_pd_parser:573 - Detected Table 8.36 on page 462 (rows:14)
2025-12-08 22:07:01,158 [INFO] usb_pd_parser:543 - Table detected Table 8.36 p463
2025-12-08 22:07:03,274 [INFO] usb_pd_parser:430 - Camelot extracted 1 tables on page 463
2025-12-08 22:07:03,278 [INFO] usb_pd_parser:573 - Detected Table 8.36 on page 463 (rows:16)
2025-12-08 22:07:03,508 [INFO] usb_pd_parser:654 - Section started 8.3.2.2.1.3.2 'SPR Sink Makes Request (Reject)' p464
2025-12-08 22:07:03,508 [INFO] usb_pd_parser:590 - Figure detected Figure 8.10 p464
2025-12-08 22:07:03,578 [INFO] usb_pd_parser:397 - Smart text-aware crop saved for Figure 8.10 p464 -> output\figures\Figure_8.10_page_464_crop.png
2025-12-08 22:07:03,578 [INFO] usb_pd_parser:618 - Detected Figure 8.10 on page 464 (images:1)
2025-12-08 22:07:03,771 [INFO] usb_pd_parser:543 - Table detected Table 8.37 p465
2025-12-08 22:07:07,048 [INFO] usb_pd_parser:430 - Camelot extracted 1 tables on page 465
2025-12-08 22:07:07,048 [INFO] usb_pd_parser:573 - Detected Table 8.37 on page 465 (rows:15)
2025-12-08 22:07:07,121 [INFO] usb_pd_parser:543 - Table detected Table 8.37 p466
2025-12-08 22:07:09,253 [INFO] usb_pd_parser:430 - Camelot extracted 1 tables on page 466
2025-12-08 22:07:09,265 [INFO] usb_pd_parser:573 - Detected Table 8.37 on page 466 (rows:4)
2025-12-08 22:07:09,567 [INFO] usb_pd_parser:654 - Section started 8.3.2.2.1.3.3 'SPR Sink Makes Request (Wait)' p467
2025-12-08 22:07:09,567 [INFO] usb_pd_parser:590 - Figure detected Figure 8.11 p467
2025-12-08 22:07:09,665 [INFO] usb_pd_parser:397 - Smart text-aware crop saved for Figure 8.11 p467 -> output\figures\Figure_8.11_page_467_crop.png
2025-12-08 22:07:09,665 [INFO] usb_pd_parser:618 - Detected Figure 8.11 on page 467 (images:1)
2025-12-08 22:07:09,936 [INFO] usb_pd_parser:543 - Table detected Table 8.38 p468
2025-12-08 22:07:13,818 [INFO] usb_pd_parser:430 - Camelot extracted 1 tables on page 468
2025-12-08 22:07:13,818 [INFO] usb_pd_parser:573 - Detected Table 8.38 on page 468 (rows:15)
2025-12-08 22:07:13,871 [INFO] usb_pd_parser:543 - Table detected Table 8.38 p469
2025-12-08 22:07:15,559 [INFO] usb_pd_parser:430 - Camelot extracted 1 tables on page 469
2025-12-08 22:07:15,563 [INFO] usb_pd_parser:573 - Detected Table 8.38 on page 469 (rows:4)
2025-12-08 22:07:15,924 [INFO] usb_pd_parser:654 - Section started 8.3.2.2.2.1 'Entering EPR Mode' p470
2025-12-08 22:07:15,924 [INFO] usb_pd_parser:654 - Section started 8.3.2.2.2.1.1 'Entering EPR Mode (Success)' p470
2025-12-08 22:07:15,924 [INFO] usb_pd_parser:590 - Figure detected Figure 8.12 p470
2025-12-08 22:07:15,987 [INFO] usb_pd_parser:397 - Smart text-aware crop saved for Figure 8.12 p470 -> output\figures\Figure_8.12_page_470_crop.png
2025-12-08 22:07:15,987 [INFO] usb_pd_parser:618 - Detected Figure 8.12 on page 470 (images:1)
2025-12-08 22:07:16,191 [INFO] usb_pd_parser:543 - Table detected Table 8.39 p471
2025-12-08 22:07:18,753 [INFO] usb_pd_parser:430 - Camelot extracted 1 tables on page 471
2025-12-08 22:07:18,753 [INFO] usb_pd_parser:573 - Detected Table 8.39 on page 471 (rows:16)
2025-12-08 22:07:18,917 [INFO] usb_pd_parser:543 - Table detected Table 8.39 p472
2025-12-08 22:07:21,296 [INFO] usb_pd_parser:430 - Camelot extracted 1 tables on page 472
2025-12-08 22:07:21,298 [INFO] usb_pd_parser:573 - Detected Table 8.39 on page 472 (rows:16)
2025-12-08 22:07:21,298 [INFO] usb_pd_parser:654 - Section started 21 'Message' p472
2025-12-08 22:07:21,689 [INFO] usb_pd_parser:654 - Section started 8.3.2.2.2.1.2 'Entering EPR Mode (Failure due to non-EPR cable)' p473
2025-12-08 22:07:21,689 [INFO] usb_pd_parser:590 - Figure detected Figure 8.13 p473
2025-12-08 22:07:21,754 [INFO] usb_pd_parser:397 - Smart text-aware crop saved for Figure 8.13 p473 -> output\figures\Figure_8.13_page_473_crop.png
2025-12-08 22:07:21,754 [INFO] usb_pd_parser:618 - Detected Figure 8.13 on page 473 (images:1)
2025-12-08 22:07:21,960 [INFO] usb_pd_parser:543 - Table detected Table 8.40 p474
2025-12-08 22:07:25,426 [INFO] usb_pd_parser:430 - Camelot extracted 1 tables on page 474
2025-12-08 22:07:25,432 [INFO] usb_pd_parser:573 - Detected Table 8.40 on page 474 (rows:16)
2025-12-08 22:07:25,607 [INFO] usb_pd_parser:543 - Table detected Table 8.40 p475
2025-12-08 22:07:27,999 [INFO] usb_pd_parser:430 - Camelot extracted 1 tables on page 475
2025-12-08 22:07:27,999 [INFO] usb_pd_parser:573 - Detected Table 8.40 on page 475 (rows:16)
2025-12-08 22:07:28,396 [INFO] usb_pd_parser:654 - Section started 8.3.2.2.2.1.3 'Entering EPR Mode (Failure of V Swap)' p476
2025-12-08 22:07:28,396 [INFO] usb_pd_parser:590 - Figure detected Figure 8.14 p476
2025-12-08 22:07:28,474 [INFO] usb_pd_parser:397 - Smart text-aware crop saved for Figure 8.14 p476 -> output\figures\Figure_8.14_page_476_crop.png
2025-12-08 22:07:28,474 [INFO] usb_pd_parser:618 - Detected Figure 8.14 on page 476 (images:1)
2025-12-08 22:07:28,688 [INFO] usb_pd_parser:543 - Table detected Table 8.41 p477
2025-12-08 22:07:31,401 [INFO] usb_pd_parser:430 - Camelot extracted 1 tables on page 477
2025-12-08 22:07:31,401 [INFO] usb_pd_parser:573 - Detected Table 8.41 on page 477 (rows:16)
2025-12-08 22:07:31,607 [INFO] usb_pd_parser:543 - Table detected Table 8.41 p478
2025-12-08 22:07:33,828 [INFO] usb_pd_parser:430 - Camelot extracted 1 tables on page 478
2025-12-08 22:07:33,828 [INFO] usb_pd_parser:573 - Detected Table 8.41 on page 478 (rows:15)
2025-12-08 22:07:33,904 [INFO] usb_pd_parser:654 - Section started 8.3.2.2.2.2 'EPR Explicit Contract Negotiation' p479
2025-12-08 22:07:33,904 [INFO] usb_pd_parser:654 - Section started 8.3.2.2.2.2.1 'EPR Explicit Contract Negotiation (Accept)' p479
2025-12-08 22:07:34,301 [INFO] usb_pd_parser:590 - Figure detected Figure 8.15 p480
2025-12-08 22:07:34,374 [INFO] usb_pd_parser:397 - Smart text-aware crop saved for Figure 8.15 p480 -> output\figures\Figure_8.15_page_480_crop.png
2025-12-08 22:07:34,374 [INFO] usb_pd_parser:618 - Detected Figure 8.15 on page 480 (images:1)
2025-12-08 22:07:34,576 [INFO] usb_pd_parser:543 - Table detected Table 8.42 p481
2025-12-08 22:07:37,374 [INFO] usb_pd_parser:430 - Camelot extracted 1 tables on page 481
2025-12-08 22:07:37,374 [INFO] usb_pd_parser:573 - Detected Table 8.42 on page 481 (rows:16)
2025-12-08 22:07:37,576 [INFO] usb_pd_parser:543 - Table detected Table 8.42 p482
2025-12-08 22:07:40,953 [INFO] usb_pd_parser:430 - Camelot extracted 1 tables on page 482
2025-12-08 22:07:40,953 [INFO] usb_pd_parser:573 - Detected Table 8.42 on page 482 (rows:18)
2025-12-08 22:07:41,043 [INFO] usb_pd_parser:543 - Table detected Table 8.42 p483
2025-12-08 22:07:42,889 [INFO] usb_pd_parser:430 - Camelot extracted 1 tables on page 483
2025-12-08 22:07:42,891 [INFO] usb_pd_parser:573 - Detected Table 8.42 on page 483 (rows:7)
2025-12-08 22:07:43,250 [INFO] usb_pd_parser:654 - Section started 8.3.2.2.2.2.2 'EPR Explicit Contract Negotiation (Reject)' p484
2025-12-08 22:07:43,250 [INFO] usb_pd_parser:590 - Figure detected Figure 8.16 p484
2025-12-08 22:07:43,308 [INFO] usb_pd_parser:397 - Smart text-aware crop saved for Figure 8.16 p484 -> output\figures\Figure_8.16_page_484_crop.png
2025-12-08 22:07:43,308 [INFO] usb_pd_parser:618 - Detected Figure 8.16 on page 484 (images:1)
2025-12-08 22:07:43,508 [INFO] usb_pd_parser:543 - Table detected Table 8.43 p485
2025-12-08 22:07:45,953 [INFO] usb_pd_parser:430 - Camelot extracted 1 tables on page 485
2025-12-08 22:07:45,970 [INFO] usb_pd_parser:573 - Detected Table 8.43 on page 485 (rows:16)
2025-12-08 22:07:46,094 [INFO] usb_pd_parser:543 - Table detected Table 8.43 p486
2025-12-08 22:07:48,312 [INFO] usb_pd_parser:430 - Camelot extracted 1 tables on page 486
2025-12-08 22:07:48,315 [INFO] usb_pd_parser:573 - Detected Table 8.43 on page 486 (rows:13)
2025-12-08 22:07:48,692 [INFO] usb_pd_parser:654 - Section started 8.3.2.2.2.2.3 'EPR Explicit Contract Negotiation (Wait)' p487
2025-12-08 22:07:48,694 [INFO] usb_pd_parser:590 - Figure detected Figure 8.17 p487
2025-12-08 22:07:48,752 [INFO] usb_pd_parser:397 - Smart text-aware crop saved for Figure 8.17 p487 -> output\figures\Figure_8.17_page_487_crop.png
2025-12-08 22:07:48,752 [INFO] usb_pd_parser:618 - Detected Figure 8.17 on page 487 (images:1)
2025-12-08 22:07:48,973 [INFO] usb_pd_parser:543 - Table detected Table 8.44 p488
2025-12-08 22:07:52,367 [INFO] usb_pd_parser:430 - Camelot extracted 1 tables on page 488
2025-12-08 22:07:52,367 [INFO] usb_pd_parser:573 - Detected Table 8.44 on page 488 (rows:16)
2025-12-08 22:07:52,507 [INFO] usb_pd_parser:543 - Table detected Table 8.44 p489
2025-12-08 22:07:54,704 [INFO] usb_pd_parser:430 - Camelot extracted 1 tables on page 489
2025-12-08 22:07:54,704 [INFO] usb_pd_parser:573 - Detected Table 8.44 on page 489 (rows:13)
2025-12-08 22:07:54,992 [INFO] usb_pd_parser:654 - Section started 8.3.2.2.2.3 'EPR Keep Alive' p490
2025-12-08 22:07:54,992 [INFO] usb_pd_parser:590 - Figure detected Figure 8.18 p490
2025-12-08 22:07:55,056 [INFO] usb_pd_parser:397 - Smart text-aware crop saved for Figure 8.18 p490 -> output\figures\Figure_8.18_page_490_crop.png
2025-12-08 22:07:55,058 [INFO] usb_pd_parser:618 - Detected Figure 8.18 on page 490 (images:1)
2025-12-08 22:07:55,262 [INFO] usb_pd_parser:543 - Table detected Table 8.45 p491
2025-12-08 22:07:57,867 [INFO] usb_pd_parser:430 - Camelot extracted 1 tables on page 491
2025-12-08 22:07:57,871 [INFO] usb_pd_parser:573 - Detected Table 8.45 on page 491 (rows:15)
2025-12-08 22:07:57,921 [INFO] usb_pd_parser:543 - Table detected Table 8.45 p492
2025-12-08 22:07:59,658 [INFO] usb_pd_parser:430 - Camelot extracted 1 tables on page 492
2025-12-08 22:07:59,658 [INFO] usb_pd_parser:573 - Detected Table 8.45 on page 492 (rows:6)
2025-12-08 22:07:59,919 [INFO] usb_pd_parser:654 - Section started 8.3.2.2.2.4 'Exiting EPR Mode' p493
2025-12-08 22:07:59,921 [INFO] usb_pd_parser:654 - Section started 8.3.2.2.2.4.1 'Exiting EPR Mode (Sink Initiated)' p493
2025-12-08 22:07:59,921 [INFO] usb_pd_parser:590 - Figure detected Figure 8.19 p493
2025-12-08 22:07:59,970 [INFO] usb_pd_parser:397 - Smart text-aware crop saved for Figure 8.19 p493 -> output\figures\Figure_8.19_page_493_crop.png
2025-12-08 22:07:59,970 [INFO] usb_pd_parser:618 - Detected Figure 8.19 on page 493 (images:1)
2025-12-08 22:08:00,208 [INFO] usb_pd_parser:543 - Table detected Table 8.46 p494
2025-12-08 22:08:02,974 [INFO] usb_pd_parser:430 - Camelot extracted 1 tables on page 494
2025-12-08 22:08:02,974 [INFO] usb_pd_parser:573 - Detected Table 8.46 on page 494 (rows:18)
2025-12-08 22:08:03,029 [INFO] usb_pd_parser:543 - Table detected Table 8.46 p495
2025-12-08 22:08:05,650 [INFO] usb_pd_parser:430 - Camelot extracted 1 tables on page 495
2025-12-08 22:08:05,650 [INFO] usb_pd_parser:573 - Detected Table 8.46 on page 495 (rows:4)
2025-12-08 22:08:05,896 [INFO] usb_pd_parser:654 - Section started 8.3.2.2.2.4.2 'Exiting EPR Mode (Source Initiated)' p496
2025-12-08 22:08:05,896 [INFO] usb_pd_parser:590 - Figure detected Figure 8.20 p496
2025-12-08 22:08:05,955 [INFO] usb_pd_parser:397 - Smart text-aware crop saved for Figure 8.20 p496 -> output\figures\Figure_8.20_page_496_crop.png
2025-12-08 22:08:05,955 [INFO] usb_pd_parser:618 - Detected Figure 8.20 on page 496 (images:1)
2025-12-08 22:08:06,156 [INFO] usb_pd_parser:543 - Table detected Table 8.47 p497
2025-12-08 22:08:08,832 [INFO] usb_pd_parser:430 - Camelot extracted 1 tables on page 497
2025-12-08 22:08:08,832 [INFO] usb_pd_parser:573 - Detected Table 8.47 on page 497 (rows:18)
2025-12-08 22:08:08,889 [INFO] usb_pd_parser:543 - Table detected Table 8.47 p498
2025-12-08 22:08:10,779 [INFO] usb_pd_parser:430 - Camelot extracted 1 tables on page 498
2025-12-08 22:08:10,783 [INFO] usb_pd_parser:573 - Detected Table 8.47 on page 498 (rows:4)
2025-12-08 22:08:11,176 [INFO] usb_pd_parser:654 - Section started 8.3.2.2.2.5 'EPR Sink Makes Request' p499
2025-12-08 22:08:11,176 [INFO] usb_pd_parser:654 - Section started 8.3.2.2.2.5.1 'EPR Sink Makes Request (Accept)' p499
2025-12-08 22:08:11,176 [INFO] usb_pd_parser:590 - Figure detected Figure 8.21 p499
2025-12-08 22:08:11,272 [INFO] usb_pd_parser:397 - Smart text-aware crop saved for Figure 8.21 p499 -> output\figures\Figure_8.21_page_499_crop.png
2025-12-08 22:08:11,272 [INFO] usb_pd_parser:618 - Detected Figure 8.21 on page 499 (images:1)
2025-12-08 22:08:11,556 [INFO] usb_pd_parser:543 - Table detected Table 8.48 p500
2025-12-08 22:08:14,177 [INFO] usb_pd_parser:430 - Camelot extracted 1 tables on page 500
2025-12-08 22:08:14,193 [INFO] usb_pd_parser:573 - Detected Table 8.48 on page 500 (rows:14)
2025-12-08 22:08:14,388 [INFO] usb_pd_parser:543 - Table detected Table 8.48 p501
2025-12-08 22:08:16,556 [INFO] usb_pd_parser:430 - Camelot extracted 1 tables on page 501
2025-12-08 22:08:16,571 [INFO] usb_pd_parser:573 - Detected Table 8.48 on page 501 (rows:16)
2025-12-08 22:08:16,813 [INFO] usb_pd_parser:654 - Section started 8.3.2.2.2.5.2 'EPR Sink Makes Request (Reject)' p502
2025-12-08 22:08:16,813 [INFO] usb_pd_parser:590 - Figure detected Figure 8.22 p502
2025-12-08 22:08:16,873 [INFO] usb_pd_parser:397 - Smart text-aware crop saved for Figure 8.22 p502 -> output\figures\Figure_8.22_page_502_crop.png
2025-12-08 22:08:16,873 [INFO] usb_pd_parser:618 - Detected Figure 8.22 on page 502 (images:1)
2025-12-08 22:08:17,078 [INFO] usb_pd_parser:543 - Table detected Table 8.49 p503
2025-12-08 22:08:20,681 [INFO] usb_pd_parser:430 - Camelot extracted 1 tables on page 503
2025-12-08 22:08:20,695 [INFO] usb_pd_parser:573 - Detected Table 8.49 on page 503 (rows:15)
2025-12-08 22:08:20,738 [INFO] usb_pd_parser:543 - Table detected Table 8.49 p504
2025-12-08 22:08:22,561 [INFO] usb_pd_parser:430 - Camelot extracted 1 tables on page 504
2025-12-08 22:08:22,561 [INFO] usb_pd_parser:573 - Detected Table 8.49 on page 504 (rows:4)
2025-12-08 22:08:22,789 [INFO] usb_pd_parser:654 - Section started 8.3.2.2.2.5.3 'EPR Sink Makes Request (Wait)' p505
2025-12-08 22:08:22,789 [INFO] usb_pd_parser:590 - Figure detected Figure 8.23 p505
2025-12-08 22:08:22,854 [INFO] usb_pd_parser:397 - Smart text-aware crop saved for Figure 8.23 p505 -> output\figures\Figure_8.23_page_505_crop.png
2025-12-08 22:08:22,854 [INFO] usb_pd_parser:618 - Detected Figure 8.23 on page 505 (images:1)
2025-12-08 22:08:23,053 [INFO] usb_pd_parser:543 - Table detected Table 8.50 p506
2025-12-08 22:08:25,693 [INFO] usb_pd_parser:430 - Camelot extracted 1 tables on page 506
2025-12-08 22:08:25,693 [INFO] usb_pd_parser:573 - Detected Table 8.50 on page 506 (rows:15)
2025-12-08 22:08:25,756 [INFO] usb_pd_parser:543 - Table detected Table 8.50 p507
2025-12-08 22:08:27,550 [INFO] usb_pd_parser:430 - Camelot extracted 1 tables on page 507
2025-12-08 22:08:27,550 [INFO] usb_pd_parser:573 - Detected Table 8.50 on page 507 (rows:4)
2025-12-08 22:08:27,674 [INFO] usb_pd_parser:654 - Section started 8.3.2.3 'Unsupported Message' p508
2025-12-08 22:08:27,674 [INFO] usb_pd_parser:590 - Figure detected Figure 8.24 p508
2025-12-08 22:08:27,723 [INFO] usb_pd_parser:397 - Smart text-aware crop saved for Figure 8.24 p508 -> output\figures\Figure_8.24_page_508_crop.png
2025-12-08 22:08:27,723 [INFO] usb_pd_parser:618 - Detected Figure 8.24 on page 508 (images:1)
2025-12-08 22:08:27,906 [INFO] usb_pd_parser:543 - Table detected Table 8.51 p509
2025-12-08 22:08:30,548 [INFO] usb_pd_parser:430 - Camelot extracted 1 tables on page 509
2025-12-08 22:08:30,548 [INFO] usb_pd_parser:573 - Detected Table 8.51 on page 509 (rows:17)
2025-12-08 22:08:30,587 [INFO] usb_pd_parser:543 - Table detected Table 8.51 p510
2025-12-08 22:08:33,288 [INFO] usb_pd_parser:430 - Camelot extracted 1 tables on page 510
2025-12-08 22:08:33,288 [INFO] usb_pd_parser:573 - Detected Table 8.51 on page 510 (rows:3)
2025-12-08 22:08:33,399 [INFO] usb_pd_parser:654 - Section started 8.3.2.4 'Soft Reset' p511
2025-12-08 22:08:33,399 [INFO] usb_pd_parser:590 - Figure detected Figure 8.25 p511
2025-12-08 22:08:33,471 [INFO] usb_pd_parser:397 - Smart text-aware crop saved for Figure 8.25 p511 -> output\figures\Figure_8.25_page_511_crop.png
2025-12-08 22:08:33,471 [INFO] usb_pd_parser:618 - Detected Figure 8.25 on page 511 (images:1)
2025-12-08 22:08:33,655 [INFO] usb_pd_parser:543 - Table detected Table 8.52 p512
2025-12-08 22:08:36,380 [INFO] usb_pd_parser:430 - Camelot extracted 1 tables on page 512
2025-12-08 22:08:36,380 [INFO] usb_pd_parser:573 - Detected Table 8.52 on page 512 (rows:18)
2025-12-08 22:08:36,380 [INFO] usb_pd_parser:654 - Section started 5 'Message' p512
2025-12-08 22:08:36,424 [INFO] usb_pd_parser:543 - Table detected Table 8.52 p513
2025-12-08 22:08:38,092 [INFO] usb_pd_parser:430 - Camelot extracted 1 tables on page 513
2025-12-08 22:08:38,092 [INFO] usb_pd_parser:573 - Detected Table 8.52 on page 513 (rows:3)
2025-12-08 22:08:38,396 [INFO] usb_pd_parser:654 - Section started 8.3.2.5 'Data Reset' p514
2025-12-08 22:08:38,396 [INFO] usb_pd_parser:654 - Section started 8.3.2.5.1 'DFP Initiated Data Reset where the DFP is the V Source' p514
2025-12-08 22:08:38,396 [INFO] usb_pd_parser:590 - Figure detected Figure 8.26 p514
2025-12-08 22:08:38,456 [INFO] usb_pd_parser:397 - Smart text-aware crop saved for Figure 8.26 p514 -> output\figures\Figure_8.26_page_514_crop.png
2025-12-08 22:08:38,456 [INFO] usb_pd_parser:618 - Detected Figure 8.26 on page 514 (images:1)
2025-12-08 22:08:38,657 [INFO] usb_pd_parser:543 - Table detected Table 8.53 p515
2025-12-08 22:08:41,246 [INFO] usb_pd_parser:430 - Camelot extracted 1 tables on page 515
2025-12-08 22:08:41,249 [INFO] usb_pd_parser:573 - Detected Table 8.53 on page 515 (rows:16)
2025-12-08 22:08:41,408 [INFO] usb_pd_parser:543 - Table detected Table 8.53 p516
2025-12-08 22:08:45,287 [INFO] usb_pd_parser:430 - Camelot extracted 1 tables on page 516
2025-12-08 22:08:45,289 [INFO] usb_pd_parser:573 - Detected Table 8.53 on page 516 (rows:14)
2025-12-08 22:08:46,410 [INFO] usb_pd_parser:654 - Section started 8.3.2.5.2 'DFP Receives Data Reset where the DFP is the V Source' p517
2025-12-08 22:08:46,410 [INFO] usb_pd_parser:590 - Figure detected Figure 8.27 p517
2025-12-08 22:08:46,574 [INFO] usb_pd_parser:397 - Smart text-aware crop saved for Figure 8.27 p517 -> output\figures\Figure_8.27_page_517_crop.png
2025-12-08 22:08:46,574 [INFO] usb_pd_parser:618 - Detected Figure 8.27 on page 517 (images:1)
2025-12-08 22:08:47,183 [INFO] usb_pd_parser:543 - Table detected Table 8.54 p518
2025-12-08 22:09:13,640 [INFO] usb_pd_parser:430 - Camelot extracted 1 tables on page 518
2025-12-08 22:09:13,662 [INFO] usb_pd_parser:573 - Detected Table 8.54 on page 518 (rows:16)
2025-12-08 22:09:14,545 [INFO] usb_pd_parser:543 - Table detected Table 8.54 p519
2025-12-08 22:09:19,184 [INFO] usb_pd_parser:430 - Camelot extracted 1 tables on page 519
2025-12-08 22:09:19,190 [INFO] usb_pd_parser:573 - Detected Table 8.54 on page 519 (rows:14)
2025-12-08 22:09:19,788 [INFO] usb_pd_parser:654 - Section started 8.3.2.5.3 'DFP Initiated Data Reset where the UFP is the V Source' p520
2025-12-08 22:09:19,788 [INFO] usb_pd_parser:590 - Figure detected Figure 8.28 p520
2025-12-08 22:09:19,948 [INFO] usb_pd_parser:397 - Smart text-aware crop saved for Figure 8.28 p520 -> output\figures\Figure_8.28_page_520_crop.png
2025-12-08 22:09:19,948 [INFO] usb_pd_parser:618 - Detected Figure 8.28 on page 520 (images:1)
2025-12-08 22:09:20,201 [INFO] usb_pd_parser:543 - Table detected Table 8.55 p521
2025-12-08 22:09:23,315 [INFO] usb_pd_parser:430 - Camelot extracted 1 tables on page 521
2025-12-08 22:09:23,315 [INFO] usb_pd_parser:573 - Detected Table 8.55 on page 521 (rows:17)
2025-12-08 22:09:23,503 [INFO] usb_pd_parser:543 - Table detected Table 8.55 p522
2025-12-08 22:09:26,019 [INFO] usb_pd_parser:430 - Camelot extracted 1 tables on page 522
2025-12-08 22:09:26,023 [INFO] usb_pd_parser:573 - Detected Table 8.55 on page 522 (rows:16)
2025-12-08 22:09:26,126 [INFO] usb_pd_parser:543 - Table detected Table 8.55 p523
2025-12-08 22:09:30,810 [INFO] usb_pd_parser:430 - Camelot extracted 1 tables on page 523
2025-12-08 22:09:30,810 [INFO] usb_pd_parser:573 - Detected Table 8.55 on page 523 (rows:7)
2025-12-08 22:09:31,526 [INFO] usb_pd_parser:654 - Section started 8.3.2.5.4 'DFP Receives Data Reset where the UFP is the V Source' p524
2025-12-08 22:09:31,526 [INFO] usb_pd_parser:590 - Figure detected Figure 8.29 p524
2025-12-08 22:09:31,624 [INFO] usb_pd_parser:397 - Smart text-aware crop saved for Figure 8.29 p524 -> output\figures\Figure_8.29_page_524_crop.png
2025-12-08 22:09:31,624 [INFO] usb_pd_parser:618 - Detected Figure 8.29 on page 524 (images:1)
2025-12-08 22:09:31,894 [INFO] usb_pd_parser:543 - Table detected Table 8.56 p525
2025-12-08 22:09:35,149 [INFO] usb_pd_parser:430 - Camelot extracted 1 tables on page 525
2025-12-08 22:09:35,151 [INFO] usb_pd_parser:573 - Detected Table 8.56 on page 525 (rows:17)
2025-12-08 22:09:35,372 [INFO] usb_pd_parser:543 - Table detected Table 8.56 p526
2025-12-08 22:09:37,975 [INFO] usb_pd_parser:430 - Camelot extracted 1 tables on page 526
2025-12-08 22:09:37,975 [INFO] usb_pd_parser:573 - Detected Table 8.56 on page 526 (rows:16)
2025-12-08 22:09:38,079 [INFO] usb_pd_parser:543 - Table detected Table 8.56 p527
2025-12-08 22:09:40,097 [INFO] usb_pd_parser:430 - Camelot extracted 1 tables on page 527
2025-12-08 22:09:40,097 [INFO] usb_pd_parser:573 - Detected Table 8.56 on page 527 (rows:7)
2025-12-08 22:09:40,324 [INFO] usb_pd_parser:654 - Section started 8.3.2.6 'Hard Reset' p528
2025-12-08 22:09:40,324 [INFO] usb_pd_parser:654 - Section started 8.3.2.6.1 'Source Initiated Hard Reset' p528
2025-12-08 22:09:40,324 [INFO] usb_pd_parser:590 - Figure detected Figure 8.30 p528
2025-12-08 22:09:40,387 [INFO] usb_pd_parser:397 - Smart text-aware crop saved for Figure 8.30 p528 -> output\figures\Figure_8.30_page_528_crop.png
2025-12-08 22:09:40,389 [INFO] usb_pd_parser:618 - Detected Figure 8.30 on page 528 (images:1)
2025-12-08 22:09:40,607 [INFO] usb_pd_parser:543 - Table detected Table 8.57 p529
2025-12-08 22:09:43,090 [INFO] usb_pd_parser:430 - Camelot extracted 1 tables on page 529
2025-12-08 22:09:43,097 [INFO] usb_pd_parser:573 - Detected Table 8.57 on page 529 (rows:14)
2025-12-08 22:09:43,186 [INFO] usb_pd_parser:543 - Table detected Table 8.57 p530
2025-12-08 22:09:46,462 [INFO] usb_pd_parser:430 - Camelot extracted 1 tables on page 530
2025-12-08 22:09:46,462 [INFO] usb_pd_parser:573 - Detected Table 8.57 on page 530 (rows:8)
2025-12-08 22:09:46,607 [INFO] usb_pd_parser:654 - Section started 8.3.2.6.2 'Sink Initiated Hard Reset' p531
2025-12-08 22:09:46,607 [INFO] usb_pd_parser:590 - Figure detected Figure 8.31 p531
2025-12-08 22:09:46,672 [INFO] usb_pd_parser:397 - Smart text-aware crop saved for Figure 8.31 p531 -> output\figures\Figure_8.31_page_531_crop.png
2025-12-08 22:09:46,672 [INFO] usb_pd_parser:618 - Detected Figure 8.31 on page 531 (images:1)
2025-12-08 22:09:46,870 [INFO] usb_pd_parser:543 - Table detected Table 8.58 p532
2025-12-08 22:09:49,721 [INFO] usb_pd_parser:430 - Camelot extracted 1 tables on page 532
2025-12-08 22:09:49,726 [INFO] usb_pd_parser:573 - Detected Table 8.58 on page 532 (rows:14)
2025-12-08 22:09:49,827 [INFO] usb_pd_parser:543 - Table detected Table 8.58 p533
2025-12-08 22:09:51,766 [INFO] usb_pd_parser:430 - Camelot extracted 1 tables on page 533
2025-12-08 22:09:51,770 [INFO] usb_pd_parser:573 - Detected Table 8.58 on page 533 (rows:8)
2025-12-08 22:09:51,928 [INFO] usb_pd_parser:654 - Section started 8.3.2.6.3 'Source Initiated Hard Reset - Sink Long Reset' p534
2025-12-08 22:09:51,928 [INFO] usb_pd_parser:590 - Figure detected Figure 8.32 p534
2025-12-08 22:09:51,993 [INFO] usb_pd_parser:397 - Smart text-aware crop saved for Figure 8.32 p534 -> output\figures\Figure_8.32_page_534_crop.png
2025-12-08 22:09:51,993 [INFO] usb_pd_parser:618 - Detected Figure 8.32 on page 534 (images:1)
2025-12-08 22:09:52,174 [INFO] usb_pd_parser:543 - Table detected Table 8.59 p535
2025-12-08 22:09:54,609 [INFO] usb_pd_parser:430 - Camelot extracted 1 tables on page 535
2025-12-08 22:09:54,622 [INFO] usb_pd_parser:573 - Detected Table 8.59 on page 535 (rows:13)
2025-12-08 22:09:54,796 [INFO] usb_pd_parser:543 - Table detected Table 8.59 p536
2025-12-08 22:09:56,955 [INFO] usb_pd_parser:430 - Camelot extracted 1 tables on page 536
2025-12-08 22:09:56,972 [INFO] usb_pd_parser:573 - Detected Table 8.59 on page 536 (rows:13)
2025-12-08 22:09:57,039 [INFO] usb_pd_parser:654 - Section started 8.3.2.7 'Power Role Swap' p537
2025-12-08 22:09:57,039 [INFO] usb_pd_parser:654 - Section started 8.3.2.7.1 'Source Initiated Power Role Swap' p537
2025-12-08 22:09:57,039 [INFO] usb_pd_parser:654 - Section started 8.3.2.7.1.1 'Source Initiated Power Role Swap (Accept)' p537
2025-12-08 22:09:57,298 [INFO] usb_pd_parser:590 - Figure detected Figure 8.33 p538
2025-12-08 22:09:57,371 [INFO] usb_pd_parser:397 - Smart text-aware crop saved for Figure 8.33 p538 -> output\figures\Figure_8.33_page_538_crop.png
2025-12-08 22:09:57,371 [INFO] usb_pd_parser:618 - Detected Figure 8.33 on page 538 (images:1)
2025-12-08 22:09:57,603 [INFO] usb_pd_parser:543 - Table detected Table 8.60 p539
2025-12-08 22:10:01,349 [INFO] usb_pd_parser:430 - Camelot extracted 1 tables on page 539
2025-12-08 22:10:01,353 [INFO] usb_pd_parser:573 - Detected Table 8.60 on page 539 (rows:16)
2025-12-08 22:10:01,517 [INFO] usb_pd_parser:543 - Table detected Table 8.60 p540
2025-12-08 22:10:04,042 [INFO] usb_pd_parser:430 - Camelot extracted 1 tables on page 540
2025-12-08 22:10:04,042 [INFO] usb_pd_parser:573 - Detected Table 8.60 on page 540 (rows:15)
2025-12-08 22:10:04,155 [INFO] usb_pd_parser:543 - Table detected Table 8.60 p541
2025-12-08 22:10:06,222 [INFO] usb_pd_parser:430 - Camelot extracted 1 tables on page 541
2025-12-08 22:10:06,227 [INFO] usb_pd_parser:573 - Detected Table 8.60 on page 541 (rows:9)
2025-12-08 22:10:06,377 [INFO] usb_pd_parser:654 - Section started 8.3.2.7.1.2 'Source Initiated Power Role Swap (Reject)' p542
2025-12-08 22:10:06,377 [INFO] usb_pd_parser:590 - Figure detected Figure 8.34 p542
2025-12-08 22:10:06,440 [INFO] usb_pd_parser:397 - Smart text-aware crop saved for Figure 8.34 p542 -> output\figures\Figure_8.34_page_542_crop.png
2025-12-08 22:10:06,440 [INFO] usb_pd_parser:618 - Detected Figure 8.34 on page 542 (images:1)
2025-12-08 22:10:06,651 [INFO] usb_pd_parser:543 - Table detected Table 8.61 p543
2025-12-08 22:10:09,453 [INFO] usb_pd_parser:430 - Camelot extracted 1 tables on page 543
2025-12-08 22:10:09,467 [INFO] usb_pd_parser:573 - Detected Table 8.61 on page 543 (rows:16)
2025-12-08 22:10:09,525 [INFO] usb_pd_parser:543 - Table detected Table 8.61 p544
2025-12-08 22:10:11,448 [INFO] usb_pd_parser:430 - Camelot extracted 1 tables on page 544
2025-12-08 22:10:11,448 [INFO] usb_pd_parser:573 - Detected Table 8.61 on page 544 (rows:4)
2025-12-08 22:10:11,670 [INFO] usb_pd_parser:654 - Section started 8.3.2.7.1.3 'Source Initiated Power Role Swap (Wait)' p545
2025-12-08 22:10:11,670 [INFO] usb_pd_parser:590 - Figure detected Figure 8.35 p545
2025-12-08 22:10:11,725 [INFO] usb_pd_parser:397 - Smart text-aware crop saved for Figure 8.35 p545 -> output\figures\Figure_8.35_page_545_crop.png
2025-12-08 22:10:11,740 [INFO] usb_pd_parser:618 - Detected Figure 8.35 on page 545 (images:1)
2025-12-08 22:10:11,941 [INFO] usb_pd_parser:543 - Table detected Table 8.62 p546
2025-12-08 22:10:15,793 [INFO] usb_pd_parser:430 - Camelot extracted 1 tables on page 546
2025-12-08 22:10:15,793 [INFO] usb_pd_parser:573 - Detected Table 8.62 on page 546 (rows:16)
2025-12-08 22:10:15,854 [INFO] usb_pd_parser:543 - Table detected Table 8.62 p547
2025-12-08 22:10:17,537 [INFO] usb_pd_parser:430 - Camelot extracted 1 tables on page 547
2025-12-08 22:10:17,541 [INFO] usb_pd_parser:573 - Detected Table 8.62 on page 547 (rows:4)
2025-12-08 22:10:17,607 [INFO] usb_pd_parser:654 - Section started 8.3.2.7.2 'Sink Initiated Power Role Swap' p548
2025-12-08 22:10:17,607 [INFO] usb_pd_parser:654 - Section started 8.3.2.7.2.1 'Sink Initiated Power Role Swap (Accept)' p548
2025-12-08 22:10:17,872 [INFO] usb_pd_parser:590 - Figure detected Figure 8.36 p549
2025-12-08 22:10:17,948 [INFO] usb_pd_parser:397 - Smart text-aware crop saved for Figure 8.36 p549 -> output\figures\Figure_8.36_page_549_crop.png
2025-12-08 22:10:17,948 [INFO] usb_pd_parser:618 - Detected Figure 8.36 on page 549 (images:1)
2025-12-08 22:10:18,143 [INFO] usb_pd_parser:543 - Table detected Table 8.63 p550
2025-12-08 22:10:20,822 [INFO] usb_pd_parser:430 - Camelot extracted 1 tables on page 550
2025-12-08 22:10:20,822 [INFO] usb_pd_parser:573 - Detected Table 8.63 on page 550 (rows:15)
2025-12-08 22:10:21,023 [INFO] usb_pd_parser:543 - Table detected Table 8.63 p551
2025-12-08 22:10:23,682 [INFO] usb_pd_parser:430 - Camelot extracted 1 tables on page 551
2025-12-08 22:10:23,682 [INFO] usb_pd_parser:573 - Detected Table 8.63 on page 551 (rows:16)
2025-12-08 22:10:23,827 [INFO] usb_pd_parser:543 - Table detected Table 8.63 p552
2025-12-08 22:10:25,923 [INFO] usb_pd_parser:430 - Camelot extracted 1 tables on page 552
2025-12-08 22:10:25,931 [INFO] usb_pd_parser:573 - Detected Table 8.63 on page 552 (rows:9)
2025-12-08 22:10:26,093 [INFO] usb_pd_parser:654 - Section started 8.3.2.7.2.2 'Sink Initiated Power Role Swap (Reject)' p553
2025-12-08 22:10:26,093 [INFO] usb_pd_parser:590 - Figure detected Figure 8.37 p553
2025-12-08 22:10:26,140 [INFO] usb_pd_parser:397 - Smart text-aware crop saved for Figure 8.37 p553 -> output\figures\Figure_8.37_page_553_crop.png
2025-12-08 22:10:26,150 [INFO] usb_pd_parser:618 - Detected Figure 8.37 on page 553 (images:1)
2025-12-08 22:10:26,347 [INFO] usb_pd_parser:543 - Table detected Table 8.64 p554
2025-12-08 22:10:29,182 [INFO] usb_pd_parser:430 - Camelot extracted 1 tables on page 554
2025-12-08 22:10:29,192 [INFO] usb_pd_parser:573 - Detected Table 8.64 on page 554 (rows:16)
2025-12-08 22:10:29,260 [INFO] usb_pd_parser:543 - Table detected Table 8.64 p555
2025-12-08 22:10:32,445 [INFO] usb_pd_parser:430 - Camelot extracted 1 tables on page 555
2025-12-08 22:10:32,445 [INFO] usb_pd_parser:573 - Detected Table 8.64 on page 555 (rows:4)
2025-12-08 22:10:32,593 [INFO] usb_pd_parser:654 - Section started 8.3.2.7.2.3 'Sink Initiated Power Role Swap (Wait)' p556
2025-12-08 22:10:32,593 [INFO] usb_pd_parser:590 - Figure detected Figure 8.38 p556
2025-12-08 22:10:32,656 [INFO] usb_pd_parser:397 - Smart text-aware crop saved for Figure 8.38 p556 -> output\figures\Figure_8.38_page_556_crop.png
2025-12-08 22:10:32,661 [INFO] usb_pd_parser:618 - Detected Figure 8.38 on page 556 (images:1)
2025-12-08 22:10:32,850 [INFO] usb_pd_parser:543 - Table detected Table 8.65 p557
2025-12-08 22:10:35,831 [INFO] usb_pd_parser:430 - Camelot extracted 1 tables on page 557
2025-12-08 22:10:35,834 [INFO] usb_pd_parser:573 - Detected Table 8.65 on page 557 (rows:16)
2025-12-08 22:10:35,897 [INFO] usb_pd_parser:543 - Table detected Table 8.65 p558
2025-12-08 22:10:37,678 [INFO] usb_pd_parser:430 - Camelot extracted 1 tables on page 558
2025-12-08 22:10:37,678 [INFO] usb_pd_parser:573 - Detected Table 8.65 on page 558 (rows:4)
2025-12-08 22:10:37,796 [INFO] usb_pd_parser:654 - Section started 8.3.2.8 'Fast Role Swap' p559
2025-12-08 22:10:38,083 [INFO] usb_pd_parser:590 - Figure detected Figure 8.39 p560
2025-12-08 22:10:38,160 [INFO] usb_pd_parser:397 - Smart text-aware crop saved for Figure 8.39 p560 -> output\figures\Figure_8.39_page_560_crop.png
2025-12-08 22:10:38,163 [INFO] usb_pd_parser:618 - Detected Figure 8.39 on page 560 (images:1)
2025-12-08 22:10:38,381 [INFO] usb_pd_parser:543 - Table detected Table 8.66 p561
2025-12-08 22:10:41,224 [INFO] usb_pd_parser:430 - Camelot extracted 1 tables on page 561
2025-12-08 22:10:41,224 [INFO] usb_pd_parser:573 - Detected Table 8.66 on page 561 (rows:15)
2025-12-08 22:10:41,392 [INFO] usb_pd_parser:543 - Table detected Table 8.66 p562
2025-12-08 22:10:43,923 [INFO] usb_pd_parser:430 - Camelot extracted 1 tables on page 562
2025-12-08 22:10:43,923 [INFO] usb_pd_parser:573 - Detected Table 8.66 on page 562 (rows:14)
2025-12-08 22:10:44,090 [INFO] usb_pd_parser:543 - Table detected Table 8.66 p563
2025-12-08 22:10:49,438 [INFO] usb_pd_parser:430 - Camelot extracted 1 tables on page 563
2025-12-08 22:10:49,438 [INFO] usb_pd_parser:573 - Detected Table 8.66 on page 563 (rows:11)
2025-12-08 22:10:49,637 [INFO] usb_pd_parser:654 - Section started 8.3.2.9 'Data Role Swap' p564
2025-12-08 22:10:49,637 [INFO] usb_pd_parser:654 - Section started 8.3.2.9.1 'Data Role Swap, Initiated by UFP Operating as Sink' p564
2025-12-08 22:10:49,637 [INFO] usb_pd_parser:654 - Section started 8.3.2.9.1.1 'Data Role Swap, Initiated by UFP Operating as Sink (Accept)' p564
2025-12-08 22:10:49,637 [INFO] usb_pd_parser:590 - Figure detected Figure 8.40 p564
2025-12-08 22:10:49,781 [INFO] usb_pd_parser:397 - Smart text-aware crop saved for Figure 8.40 p564 -> output\figures\Figure_8.40_page_564_crop.png
2025-12-08 22:10:49,781 [INFO] usb_pd_parser:618 - Detected Figure 8.40 on page 564 (images:1)
2025-12-08 22:10:50,069 [INFO] usb_pd_parser:543 - Table detected Table 8.67 p565
2025-12-08 22:10:53,199 [INFO] usb_pd_parser:430 - Camelot extracted 1 tables on page 565
2025-12-08 22:10:53,199 [INFO] usb_pd_parser:573 - Detected Table 8.67 on page 565 (rows:17)
2025-12-08 22:10:53,283 [INFO] usb_pd_parser:543 - Table detected Table 8.67 p566
2025-12-08 22:10:55,106 [INFO] usb_pd_parser:430 - Camelot extracted 1 tables on page 566
2025-12-08 22:10:55,115 [INFO] usb_pd_parser:573 - Detected Table 8.67 on page 566 (rows:4)
2025-12-08 22:10:55,237 [INFO] usb_pd_parser:654 - Section started 8.3.2.9.1.2 'Data Role Swap, Initiated by UFP Operating as Sink (Reject)' p567
2025-12-08 22:10:55,237 [INFO] usb_pd_parser:590 - Figure detected Figure 8.41 p567
2025-12-08 22:10:55,304 [INFO] usb_pd_parser:397 - Smart text-aware crop saved for Figure 8.41 p567 -> output\figures\Figure_8.41_page_567_crop.png
2025-12-08 22:10:55,306 [INFO] usb_pd_parser:618 - Detected Figure 8.41 on page 567 (images:1)
2025-12-08 22:10:55,512 [INFO] usb_pd_parser:543 - Table detected Table 8.68 p568
2025-12-08 22:10:58,403 [INFO] usb_pd_parser:430 - Camelot extracted 1 tables on page 568
2025-12-08 22:10:58,403 [INFO] usb_pd_parser:573 - Detected Table 8.68 on page 568 (rows:16)
2025-12-08 22:10:58,455 [INFO] usb_pd_parser:543 - Table detected Table 8.68 p569
2025-12-08 22:11:00,357 [INFO] usb_pd_parser:430 - Camelot extracted 1 tables on page 569
2025-12-08 22:11:00,357 [INFO] usb_pd_parser:573 - Detected Table 8.68 on page 569 (rows:4)
2025-12-08 22:11:00,492 [INFO] usb_pd_parser:654 - Section started 8.3.2.9.1.3 'Data Role Swap, Initiated by UFP Operating as Sink (Wait)' p570
2025-12-08 22:11:00,492 [INFO] usb_pd_parser:590 - Figure detected Figure 8.42 p570
2025-12-08 22:11:00,556 [INFO] usb_pd_parser:397 - Smart text-aware crop saved for Figure 8.42 p570 -> output\figures\Figure_8.42_page_570_crop.png
2025-12-08 22:11:00,556 [INFO] usb_pd_parser:618 - Detected Figure 8.42 on page 570 (images:1)
2025-12-08 22:11:00,759 [INFO] usb_pd_parser:543 - Table detected Table 8.69 p571
2025-12-08 22:11:05,287 [INFO] usb_pd_parser:430 - Camelot extracted 1 tables on page 571
2025-12-08 22:11:05,293 [INFO] usb_pd_parser:573 - Detected Table 8.69 on page 571 (rows:16)
2025-12-08 22:11:05,359 [INFO] usb_pd_parser:543 - Table detected Table 8.69 p572
2025-12-08 22:11:07,395 [INFO] usb_pd_parser:430 - Camelot extracted 1 tables on page 572
2025-12-08 22:11:07,395 [INFO] usb_pd_parser:573 - Detected Table 8.69 on page 572 (rows:4)
2025-12-08 22:11:07,523 [INFO] usb_pd_parser:654 - Section started 8.3.2.9.2 'Data Role Swap, Initiated by UFP Operating as Source' p573
2025-12-08 22:11:07,523 [INFO] usb_pd_parser:654 - Section started 8.3.2.9.2.1 'Data Role Swap, Initiated by UFP Operating as Source (Accept)' p573
2025-12-08 22:11:07,523 [INFO] usb_pd_parser:590 - Figure detected Figure 8.43 p573
2025-12-08 22:11:07,589 [INFO] usb_pd_parser:397 - Smart text-aware crop saved for Figure 8.43 p573 -> output\figures\Figure_8.43_page_573_crop.png
2025-12-08 22:11:07,589 [INFO] usb_pd_parser:618 - Detected Figure 8.43 on page 573 (images:1)
2025-12-08 22:11:07,820 [INFO] usb_pd_parser:543 - Table detected Table 8.70 p574
2025-12-08 22:11:10,679 [INFO] usb_pd_parser:430 - Camelot extracted 1 tables on page 574
2025-12-08 22:11:10,679 [INFO] usb_pd_parser:573 - Detected Table 8.70 on page 574 (rows:17)
2025-12-08 22:11:10,771 [INFO] usb_pd_parser:543 - Table detected Table 8.70 p575
2025-12-08 22:11:12,558 [INFO] usb_pd_parser:430 - Camelot extracted 1 tables on page 575
2025-12-08 22:11:12,558 [INFO] usb_pd_parser:573 - Detected Table 8.70 on page 575 (rows:4)
2025-12-08 22:11:12,742 [INFO] usb_pd_parser:654 - Section started 8.3.2.9.2.2 'Data Role Swap, Initiated by UFP Operating as Source (Reject)' p576
2025-12-08 22:11:12,742 [INFO] usb_pd_parser:590 - Figure detected Figure 8.44 p576
2025-12-08 22:11:12,798 [INFO] usb_pd_parser:397 - Smart text-aware crop saved for Figure 8.44 p576 -> output\figures\Figure_8.44_page_576_crop.png
2025-12-08 22:11:12,798 [INFO] usb_pd_parser:618 - Detected Figure 8.44 on page 576 (images:1)
2025-12-08 22:11:12,991 [INFO] usb_pd_parser:543 - Table detected Table 8.71 p577
2025-12-08 22:11:15,778 [INFO] usb_pd_parser:430 - Camelot extracted 1 tables on page 577
2025-12-08 22:11:15,778 [INFO] usb_pd_parser:573 - Detected Table 8.71 on page 577 (rows:16)
2025-12-08 22:11:15,898 [INFO] usb_pd_parser:543 - Table detected Table 8.71 p578
2025-12-08 22:11:17,751 [INFO] usb_pd_parser:430 - Camelot extracted 1 tables on page 578
2025-12-08 22:11:17,761 [INFO] usb_pd_parser:573 - Detected Table 8.71 on page 578 (rows:4)
2025-12-08 22:11:17,890 [INFO] usb_pd_parser:654 - Section started 8.3.2.9.2.3 'Data Role Swap, Initiated by UFP Operating as Source (Wait)' p579
2025-12-08 22:11:17,890 [INFO] usb_pd_parser:590 - Figure detected Figure 8.45 p579
2025-12-08 22:11:17,959 [INFO] usb_pd_parser:397 - Smart text-aware crop saved for Figure 8.45 p579 -> output\figures\Figure_8.45_page_579_crop.png
2025-12-08 22:11:17,959 [INFO] usb_pd_parser:618 - Detected Figure 8.45 on page 579 (images:1)
2025-12-08 22:11:19,324 [INFO] usb_pd_parser:543 - Table detected Table 8.72 p580
2025-12-08 22:11:21,944 [INFO] usb_pd_parser:430 - Camelot extracted 1 tables on page 580
2025-12-08 22:11:21,944 [INFO] usb_pd_parser:573 - Detected Table 8.72 on page 580 (rows:16)
2025-12-08 22:11:22,007 [INFO] usb_pd_parser:543 - Table detected Table 8.72 p581
2025-12-08 22:11:23,838 [INFO] usb_pd_parser:430 - Camelot extracted 1 tables on page 581
2025-12-08 22:11:23,840 [INFO] usb_pd_parser:573 - Detected Table 8.72 on page 581 (rows:4)
2025-12-08 22:11:23,989 [INFO] usb_pd_parser:654 - Section started 8.3.2.9.3 'Data Role Swap, Initiated by DFP Operating as Source' p582
2025-12-08 22:11:23,989 [INFO] usb_pd_parser:654 - Section started 8.3.2.9.3.1 'Data Role Swap, Initiated by DFP Operating as Source (Accept)' p582
2025-12-08 22:11:23,989 [INFO] usb_pd_parser:590 - Figure detected Figure 8.46 p582
2025-12-08 22:11:24,043 [INFO] usb_pd_parser:397 - Smart text-aware crop saved for Figure 8.46 p582 -> output\figures\Figure_8.46_page_582_crop.png
2025-12-08 22:11:24,055 [INFO] usb_pd_parser:618 - Detected Figure 8.46 on page 582 (images:1)
2025-12-08 22:11:24,273 [INFO] usb_pd_parser:543 - Table detected Table 8.73 p583
2025-12-08 22:11:27,069 [INFO] usb_pd_parser:430 - Camelot extracted 1 tables on page 583
2025-12-08 22:11:27,069 [INFO] usb_pd_parser:573 - Detected Table 8.73 on page 583 (rows:17)
2025-12-08 22:11:27,151 [INFO] usb_pd_parser:543 - Table detected Table 8.73 p584
2025-12-08 22:11:28,897 [INFO] usb_pd_parser:430 - Camelot extracted 1 tables on page 584
2025-12-08 22:11:28,912 [INFO] usb_pd_parser:573 - Detected Table 8.73 on page 584 (rows:3)
2025-12-08 22:11:29,028 [INFO] usb_pd_parser:654 - Section started 8.3.2.9.3.2 'Data Role Swap, Initiated by DFP Operating as Source (Reject)' p585
2025-12-08 22:11:29,028 [INFO] usb_pd_parser:590 - Figure detected Figure 8.47 p585
2025-12-08 22:11:29,095 [INFO] usb_pd_parser:397 - Smart text-aware crop saved for Figure 8.47 p585 -> output\figures\Figure_8.47_page_585_crop.png
2025-12-08 22:11:29,095 [INFO] usb_pd_parser:618 - Detected Figure 8.47 on page 585 (images:1)
2025-12-08 22:11:29,301 [INFO] usb_pd_parser:543 - Table detected Table 8.74 p586
2025-12-08 22:11:32,063 [INFO] usb_pd_parser:430 - Camelot extracted 1 tables on page 586
2025-12-08 22:11:32,063 [INFO] usb_pd_parser:573 - Detected Table 8.74 on page 586 (rows:16)
2025-12-08 22:11:32,122 [INFO] usb_pd_parser:543 - Table detected Table 8.74 p587
2025-12-08 22:11:34,895 [INFO] usb_pd_parser:430 - Camelot extracted 1 tables on page 587
2025-12-08 22:11:34,895 [INFO] usb_pd_parser:573 - Detected Table 8.74 on page 587 (rows:4)
2025-12-08 22:11:35,012 [INFO] usb_pd_parser:654 - Section started 8.3.2.9.3.3 'Data Role Swap, Initiated by DFP Operating as Source (Wait)' p588
2025-12-08 22:11:35,012 [INFO] usb_pd_parser:590 - Figure detected Figure 8.48 p588
2025-12-08 22:11:35,076 [INFO] usb_pd_parser:397 - Smart text-aware crop saved for Figure 8.48 p588 -> output\figures\Figure_8.48_page_588_crop.png
2025-12-08 22:11:35,076 [INFO] usb_pd_parser:618 - Detected Figure 8.48 on page 588 (images:1)
2025-12-08 22:11:35,290 [INFO] usb_pd_parser:543 - Table detected Table 8.75 p589
2025-12-08 22:11:38,103 [INFO] usb_pd_parser:430 - Camelot extracted 1 tables on page 589
2025-12-08 22:11:38,103 [INFO] usb_pd_parser:573 - Detected Table 8.75 on page 589 (rows:17)
2025-12-08 22:11:38,144 [INFO] usb_pd_parser:543 - Table detected Table 8.75 p590
2025-12-08 22:11:39,848 [INFO] usb_pd_parser:430 - Camelot extracted 1 tables on page 590
2025-12-08 22:11:39,848 [INFO] usb_pd_parser:573 - Detected Table 8.75 on page 590 (rows:3)
2025-12-08 22:11:39,978 [INFO] usb_pd_parser:654 - Section started 8.3.2.9.4 'Data Role Swap, Initiated by DFP Operating as Sink' p591
2025-12-08 22:11:39,978 [INFO] usb_pd_parser:654 - Section started 8.3.2.9.4.1 'Data Role Swap, Initiated by DFP Operating as Sink (Accept)' p591
2025-12-08 22:11:39,978 [INFO] usb_pd_parser:590 - Figure detected Figure 8.49 p591
2025-12-08 22:11:40,041 [INFO] usb_pd_parser:397 - Smart text-aware crop saved for Figure 8.49 p591 -> output\figures\Figure_8.49_page_591_crop.png
2025-12-08 22:11:40,043 [INFO] usb_pd_parser:618 - Detected Figure 8.49 on page 591 (images:1)
2025-12-08 22:11:40,247 [INFO] usb_pd_parser:543 - Table detected Table 8.76 p592
2025-12-08 22:11:43,609 [INFO] usb_pd_parser:430 - Camelot extracted 1 tables on page 592
2025-12-08 22:11:43,609 [INFO] usb_pd_parser:573 - Detected Table 8.76 on page 592 (rows:17)
2025-12-08 22:11:43,691 [INFO] usb_pd_parser:543 - Table detected Table 8.76 p593
2025-12-08 22:11:45,502 [INFO] usb_pd_parser:430 - Camelot extracted 1 tables on page 593
2025-12-08 22:11:45,506 [INFO] usb_pd_parser:573 - Detected Table 8.76 on page 593 (rows:4)
2025-12-08 22:11:45,626 [INFO] usb_pd_parser:654 - Section started 8.3.2.9.4.2 'Data Role Swap, Initiated by DFP Operating as Sink (Reject)' p594
2025-12-08 22:11:45,626 [INFO] usb_pd_parser:590 - Figure detected Figure 8.50 p594
2025-12-08 22:11:45,689 [INFO] usb_pd_parser:397 - Smart text-aware crop saved for Figure 8.50 p594 -> output\figures\Figure_8.50_page_594_crop.png
2025-12-08 22:11:45,689 [INFO] usb_pd_parser:618 - Detected Figure 8.50 on page 594 (images:1)
2025-12-08 22:11:45,874 [INFO] usb_pd_parser:543 - Table detected Table 8.77 p595
2025-12-08 22:11:49,942 [INFO] usb_pd_parser:430 - Camelot extracted 1 tables on page 595
2025-12-08 22:11:49,942 [INFO] usb_pd_parser:573 - Detected Table 8.77 on page 595 (rows:16)
2025-12-08 22:11:50,007 [INFO] usb_pd_parser:543 - Table detected Table 8.77 p596
2025-12-08 22:11:51,821 [INFO] usb_pd_parser:430 - Camelot extracted 1 tables on page 596
2025-12-08 22:11:51,821 [INFO] usb_pd_parser:573 - Detected Table 8.77 on page 596 (rows:4)
2025-12-08 22:11:51,963 [INFO] usb_pd_parser:654 - Section started 8.3.2.9.4.3 'Data Role Swap, Initiated by DFP Operating as Sink (Wait)' p597
2025-12-08 22:11:51,963 [INFO] usb_pd_parser:590 - Figure detected Figure 8.51 p597
2025-12-08 22:11:52,010 [INFO] usb_pd_parser:397 - Smart text-aware crop saved for Figure 8.51 p597 -> output\figures\Figure_8.51_page_597_crop.png
2025-12-08 22:11:52,021 [INFO] usb_pd_parser:618 - Detected Figure 8.51 on page 597 (images:1)
2025-12-08 22:11:52,210 [INFO] usb_pd_parser:543 - Table detected Table 8.78 p598
2025-12-08 22:11:54,947 [INFO] usb_pd_parser:430 - Camelot extracted 1 tables on page 598
2025-12-08 22:11:54,947 [INFO] usb_pd_parser:573 - Detected Table 8.78 on page 598 (rows:16)
2025-12-08 22:11:55,029 [INFO] usb_pd_parser:543 - Table detected Table 8.78 p599
2025-12-08 22:11:56,775 [INFO] usb_pd_parser:430 - Camelot extracted 1 tables on page 599
2025-12-08 22:11:56,777 [INFO] usb_pd_parser:573 - Detected Table 8.78 on page 599 (rows:4)
2025-12-08 22:11:57,064 [INFO] usb_pd_parser:654 - Section started 8.3.2.10 'V Swap' p600
2025-12-08 22:11:57,064 [INFO] usb_pd_parser:654 - Section started 8.3.2.10.1 'V Source Swap, initiated by V Source' p600
2025-12-08 22:11:57,064 [INFO] usb_pd_parser:654 - Section started 8.3.2.10.1.1 'V Source Swap, initiated by V Source (Accept)' p600
2025-12-08 22:11:57,064 [INFO] usb_pd_parser:590 - Figure detected Figure 8.52 p600
2025-12-08 22:11:57,129 [INFO] usb_pd_parser:397 - Smart text-aware crop saved for Figure 8.52 p600 -> output\figures\Figure_8.52_page_600_crop.png
2025-12-08 22:11:57,129 [INFO] usb_pd_parser:618 - Detected Figure 8.52 on page 600 (images:1)
2025-12-08 22:11:57,341 [INFO] usb_pd_parser:543 - Table detected Table 8.79 p601
2025-12-08 22:12:00,110 [INFO] usb_pd_parser:430 - Camelot extracted 1 tables on page 601
2025-12-08 22:12:00,116 [INFO] usb_pd_parser:573 - Detected Table 8.79 on page 601 (rows:17)
2025-12-08 22:12:00,258 [INFO] usb_pd_parser:543 - Table detected Table 8.79 p602
2025-12-08 22:12:02,414 [INFO] usb_pd_parser:430 - Camelot extracted 1 tables on page 602
2025-12-08 22:12:02,414 [INFO] usb_pd_parser:573 - Detected Table 8.79 on page 602 (rows:13)
2025-12-08 22:12:02,579 [INFO] usb_pd_parser:654 - Section started 8.3.2.10.1.2 'V Source Swap, initiated by VCONN Source (Reject)' p603
2025-12-08 22:12:02,579 [INFO] usb_pd_parser:590 - Figure detected Figure 8.53 p603
2025-12-08 22:12:02,625 [INFO] usb_pd_parser:397 - Smart text-aware crop saved for Figure 8.53 p603 -> output\figures\Figure_8.53_page_603_crop.png
2025-12-08 22:12:02,625 [INFO] usb_pd_parser:618 - Detected Figure 8.53 on page 603 (images:1)
2025-12-08 22:12:02,854 [INFO] usb_pd_parser:543 - Table detected Table 8.80 p604
2025-12-08 22:12:09,555 [INFO] usb_pd_parser:430 - Camelot extracted 1 tables on page 604
2025-12-08 22:12:09,571 [INFO] usb_pd_parser:573 - Detected Table 8.80 on page 604 (rows:17)
2025-12-08 22:12:09,628 [INFO] usb_pd_parser:543 - Table detected Table 8.80 p605
2025-12-08 22:12:12,126 [INFO] usb_pd_parser:430 - Camelot extracted 1 tables on page 605
2025-12-08 22:12:12,140 [INFO] usb_pd_parser:573 - Detected Table 8.80 on page 605 (rows:3)
2025-12-08 22:12:12,324 [INFO] usb_pd_parser:654 - Section started 8.3.2.10.1.3 'V Source Swap, initiated by V Source (Wait)' p606
2025-12-08 22:12:12,324 [INFO] usb_pd_parser:590 - Figure detected Figure 8.54 p606
2025-12-08 22:12:12,393 [INFO] usb_pd_parser:397 - Smart text-aware crop saved for Figure 8.54 p606 -> output\figures\Figure_8.54_page_606_crop.png
2025-12-08 22:12:12,393 [INFO] usb_pd_parser:618 - Detected Figure 8.54 on page 606 (images:1)
2025-12-08 22:12:12,706 [INFO] usb_pd_parser:543 - Table detected Table 8.81 p607
2025-12-08 22:12:15,818 [INFO] usb_pd_parser:430 - Camelot extracted 1 tables on page 607
2025-12-08 22:12:15,818 [INFO] usb_pd_parser:573 - Detected Table 8.81 on page 607 (rows:17)
2025-12-08 22:12:15,872 [INFO] usb_pd_parser:543 - Table detected Table 8.81 p608
2025-12-08 22:12:17,613 [INFO] usb_pd_parser:430 - Camelot extracted 1 tables on page 608
2025-12-08 22:12:17,616 [INFO] usb_pd_parser:573 - Detected Table 8.81 on page 608 (rows:3)
2025-12-08 22:12:17,827 [INFO] usb_pd_parser:654 - Section started 8.3.2.10.2 'V Source Swap, initiated by non-V Source' p609
2025-12-08 22:12:17,827 [INFO] usb_pd_parser:654 - Section started 8.3.2.10.2.1 'V Source Swap, initiated by non-V Source (Accept)' p609
2025-12-08 22:12:17,827 [INFO] usb_pd_parser:590 - Figure detected Figure 8.55 p609
2025-12-08 22:12:17,877 [INFO] usb_pd_parser:397 - Smart text-aware crop saved for Figure 8.55 p609 -> output\figures\Figure_8.55_page_609_crop.png
2025-12-08 22:12:17,877 [INFO] usb_pd_parser:618 - Detected Figure 8.55 on page 609 (images:1)
2025-12-08 22:12:18,094 [INFO] usb_pd_parser:543 - Table detected Table 8.82 p610
2025-12-08 22:12:20,745 [INFO] usb_pd_parser:430 - Camelot extracted 1 tables on page 610
2025-12-08 22:12:20,745 [INFO] usb_pd_parser:573 - Detected Table 8.82 on page 610 (rows:17)
2025-12-08 22:12:20,899 [INFO] usb_pd_parser:543 - Table detected Table 8.82 p611
2025-12-08 22:12:23,092 [INFO] usb_pd_parser:430 - Camelot extracted 1 tables on page 611
2025-12-08 22:12:23,106 [INFO] usb_pd_parser:573 - Detected Table 8.82 on page 611 (rows:13)
2025-12-08 22:12:23,268 [INFO] usb_pd_parser:654 - Section started 8.3.2.10.2.2 'V Source Swap, initiated by non-V Source (Reject)' p612
2025-12-08 22:12:23,268 [INFO] usb_pd_parser:590 - Figure detected Figure 8.56 p612
2025-12-08 22:12:23,329 [INFO] usb_pd_parser:397 - Smart text-aware crop saved for Figure 8.56 p612 -> output\figures\Figure_8.56_page_612_crop.png
2025-12-08 22:12:23,329 [INFO] usb_pd_parser:618 - Detected Figure 8.56 on page 612 (images:1)
2025-12-08 22:12:23,546 [INFO] usb_pd_parser:543 - Table detected Table 8.83 p613
2025-12-08 22:12:27,381 [INFO] usb_pd_parser:430 - Camelot extracted 1 tables on page 613
2025-12-08 22:12:27,383 [INFO] usb_pd_parser:573 - Detected Table 8.83 on page 613 (rows:16)
2025-12-08 22:12:27,444 [INFO] usb_pd_parser:543 - Table detected Table 8.83 p614
2025-12-08 22:12:29,254 [INFO] usb_pd_parser:430 - Camelot extracted 1 tables on page 614
2025-12-08 22:12:29,254 [INFO] usb_pd_parser:573 - Detected Table 8.83 on page 614 (rows:4)
2025-12-08 22:12:29,399 [INFO] usb_pd_parser:654 - Section started 8.3.2.10.2.3 'V Source Swap (Wait)' p615
2025-12-08 22:12:29,399 [INFO] usb_pd_parser:590 - Figure detected Figure 8.57 p615
2025-12-08 22:12:29,468 [INFO] usb_pd_parser:397 - Smart text-aware crop saved for Figure 8.57 p615 -> output\figures\Figure_8.57_page_615_crop.png
2025-12-08 22:12:29,471 [INFO] usb_pd_parser:618 - Detected Figure 8.57 on page 615 (images:1)
2025-12-08 22:12:29,679 [INFO] usb_pd_parser:543 - Table detected Table 8.84 p616
2025-12-08 22:12:32,354 [INFO] usb_pd_parser:430 - Camelot extracted 1 tables on page 616
2025-12-08 22:12:32,354 [INFO] usb_pd_parser:573 - Detected Table 8.84 on page 616 (rows:17)
2025-12-08 22:12:32,397 [INFO] usb_pd_parser:543 - Table detected Table 8.84 p617
2025-12-08 22:12:34,185 [INFO] usb_pd_parser:430 - Camelot extracted 1 tables on page 617
2025-12-08 22:12:34,185 [INFO] usb_pd_parser:573 - Detected Table 8.84 on page 617 (rows:3)
2025-12-08 22:12:34,267 [INFO] usb_pd_parser:654 - Section started 8.3.2.11 'Additional Capabilities, Status and Information' p618
2025-12-08 22:12:34,267 [INFO] usb_pd_parser:654 - Section started 8.3.2.11.1 'Alert' p618
2025-12-08 22:12:34,267 [INFO] usb_pd_parser:654 - Section started 8.3.2.11.1.1 'Source sends Alert to a Sink' p618
2025-12-08 22:12:34,267 [INFO] usb_pd_parser:590 - Figure detected Figure 8.58 p618
2025-12-08 22:12:34,311 [INFO] usb_pd_parser:397 - Smart text-aware crop saved for Figure 8.58 p618 -> output\figures\Figure_8.58_page_618_crop.png
2025-12-08 22:12:34,311 [INFO] usb_pd_parser:618 - Detected Figure 8.58 on page 618 (images:1)
2025-12-08 22:12:34,431 [INFO] usb_pd_parser:543 - Table detected Table 8.85 p619
2025-12-08 22:12:36,618 [INFO] usb_pd_parser:430 - Camelot extracted 1 tables on page 619
2025-12-08 22:12:36,618 [INFO] usb_pd_parser:573 - Detected Table 8.85 on page 619 (rows:10)
2025-12-08 22:12:36,694 [INFO] usb_pd_parser:654 - Section started 8.3.2.11.1.2 'Sink sends Alert to a Source' p620
2025-12-08 22:12:36,694 [INFO] usb_pd_parser:590 - Figure detected Figure 8.59 p620
2025-12-08 22:12:36,742 [INFO] usb_pd_parser:397 - Smart text-aware crop saved for Figure 8.59 p620 -> output\figures\Figure_8.59_page_620_crop.png
2025-12-08 22:12:36,742 [INFO] usb_pd_parser:618 - Detected Figure 8.59 on page 620 (images:1)
2025-12-08 22:12:36,866 [INFO] usb_pd_parser:543 - Table detected Table 8.86 p621
2025-12-08 22:12:39,193 [INFO] usb_pd_parser:430 - Camelot extracted 1 tables on page 621
2025-12-08 22:12:39,193 [INFO] usb_pd_parser:573 - Detected Table 8.86 on page 621 (rows:10)
2025-12-08 22:12:39,330 [INFO] usb_pd_parser:654 - Section started 8.3.2.11.2 'Status' p622
2025-12-08 22:12:39,330 [INFO] usb_pd_parser:654 - Section started 8.3.2.11.2.1 'Sink Gets Source Status' p622
2025-12-08 22:12:39,330 [INFO] usb_pd_parser:590 - Figure detected Figure 8.60 p622
2025-12-08 22:12:39,379 [INFO] usb_pd_parser:397 - Smart text-aware crop saved for Figure 8.60 p622 -> output\figures\Figure_8.60_page_622_crop.png
2025-12-08 22:12:39,379 [INFO] usb_pd_parser:618 - Detected Figure 8.60 on page 622 (images:1)
2025-12-08 22:12:39,563 [INFO] usb_pd_parser:543 - Table detected Table 8.87 p623
2025-12-08 22:12:43,510 [INFO] usb_pd_parser:430 - Camelot extracted 1 tables on page 623
2025-12-08 22:12:43,512 [INFO] usb_pd_parser:573 - Detected Table 8.87 on page 623 (rows:16)
2025-12-08 22:12:43,575 [INFO] usb_pd_parser:543 - Table detected Table 8.87 p624
2025-12-08 22:12:45,333 [INFO] usb_pd_parser:430 - Camelot extracted 1 tables on page 624
2025-12-08 22:12:45,333 [INFO] usb_pd_parser:573 - Detected Table 8.87 on page 624 (rows:5)
2025-12-08 22:12:45,481 [INFO] usb_pd_parser:654 - Section started 8.3.2.11.2.2 'Source Gets Sink Status' p625
2025-12-08 22:12:45,481 [INFO] usb_pd_parser:590 - Figure detected Figure 8.61 p625
2025-12-08 22:12:45,527 [INFO] usb_pd_parser:397 - Smart text-aware crop saved for Figure 8.61 p625 -> output\figures\Figure_8.61_page_625_crop.png
2025-12-08 22:12:45,527 [INFO] usb_pd_parser:618 - Detected Figure 8.61 on page 625 (images:1)
2025-12-08 22:12:45,712 [INFO] usb_pd_parser:543 - Table detected Table 8.88 p626
2025-12-08 22:12:48,393 [INFO] usb_pd_parser:430 - Camelot extracted 1 tables on page 626
2025-12-08 22:12:48,409 [INFO] usb_pd_parser:573 - Detected Table 8.88 on page 626 (rows:16)
2025-12-08 22:12:48,476 [INFO] usb_pd_parser:543 - Table detected Table 8.88 p627
2025-12-08 22:12:50,280 [INFO] usb_pd_parser:430 - Camelot extracted 1 tables on page 627
2025-12-08 22:12:50,282 [INFO] usb_pd_parser:573 - Detected Table 8.88 on page 627 (rows:5)
2025-12-08 22:12:50,442 [INFO] usb_pd_parser:654 - Section started 8.3.2.11.2.3 'V Source Gets Cable Plug Status' p628
2025-12-08 22:12:50,442 [INFO] usb_pd_parser:590 - Figure detected Figure 8.62 p628
2025-12-08 22:12:50,492 [INFO] usb_pd_parser:397 - Smart text-aware crop saved for Figure 8.62 p628 -> output\figures\Figure_8.62_page_628_crop.png
2025-12-08 22:12:50,494 [INFO] usb_pd_parser:618 - Detected Figure 8.62 on page 628 (images:1)
2025-12-08 22:12:50,679 [INFO] usb_pd_parser:543 - Table detected Table 8.89 p629
2025-12-08 22:12:53,307 [INFO] usb_pd_parser:430 - Camelot extracted 1 tables on page 629
2025-12-08 22:12:53,323 [INFO] usb_pd_parser:573 - Detected Table 8.89 on page 629 (rows:18)
2025-12-08 22:12:53,371 [INFO] usb_pd_parser:543 - Table detected Table 8.89 p630
2025-12-08 22:12:55,014 [INFO] usb_pd_parser:430 - Camelot extracted 1 tables on page 630
2025-12-08 22:12:55,014 [INFO] usb_pd_parser:573 - Detected Table 8.89 on page 630 (rows:3)
2025-12-08 22:12:55,166 [INFO] usb_pd_parser:654 - Section started 8.3.2.11.2.4 'Sink Gets Source PPS Status' p631
2025-12-08 22:12:55,166 [INFO] usb_pd_parser:590 - Figure detected Figure 8.63 p631
2025-12-08 22:12:55,214 [INFO] usb_pd_parser:397 - Smart text-aware crop saved for Figure 8.63 p631 -> output\figures\Figure_8.63_page_631_crop.png
2025-12-08 22:12:55,214 [INFO] usb_pd_parser:618 - Detected Figure 8.63 on page 631 (images:1)
2025-12-08 22:12:55,412 [INFO] usb_pd_parser:543 - Table detected Table 8.90 p632
2025-12-08 22:12:59,914 [INFO] usb_pd_parser:430 - Camelot extracted 1 tables on page 632
2025-12-08 22:12:59,928 [INFO] usb_pd_parser:573 - Detected Table 8.90 on page 632 (rows:16)
2025-12-08 22:13:00,002 [INFO] usb_pd_parser:543 - Table detected Table 8.90 p633
2025-12-08 22:13:02,383 [INFO] usb_pd_parser:430 - Camelot extracted 1 tables on page 633
2025-12-08 22:13:02,387 [INFO] usb_pd_parser:573 - Detected Table 8.90 on page 633 (rows:5)
2025-12-08 22:13:02,547 [INFO] usb_pd_parser:654 - Section started 8.3.2.11.3 'Source/Sink Capabilities' p634
2025-12-08 22:13:02,547 [INFO] usb_pd_parser:654 - Section started 8.3.2.11.3.1.1 'Sink Gets Source Capabilities' p634
2025-12-08 22:13:02,547 [INFO] usb_pd_parser:590 - Figure detected Figure 8.64 p634
2025-12-08 22:13:02,597 [INFO] usb_pd_parser:397 - Smart text-aware crop saved for Figure 8.64 p634 -> output\figures\Figure_8.64_page_634_crop.png
2025-12-08 22:13:02,597 [INFO] usb_pd_parser:618 - Detected Figure 8.64 on page 634 (images:1)
2025-12-08 22:13:02,813 [INFO] usb_pd_parser:543 - Table detected Table 8.91 p635
2025-12-08 22:13:05,679 [INFO] usb_pd_parser:430 - Camelot extracted 1 tables on page 635
2025-12-08 22:13:05,679 [INFO] usb_pd_parser:573 - Detected Table 8.91 on page 635 (rows:16)
2025-12-08 22:13:05,679 [INFO] usb_pd_parser:654 - Section started 10 'Message' p635
2025-12-08 22:13:05,760 [INFO] usb_pd_parser:543 - Table detected Table 8.91 p636
2025-12-08 22:13:08,276 [INFO] usb_pd_parser:430 - Camelot extracted 1 tables on page 636
2025-12-08 22:13:08,276 [INFO] usb_pd_parser:573 - Detected Table 8.91 on page 636 (rows:5)
2025-12-08 22:13:08,537 [INFO] usb_pd_parser:654 - Section started 8.3.2.11.3.1.2 'Dual-Role Source Gets Source Capabilities from a Dual-Role Sink' p637
2025-12-08 22:13:08,537 [INFO] usb_pd_parser:590 - Figure detected Figure 8.65 p637
2025-12-08 22:13:08,617 [INFO] usb_pd_parser:397 - Smart text-aware crop saved for Figure 8.65 p637 -> output\figures\Figure_8.65_page_637_crop.png
2025-12-08 22:13:08,617 [INFO] usb_pd_parser:618 - Detected Figure 8.65 on page 637 (images:1)
2025-12-08 22:13:08,892 [INFO] usb_pd_parser:543 - Table detected Table 8.92 p638
2025-12-08 22:13:11,691 [INFO] usb_pd_parser:430 - Camelot extracted 1 tables on page 638
2025-12-08 22:13:11,696 [INFO] usb_pd_parser:573 - Detected Table 8.92 on page 638 (rows:16)
2025-12-08 22:13:11,696 [INFO] usb_pd_parser:654 - Section started 10 'Message' p638
2025-12-08 22:13:11,743 [INFO] usb_pd_parser:543 - Table detected Table 8.92 p639
2025-12-08 22:13:13,494 [INFO] usb_pd_parser:430 - Camelot extracted 1 tables on page 639
2025-12-08 22:13:13,498 [INFO] usb_pd_parser:573 - Detected Table 8.92 on page 639 (rows:5)
2025-12-08 22:13:13,644 [INFO] usb_pd_parser:654 - Section started 8.3.2.11.3.1.3 'Source Gets Sink Capabilities' p640
2025-12-08 22:13:13,644 [INFO] usb_pd_parser:590 - Figure detected Figure 8.66 p640
2025-12-08 22:13:13,709 [INFO] usb_pd_parser:397 - Smart text-aware crop saved for Figure 8.66 p640 -> output\figures\Figure_8.66_page_640_crop.png
2025-12-08 22:13:13,711 [INFO] usb_pd_parser:618 - Detected Figure 8.66 on page 640 (images:1)
2025-12-08 22:13:13,924 [INFO] usb_pd_parser:543 - Table detected Table 8.93 p641
2025-12-08 22:13:17,924 [INFO] usb_pd_parser:430 - Camelot extracted 1 tables on page 641
2025-12-08 22:13:17,940 [INFO] usb_pd_parser:573 - Detected Table 8.93 on page 641 (rows:17)
2025-12-08 22:13:17,994 [INFO] usb_pd_parser:543 - Table detected Table 8.93 p642
2025-12-08 22:13:19,860 [INFO] usb_pd_parser:430 - Camelot extracted 1 tables on page 642
2025-12-08 22:13:19,860 [INFO] usb_pd_parser:573 - Detected Table 8.93 on page 642 (rows:4)
2025-12-08 22:13:20,010 [INFO] usb_pd_parser:654 - Section started 8.3.2.11.3.1.4 'Dual-Role Sink Get Sink Capabilities from a Dual-Role Source' p643
2025-12-08 22:13:20,010 [INFO] usb_pd_parser:590 - Figure detected Figure 8.67 p643
2025-12-08 22:13:20,061 [INFO] usb_pd_parser:397 - Smart text-aware crop saved for Figure 8.67 p643 -> output\figures\Figure_8.67_page_643_crop.png
2025-12-08 22:13:20,061 [INFO] usb_pd_parser:618 - Detected Figure 8.67 on page 643 (images:1)
2025-12-08 22:13:20,262 [INFO] usb_pd_parser:543 - Table detected Table 8.94 p644
2025-12-08 22:13:22,842 [INFO] usb_pd_parser:430 - Camelot extracted 1 tables on page 644
2025-12-08 22:13:22,842 [INFO] usb_pd_parser:573 - Detected Table 8.94 on page 644 (rows:16)
2025-12-08 22:13:22,842 [INFO] usb_pd_parser:654 - Section started 10 'Message' p644
2025-12-08 22:13:22,917 [INFO] usb_pd_parser:543 - Table detected Table 8.94 p645
2025-12-08 22:13:24,639 [INFO] usb_pd_parser:430 - Camelot extracted 1 tables on page 645
2025-12-08 22:13:24,649 [INFO] usb_pd_parser:573 - Detected Table 8.94 on page 645 (rows:4)
2025-12-08 22:13:24,774 [INFO] usb_pd_parser:654 - Section started 8.3.2.11.3.2.1 'Sink Gets EPR Source Capabilities' p646
2025-12-08 22:13:24,774 [INFO] usb_pd_parser:590 - Figure detected Figure 8.68 p646
2025-12-08 22:13:24,814 [INFO] usb_pd_parser:397 - Smart text-aware crop saved for Figure 8.68 p646 -> output\figures\Figure_8.68_page_646_crop.png
2025-12-08 22:13:24,826 [INFO] usb_pd_parser:618 - Detected Figure 8.68 on page 646 (images:1)
2025-12-08 22:13:25,028 [INFO] usb_pd_parser:543 - Table detected Table 8.95 p647
2025-12-08 22:13:27,799 [INFO] usb_pd_parser:430 - Camelot extracted 1 tables on page 647
2025-12-08 22:13:27,799 [INFO] usb_pd_parser:573 - Detected Table 8.95 on page 647 (rows:16)
2025-12-08 22:13:27,799 [INFO] usb_pd_parser:654 - Section started 10 'Message' p647
2025-12-08 22:13:27,876 [INFO] usb_pd_parser:543 - Table detected Table 8.95 p648
2025-12-08 22:13:29,906 [INFO] usb_pd_parser:430 - Camelot extracted 1 tables on page 648
2025-12-08 22:13:29,914 [INFO] usb_pd_parser:573 - Detected Table 8.95 on page 648 (rows:5)
2025-12-08 22:13:30,089 [INFO] usb_pd_parser:654 - Section started 8.3.2.11.3.2.2 'Dual-Role Source Gets Source Capabilities from a Dual-Role EPR' p649
2025-12-08 22:13:30,089 [INFO] usb_pd_parser:590 - Figure detected Figure 8.69 p649
2025-12-08 22:13:30,144 [INFO] usb_pd_parser:397 - Smart text-aware crop saved for Figure 8.69 p649 -> output\figures\Figure_8.69_page_649_crop.png
2025-12-08 22:13:30,144 [INFO] usb_pd_parser:618 - Detected Figure 8.69 on page 649 (images:1)
2025-12-08 22:13:30,360 [INFO] usb_pd_parser:543 - Table detected Table 8.96 p650
2025-12-08 22:13:34,358 [INFO] usb_pd_parser:430 - Camelot extracted 1 tables on page 650
2025-12-08 22:13:34,358 [INFO] usb_pd_parser:573 - Detected Table 8.96 on page 650 (rows:16)
2025-12-08 22:13:34,358 [INFO] usb_pd_parser:654 - Section started 10 'Message' p650
2025-12-08 22:13:34,438 [INFO] usb_pd_parser:543 - Table detected Table 8.96 p651
2025-12-08 22:13:36,283 [INFO] usb_pd_parser:430 - Camelot extracted 1 tables on page 651
2025-12-08 22:13:36,283 [INFO] usb_pd_parser:573 - Detected Table 8.96 on page 651 (rows:5)
2025-12-08 22:13:36,399 [INFO] usb_pd_parser:654 - Section started 8.3.2.11.3.2.3 'Source Gets Sink EPR Capabilities' p652
2025-12-08 22:13:36,415 [INFO] usb_pd_parser:590 - Figure detected Figure 8.70 p652
2025-12-08 22:13:36,464 [INFO] usb_pd_parser:397 - Smart text-aware crop saved for Figure 8.70 p652 -> output\figures\Figure_8.70_page_652_crop.png
2025-12-08 22:13:36,464 [INFO] usb_pd_parser:618 - Detected Figure 8.70 on page 652 (images:1)
2025-12-08 22:13:36,677 [INFO] usb_pd_parser:543 - Table detected Table 8.97 p653
2025-12-08 22:13:39,357 [INFO] usb_pd_parser:430 - Camelot extracted 1 tables on page 653
2025-12-08 22:13:39,372 [INFO] usb_pd_parser:573 - Detected Table 8.97 on page 653 (rows:16)
2025-12-08 22:13:39,427 [INFO] usb_pd_parser:543 - Table detected Table 8.97 p654
2025-12-08 22:13:41,190 [INFO] usb_pd_parser:430 - Camelot extracted 1 tables on page 654
2025-12-08 22:13:41,198 [INFO] usb_pd_parser:573 - Detected Table 8.97 on page 654 (rows:5)
2025-12-08 22:13:41,363 [INFO] usb_pd_parser:654 - Section started 8.3.2.11.3.2.4 'Dual-Role Sink Get Sink EPR Capabilities from a Dual-Role' p655
2025-12-08 22:13:41,363 [INFO] usb_pd_parser:590 - Figure detected Figure 8.71 p655
2025-12-08 22:13:41,419 [INFO] usb_pd_parser:397 - Smart text-aware crop saved for Figure 8.71 p655 -> output\figures\Figure_8.71_page_655_crop.png
2025-12-08 22:13:41,419 [INFO] usb_pd_parser:618 - Detected Figure 8.71 on page 655 (images:1)
2025-12-08 22:13:41,643 [INFO] usb_pd_parser:543 - Table detected Table 8.98 p656
2025-12-08 22:13:44,308 [INFO] usb_pd_parser:430 - Camelot extracted 1 tables on page 656
2025-12-08 22:13:44,312 [INFO] usb_pd_parser:573 - Detected Table 8.98 on page 656 (rows:16)
2025-12-08 22:13:44,312 [INFO] usb_pd_parser:654 - Section started 10 'Message' p656
2025-12-08 22:13:44,384 [INFO] usb_pd_parser:543 - Table detected Table 8.98 p657
2025-12-08 22:13:46,183 [INFO] usb_pd_parser:430 - Camelot extracted 1 tables on page 657
2025-12-08 22:13:46,186 [INFO] usb_pd_parser:573 - Detected Table 8.98 on page 657 (rows:5)
2025-12-08 22:13:46,345 [INFO] usb_pd_parser:654 - Section started 8.3.2.11.4 'Extended Capabilities' p658
2025-12-08 22:13:46,345 [INFO] usb_pd_parser:654 - Section started 8.3.2.11.4.1 'Sink Gets Source Extended Capabilities' p658
2025-12-08 22:13:46,345 [INFO] usb_pd_parser:590 - Figure detected Figure 8.72 p658
2025-12-08 22:13:46,397 [INFO] usb_pd_parser:397 - Smart text-aware crop saved for Figure 8.72 p658 -> output\figures\Figure_8.72_page_658_crop.png
2025-12-08 22:13:46,410 [INFO] usb_pd_parser:618 - Detected Figure 8.72 on page 658 (images:1)
2025-12-08 22:13:46,612 [INFO] usb_pd_parser:543 - Table detected Table 8.99 p659
2025-12-08 22:13:51,705 [INFO] usb_pd_parser:430 - Camelot extracted 1 tables on page 659
2025-12-08 22:13:51,705 [INFO] usb_pd_parser:573 - Detected Table 8.99 on page 659 (rows:16)
2025-12-08 22:13:51,777 [INFO] usb_pd_parser:543 - Table detected Table 8.99 p660
2025-12-08 22:13:53,566 [INFO] usb_pd_parser:430 - Camelot extracted 1 tables on page 660
2025-12-08 22:13:53,566 [INFO] usb_pd_parser:573 - Detected Table 8.99 on page 660 (rows:5)
2025-12-08 22:13:53,738 [INFO] usb_pd_parser:654 - Section started 8.3.2.11.4.2 'Dual-Role Source Gets Source Capabilities Extended from a Dual-' p661
2025-12-08 22:13:53,738 [INFO] usb_pd_parser:590 - Figure detected Figure 8.73 p661
2025-12-08 22:13:53,784 [INFO] usb_pd_parser:397 - Smart text-aware crop saved for Figure 8.73 p661 -> output\figures\Figure_8.73_page_661_crop.png
2025-12-08 22:13:53,784 [INFO] usb_pd_parser:618 - Detected Figure 8.73 on page 661 (images:1)
2025-12-08 22:13:53,995 [INFO] usb_pd_parser:543 - Table detected Table 8.100 p662
2025-12-08 22:13:56,608 [INFO] usb_pd_parser:430 - Camelot extracted 1 tables on page 662
2025-12-08 22:13:56,624 [INFO] usb_pd_parser:573 - Detected Table 8.100 on page 662 (rows:15)
2025-12-08 22:13:56,695 [INFO] usb_pd_parser:543 - Table detected Table 8.100 p663
2025-12-08 22:13:58,494 [INFO] usb_pd_parser:430 - Camelot extracted 1 tables on page 663
2025-12-08 22:13:58,494 [INFO] usb_pd_parser:573 - Detected Table 8.100 on page 663 (rows:6)
2025-12-08 22:13:58,631 [INFO] usb_pd_parser:654 - Section started 8.3.2.11.4.3 'Source Gets Sink Extended Capabilities' p664
2025-12-08 22:13:58,631 [INFO] usb_pd_parser:590 - Figure detected Figure 8.74 p664
2025-12-08 22:13:58,691 [INFO] usb_pd_parser:397 - Smart text-aware crop saved for Figure 8.74 p664 -> output\figures\Figure_8.74_page_664_crop.png
2025-12-08 22:13:58,692 [INFO] usb_pd_parser:618 - Detected Figure 8.74 on page 664 (images:1)
2025-12-08 22:13:58,881 [INFO] usb_pd_parser:543 - Table detected Table 8.101 p665
2025-12-08 22:14:01,724 [INFO] usb_pd_parser:430 - Camelot extracted 1 tables on page 665
2025-12-08 22:14:01,724 [INFO] usb_pd_parser:573 - Detected Table 8.101 on page 665 (rows:16)
2025-12-08 22:14:01,740 [INFO] usb_pd_parser:654 - Section started 10 'Message' p665
2025-12-08 22:14:01,793 [INFO] usb_pd_parser:543 - Table detected Table 8.101 p666
2025-12-08 22:14:03,553 [INFO] usb_pd_parser:430 - Camelot extracted 1 tables on page 666
2025-12-08 22:14:03,560 [INFO] usb_pd_parser:573 - Detected Table 8.101 on page 666 (rows:5)
2025-12-08 22:14:03,714 [INFO] usb_pd_parser:654 - Section started 8.3.2.11.4.4 'Dual-Role Sink Gets Sink Capabilities Extended from a Dual-Role' p667
2025-12-08 22:14:03,714 [INFO] usb_pd_parser:590 - Figure detected Figure 8.75 p667
2025-12-08 22:14:03,772 [INFO] usb_pd_parser:397 - Smart text-aware crop saved for Figure 8.75 p667 -> output\figures\Figure_8.75_page_667_crop.png
2025-12-08 22:14:03,776 [INFO] usb_pd_parser:618 - Detected Figure 8.75 on page 667 (images:1)
2025-12-08 22:14:03,995 [INFO] usb_pd_parser:543 - Table detected Table 8.102 p668
2025-12-08 22:14:08,382 [INFO] usb_pd_parser:430 - Camelot extracted 1 tables on page 668
2025-12-08 22:14:08,382 [INFO] usb_pd_parser:573 - Detected Table 8.102 on page 668 (rows:16)
2025-12-08 22:14:08,382 [INFO] usb_pd_parser:654 - Section started 10 'Message' p668
2025-12-08 22:14:08,460 [INFO] usb_pd_parser:543 - Table detected Table 8.102 p669
2025-12-08 22:14:10,231 [INFO] usb_pd_parser:430 - Camelot extracted 1 tables on page 669
2025-12-08 22:14:10,233 [INFO] usb_pd_parser:573 - Detected Table 8.102 on page 669 (rows:4)
2025-12-08 22:14:10,381 [INFO] usb_pd_parser:654 - Section started 8.3.2.11.5 'Battery Capabilities and Status' p670
2025-12-08 22:14:10,381 [INFO] usb_pd_parser:654 - Section started 8.3.2.11.5.1 'Sink Gets Battery Capabilities' p670
2025-12-08 22:14:10,381 [INFO] usb_pd_parser:590 - Figure detected Figure 8.76 p670
2025-12-08 22:14:10,427 [INFO] usb_pd_parser:397 - Smart text-aware crop saved for Figure 8.76 p670 -> output\figures\Figure_8.76_page_670_crop.png
2025-12-08 22:14:10,427 [INFO] usb_pd_parser:618 - Detected Figure 8.76 on page 670 (images:1)
2025-12-08 22:14:10,646 [INFO] usb_pd_parser:543 - Table detected Table 8.103 p671
2025-12-08 22:14:13,332 [INFO] usb_pd_parser:430 - Camelot extracted 1 tables on page 671
2025-12-08 22:14:13,332 [INFO] usb_pd_parser:573 - Detected Table 8.103 on page 671 (rows:16)
2025-12-08 22:14:13,410 [INFO] usb_pd_parser:543 - Table detected Table 8.103 p672
2025-12-08 22:14:15,139 [INFO] usb_pd_parser:430 - Camelot extracted 1 tables on page 672
2025-12-08 22:14:15,148 [INFO] usb_pd_parser:573 - Detected Table 8.103 on page 672 (rows:5)
2025-12-08 22:14:15,293 [INFO] usb_pd_parser:654 - Section started 8.3.2.11.5.2 'Source Gets Battery Capabilities' p673
2025-12-08 22:14:15,293 [INFO] usb_pd_parser:590 - Figure detected Figure 8.77 p673
2025-12-08 22:14:15,344 [INFO] usb_pd_parser:397 - Smart text-aware crop saved for Figure 8.77 p673 -> output\figures\Figure_8.77_page_673_crop.png
2025-12-08 22:14:15,344 [INFO] usb_pd_parser:618 - Detected Figure 8.77 on page 673 (images:1)
2025-12-08 22:14:15,544 [INFO] usb_pd_parser:543 - Table detected Table 8.104 p674
2025-12-08 22:14:18,119 [INFO] usb_pd_parser:430 - Camelot extracted 1 tables on page 674
2025-12-08 22:14:18,119 [INFO] usb_pd_parser:573 - Detected Table 8.104 on page 674 (rows:16)
2025-12-08 22:14:18,194 [INFO] usb_pd_parser:543 - Table detected Table 8.104 p675
2025-12-08 22:14:19,919 [INFO] usb_pd_parser:430 - Camelot extracted 1 tables on page 675
2025-12-08 22:14:19,922 [INFO] usb_pd_parser:573 - Detected Table 8.104 on page 675 (rows:5)
2025-12-08 22:14:20,065 [INFO] usb_pd_parser:654 - Section started 8.3.2.11.5.3 'Sink Gets Battery Status' p676
2025-12-08 22:14:20,065 [INFO] usb_pd_parser:590 - Figure detected Figure 8.78 p676
2025-12-08 22:14:20,111 [INFO] usb_pd_parser:397 - Smart text-aware crop saved for Figure 8.78 p676 -> output\figures\Figure_8.78_page_676_crop.png
2025-12-08 22:14:20,111 [INFO] usb_pd_parser:618 - Detected Figure 8.78 on page 676 (images:1)
2025-12-08 22:14:20,306 [INFO] usb_pd_parser:543 - Table detected Table 8.105 p677
2025-12-08 22:14:24,287 [INFO] usb_pd_parser:430 - Camelot extracted 1 tables on page 677
2025-12-08 22:14:24,293 [INFO] usb_pd_parser:573 - Detected Table 8.105 on page 677 (rows:16)
2025-12-08 22:14:24,360 [INFO] usb_pd_parser:543 - Table detected Table 8.105 p678
2025-12-08 22:14:26,084 [INFO] usb_pd_parser:430 - Camelot extracted 1 tables on page 678
2025-12-08 22:14:26,084 [INFO] usb_pd_parser:573 - Detected Table 8.105 on page 678 (rows:5)
2025-12-08 22:14:26,233 [INFO] usb_pd_parser:654 - Section started 8.3.2.11.5.4 'Source Gets Battery Status' p679
2025-12-08 22:14:26,233 [INFO] usb_pd_parser:590 - Figure detected Figure 8.79 p679
2025-12-08 22:14:26,294 [INFO] usb_pd_parser:397 - Smart text-aware crop saved for Figure 8.79 p679 -> output\figures\Figure_8.79_page_679_crop.png
2025-12-08 22:14:26,294 [INFO] usb_pd_parser:618 - Detected Figure 8.79 on page 679 (images:1)
2025-12-08 22:14:26,495 [INFO] usb_pd_parser:543 - Table detected Table 8.106 p680
2025-12-08 22:14:29,116 [INFO] usb_pd_parser:430 - Camelot extracted 1 tables on page 680
2025-12-08 22:14:29,116 [INFO] usb_pd_parser:573 - Detected Table 8.106 on page 680 (rows:16)
2025-12-08 22:14:29,187 [INFO] usb_pd_parser:543 - Table detected Table 8.106 p681
2025-12-08 22:14:30,922 [INFO] usb_pd_parser:430 - Camelot extracted 1 tables on page 681
2025-12-08 22:14:30,922 [INFO] usb_pd_parser:573 - Detected Table 8.106 on page 681 (rows:5)
2025-12-08 22:14:31,065 [INFO] usb_pd_parser:654 - Section started 8.3.2.11.6 'Manufacturer Information' p682
2025-12-08 22:14:31,065 [INFO] usb_pd_parser:654 - Section started 8.3.2.11.6.1 'Source Gets Port Manufacturer Information from a Sink' p682
2025-12-08 22:14:31,065 [INFO] usb_pd_parser:590 - Figure detected Figure 8.80 p682
2025-12-08 22:14:31,127 [INFO] usb_pd_parser:397 - Smart text-aware crop saved for Figure 8.80 p682 -> output\figures\Figure_8.80_page_682_crop.png
2025-12-08 22:14:31,127 [INFO] usb_pd_parser:618 - Detected Figure 8.80 on page 682 (images:1)
2025-12-08 22:14:31,328 [INFO] usb_pd_parser:543 - Table detected Table 8.107 p683
2025-12-08 22:14:33,968 [INFO] usb_pd_parser:430 - Camelot extracted 1 tables on page 683
2025-12-08 22:14:33,968 [INFO] usb_pd_parser:573 - Detected Table 8.107 on page 683 (rows:15)
2025-12-08 22:14:34,027 [INFO] usb_pd_parser:543 - Table detected Table 8.107 p684
2025-12-08 22:14:35,799 [INFO] usb_pd_parser:430 - Camelot extracted 1 tables on page 684
2025-12-08 22:14:35,799 [INFO] usb_pd_parser:573 - Detected Table 8.107 on page 684 (rows:6)
2025-12-08 22:14:35,972 [INFO] usb_pd_parser:654 - Section started 8.3.2.11.6.2 'Sink Gets Port Manufacturer Information from a Source' p685
2025-12-08 22:14:35,972 [INFO] usb_pd_parser:590 - Figure detected Figure 8.81 p685
2025-12-08 22:14:36,028 [INFO] usb_pd_parser:397 - Smart text-aware crop saved for Figure 8.81 p685 -> output\figures\Figure_8.81_page_685_crop.png
2025-12-08 22:14:36,028 [INFO] usb_pd_parser:618 - Detected Figure 8.81 on page 685 (images:1)
2025-12-08 22:14:36,238 [INFO] usb_pd_parser:543 - Table detected Table 8.108 p686
2025-12-08 22:14:38,935 [INFO] usb_pd_parser:430 - Camelot extracted 1 tables on page 686
2025-12-08 22:14:38,935 [INFO] usb_pd_parser:573 - Detected Table 8.108 on page 686 (rows:15)
2025-12-08 22:14:39,016 [INFO] usb_pd_parser:543 - Table detected Table 8.108 p687
2025-12-08 22:14:42,076 [INFO] usb_pd_parser:430 - Camelot extracted 1 tables on page 687
2025-12-08 22:14:42,084 [INFO] usb_pd_parser:573 - Detected Table 8.108 on page 687 (rows:6)
2025-12-08 22:14:42,215 [INFO] usb_pd_parser:654 - Section started 8.3.2.11.6.3 'Source Gets Battery Manufacturer Information from a Sink' p688
2025-12-08 22:14:42,215 [INFO] usb_pd_parser:590 - Figure detected Figure 8.82 p688
2025-12-08 22:14:42,276 [INFO] usb_pd_parser:397 - Smart text-aware crop saved for Figure 8.82 p688 -> output\figures\Figure_8.82_page_688_crop.png
2025-12-08 22:14:42,279 [INFO] usb_pd_parser:618 - Detected Figure 8.82 on page 688 (images:1)
2025-12-08 22:14:42,447 [INFO] usb_pd_parser:543 - Table detected Table 8.109 p689
2025-12-08 22:14:45,085 [INFO] usb_pd_parser:430 - Camelot extracted 1 tables on page 689
2025-12-08 22:14:45,096 [INFO] usb_pd_parser:573 - Detected Table 8.109 on page 689 (rows:15)
2025-12-08 22:14:45,166 [INFO] usb_pd_parser:543 - Table detected Table 8.109 p690
2025-12-08 22:14:46,927 [INFO] usb_pd_parser:430 - Camelot extracted 1 tables on page 690
2025-12-08 22:14:46,932 [INFO] usb_pd_parser:573 - Detected Table 8.109 on page 690 (rows:6)
2025-12-08 22:14:47,080 [INFO] usb_pd_parser:654 - Section started 8.3.2.11.6.4 'Sink Gets Battery Manufacturer Information from a Source' p691
2025-12-08 22:14:47,080 [INFO] usb_pd_parser:590 - Figure detected Figure 8.83 p691
2025-12-08 22:14:47,138 [INFO] usb_pd_parser:397 - Smart text-aware crop saved for Figure 8.83 p691 -> output\figures\Figure_8.83_page_691_crop.png
2025-12-08 22:14:47,141 [INFO] usb_pd_parser:618 - Detected Figure 8.83 on page 691 (images:1)
2025-12-08 22:14:47,382 [INFO] usb_pd_parser:543 - Table detected Table 8.110 p692
2025-12-08 22:14:49,905 [INFO] usb_pd_parser:430 - Camelot extracted 1 tables on page 692
2025-12-08 22:14:49,915 [INFO] usb_pd_parser:573 - Detected Table 8.110 on page 692 (rows:15)
2025-12-08 22:14:49,978 [INFO] usb_pd_parser:543 - Table detected Table 8.110 p693
2025-12-08 22:14:51,749 [INFO] usb_pd_parser:430 - Camelot extracted 1 tables on page 693
2025-12-08 22:14:51,749 [INFO] usb_pd_parser:573 - Detected Table 8.110 on page 693 (rows:6)
2025-12-08 22:14:51,898 [INFO] usb_pd_parser:654 - Section started 8.3.2.11.6.5 'V Source Gets Manufacturer Information from a Cable Plug' p694
2025-12-08 22:14:51,898 [INFO] usb_pd_parser:590 - Figure detected Figure 8.84 p694
2025-12-08 22:14:51,959 [INFO] usb_pd_parser:397 - Smart text-aware crop saved for Figure 8.84 p694 -> output\figures\Figure_8.84_page_694_crop.png
2025-12-08 22:14:51,961 [INFO] usb_pd_parser:618 - Detected Figure 8.84 on page 694 (images:1)
2025-12-08 22:14:52,157 [INFO] usb_pd_parser:543 - Table detected Table 8.111 p695
2025-12-08 22:14:54,885 [INFO] usb_pd_parser:430 - Camelot extracted 1 tables on page 695
2025-12-08 22:14:54,887 [INFO] usb_pd_parser:573 - Detected Table 8.111 on page 695 (rows:16)
2025-12-08 22:14:54,954 [INFO] usb_pd_parser:543 - Table detected Table 8.111 p696
2025-12-08 22:14:57,993 [INFO] usb_pd_parser:430 - Camelot extracted 1 tables on page 696
2025-12-08 22:14:58,011 [INFO] usb_pd_parser:573 - Detected Table 8.111 on page 696 (rows:5)
2025-12-08 22:14:58,148 [INFO] usb_pd_parser:654 - Section started 8.3.2.11.7 'Country Codes' p697
2025-12-08 22:14:58,148 [INFO] usb_pd_parser:590 - Figure detected Figure 8.85 p697
2025-12-08 22:14:58,195 [INFO] usb_pd_parser:397 - Smart text-aware crop saved for Figure 8.85 p697 -> output\figures\Figure_8.85_page_697_crop.png
2025-12-08 22:14:58,195 [INFO] usb_pd_parser:618 - Detected Figure 8.85 on page 697 (images:1)
2025-12-08 22:14:58,396 [INFO] usb_pd_parser:543 - Table detected Table 8.112 p698
2025-12-08 22:15:01,081 [INFO] usb_pd_parser:430 - Camelot extracted 1 tables on page 698
2025-12-08 22:15:01,081 [INFO] usb_pd_parser:573 - Detected Table 8.112 on page 698 (rows:16)
2025-12-08 22:15:01,162 [INFO] usb_pd_parser:543 - Table detected Table 8.112 p699
2025-12-08 22:15:03,821 [INFO] usb_pd_parser:430 - Camelot extracted 1 tables on page 699
2025-12-08 22:15:03,828 [INFO] usb_pd_parser:573 - Detected Table 8.112 on page 699 (rows:5)
2025-12-08 22:15:04,060 [INFO] usb_pd_parser:654 - Section started 8.3.2.11.7.2 'Sink Gets Country Codes from a Source' p700
2025-12-08 22:15:04,060 [INFO] usb_pd_parser:590 - Figure detected Figure 8.86 p700
2025-12-08 22:15:04,142 [INFO] usb_pd_parser:397 - Smart text-aware crop saved for Figure 8.86 p700 -> output\figures\Figure_8.86_page_700_crop.png
2025-12-08 22:15:04,142 [INFO] usb_pd_parser:618 - Detected Figure 8.86 on page 700 (images:1)
2025-12-08 22:15:04,407 [INFO] usb_pd_parser:543 - Table detected Table 8.113 p701
2025-12-08 22:15:07,537 [INFO] usb_pd_parser:430 - Camelot extracted 1 tables on page 701
2025-12-08 22:15:07,542 [INFO] usb_pd_parser:573 - Detected Table 8.113 on page 701 (rows:16)
2025-12-08 22:15:07,602 [INFO] usb_pd_parser:543 - Table detected Table 8.113 p702
2025-12-08 22:15:09,660 [INFO] usb_pd_parser:430 - Camelot extracted 1 tables on page 702
2025-12-08 22:15:09,676 [INFO] usb_pd_parser:573 - Detected Table 8.113 on page 702 (rows:5)
2025-12-08 22:15:09,852 [INFO] usb_pd_parser:654 - Section started 8.3.2.11.7.3 'V Source Gets Country Codes from a Cable Plug' p703
2025-12-08 22:15:09,852 [INFO] usb_pd_parser:590 - Figure detected Figure 8.87 p703
2025-12-08 22:15:09,907 [INFO] usb_pd_parser:397 - Smart text-aware crop saved for Figure 8.87 p703 -> output\figures\Figure_8.87_page_703_crop.png
2025-12-08 22:15:09,907 [INFO] usb_pd_parser:618 - Detected Figure 8.87 on page 703 (images:1)
2025-12-08 22:15:10,106 [INFO] usb_pd_parser:543 - Table detected Table 8.114 p704
2025-12-08 22:15:14,237 [INFO] usb_pd_parser:430 - Camelot extracted 1 tables on page 704
2025-12-08 22:15:14,240 [INFO] usb_pd_parser:573 - Detected Table 8.114 on page 704 (rows:16)
2025-12-08 22:15:14,334 [INFO] usb_pd_parser:543 - Table detected Table 8.114 p705
2025-12-08 22:15:16,298 [INFO] usb_pd_parser:430 - Camelot extracted 1 tables on page 705
2025-12-08 22:15:16,298 [INFO] usb_pd_parser:573 - Detected Table 8.114 on page 705 (rows:5)
2025-12-08 22:15:16,428 [INFO] usb_pd_parser:654 - Section started 8.3.2.11.8 'Country Information' p706
2025-12-08 22:15:16,428 [INFO] usb_pd_parser:654 - Section started 8.3.2.11.8.1 'Source Gets Country Information from a Sink' p706
2025-12-08 22:15:16,428 [INFO] usb_pd_parser:590 - Figure detected Figure 8.88 p706
2025-12-08 22:15:16,490 [INFO] usb_pd_parser:397 - Smart text-aware crop saved for Figure 8.88 p706 -> output\figures\Figure_8.88_page_706_crop.png
2025-12-08 22:15:16,490 [INFO] usb_pd_parser:618 - Detected Figure 8.88 on page 706 (images:1)
2025-12-08 22:15:16,673 [INFO] usb_pd_parser:543 - Table detected Table 8.115 p707
2025-12-08 22:15:20,609 [INFO] usb_pd_parser:430 - Camelot extracted 1 tables on page 707
2025-12-08 22:15:20,609 [INFO] usb_pd_parser:573 - Detected Table 8.115 on page 707 (rows:16)
2025-12-08 22:15:20,674 [INFO] usb_pd_parser:543 - Table detected Table 8.115 p708
2025-12-08 22:15:22,447 [INFO] usb_pd_parser:430 - Camelot extracted 1 tables on page 708
2025-12-08 22:15:22,447 [INFO] usb_pd_parser:573 - Detected Table 8.115 on page 708 (rows:5)
2025-12-08 22:15:22,594 [INFO] usb_pd_parser:654 - Section started 8.3.2.11.8.2 'Sink Gets Country Information from a Source' p709
2025-12-08 22:15:22,594 [INFO] usb_pd_parser:590 - Figure detected Figure 8.89 p709
2025-12-08 22:15:22,643 [INFO] usb_pd_parser:397 - Smart text-aware crop saved for Figure 8.89 p709 -> output\figures\Figure_8.89_page_709_crop.png
2025-12-08 22:15:22,643 [INFO] usb_pd_parser:618 - Detected Figure 8.89 on page 709 (images:1)
2025-12-08 22:15:22,849 [INFO] usb_pd_parser:543 - Table detected Table 8.116 p710
2025-12-08 22:15:25,507 [INFO] usb_pd_parser:430 - Camelot extracted 1 tables on page 710
2025-12-08 22:15:25,512 [INFO] usb_pd_parser:573 - Detected Table 8.116 on page 710 (rows:16)
2025-12-08 22:15:25,574 [INFO] usb_pd_parser:543 - Table detected Table 8.116 p711
2025-12-08 22:15:27,288 [INFO] usb_pd_parser:430 - Camelot extracted 1 tables on page 711
2025-12-08 22:15:27,288 [INFO] usb_pd_parser:573 - Detected Table 8.116 on page 711 (rows:5)
2025-12-08 22:15:27,441 [INFO] usb_pd_parser:654 - Section started 8.3.2.11.8.3 'V Source Gets Country Information from a Cable Plug' p712
2025-12-08 22:15:27,441 [INFO] usb_pd_parser:590 - Figure detected Figure 8.90 p712
2025-12-08 22:15:27,491 [INFO] usb_pd_parser:397 - Smart text-aware crop saved for Figure 8.90 p712 -> output\figures\Figure_8.90_page_712_crop.png
2025-12-08 22:15:27,491 [INFO] usb_pd_parser:618 - Detected Figure 8.90 on page 712 (images:1)
2025-12-08 22:15:27,678 [INFO] usb_pd_parser:543 - Table detected Table 8.117 p713
2025-12-08 22:15:30,222 [INFO] usb_pd_parser:430 - Camelot extracted 1 tables on page 713
2025-12-08 22:15:30,222 [INFO] usb_pd_parser:573 - Detected Table 8.117 on page 713 (rows:16)
2025-12-08 22:15:30,276 [INFO] usb_pd_parser:543 - Table detected Table 8.117 p714
2025-12-08 22:15:31,927 [INFO] usb_pd_parser:430 - Camelot extracted 1 tables on page 714
2025-12-08 22:15:31,929 [INFO] usb_pd_parser:573 - Detected Table 8.117 on page 714 (rows:5)
2025-12-08 22:15:32,073 [INFO] usb_pd_parser:654 - Section started 8.3.2.11.9 'Revision Information' p715
2025-12-08 22:15:32,073 [INFO] usb_pd_parser:654 - Section started 8.3.2.11.9.1 'Source Gets Revision Information from a Sink' p715
2025-12-08 22:15:32,073 [INFO] usb_pd_parser:590 - Figure detected Figure 8.91 p715
2025-12-08 22:15:32,124 [INFO] usb_pd_parser:397 - Smart text-aware crop saved for Figure 8.91 p715 -> output\figures\Figure_8.91_page_715_crop.png
2025-12-08 22:15:32,124 [INFO] usb_pd_parser:618 - Detected Figure 8.91 on page 715 (images:1)
2025-12-08 22:15:32,325 [INFO] usb_pd_parser:543 - Table detected Table 8.118 p716
2025-12-08 22:15:36,364 [INFO] usb_pd_parser:430 - Camelot extracted 1 tables on page 716
2025-12-08 22:15:36,368 [INFO] usb_pd_parser:573 - Detected Table 8.118 on page 716 (rows:16)
2025-12-08 22:15:36,425 [INFO] usb_pd_parser:543 - Table detected Table 8.118 p717
2025-12-08 22:15:38,268 [INFO] usb_pd_parser:430 - Camelot extracted 1 tables on page 717
2025-12-08 22:15:38,284 [INFO] usb_pd_parser:573 - Detected Table 8.118 on page 717 (rows:5)
2025-12-08 22:15:38,430 [INFO] usb_pd_parser:654 - Section started 8.3.2.11.9.2 'Sink Gets Revision Information from a Source' p718
2025-12-08 22:15:38,430 [INFO] usb_pd_parser:590 - Figure detected Figure 8.92 p718
2025-12-08 22:15:38,475 [INFO] usb_pd_parser:397 - Smart text-aware crop saved for Figure 8.92 p718 -> output\figures\Figure_8.92_page_718_crop.png
2025-12-08 22:15:38,483 [INFO] usb_pd_parser:618 - Detected Figure 8.92 on page 718 (images:1)
2025-12-08 22:15:38,677 [INFO] usb_pd_parser:543 - Table detected Table 8.119 p719
2025-12-08 22:15:41,263 [INFO] usb_pd_parser:430 - Camelot extracted 1 tables on page 719
2025-12-08 22:15:41,263 [INFO] usb_pd_parser:573 - Detected Table 8.119 on page 719 (rows:16)
2025-12-08 22:15:41,343 [INFO] usb_pd_parser:543 - Table detected Table 8.119 p720
2025-12-08 22:15:43,130 [INFO] usb_pd_parser:430 - Camelot extracted 1 tables on page 720
2025-12-08 22:15:43,130 [INFO] usb_pd_parser:573 - Detected Table 8.119 on page 720 (rows:5)
2025-12-08 22:15:43,281 [INFO] usb_pd_parser:654 - Section started 8.3.2.11.9.3 'V Source Gets Revision Information from a Cable Plug' p721
2025-12-08 22:15:43,281 [INFO] usb_pd_parser:590 - Figure detected Figure 8.93 p721
2025-12-08 22:15:43,324 [INFO] usb_pd_parser:397 - Smart text-aware crop saved for Figure 8.93 p721 -> output\figures\Figure_8.93_page_721_crop.png
2025-12-08 22:15:43,324 [INFO] usb_pd_parser:618 - Detected Figure 8.93 on page 721 (images:1)
2025-12-08 22:15:43,507 [INFO] usb_pd_parser:543 - Table detected Table 8.120 p722
2025-12-08 22:15:46,110 [INFO] usb_pd_parser:430 - Camelot extracted 1 tables on page 722
2025-12-08 22:15:46,110 [INFO] usb_pd_parser:573 - Detected Table 8.120 on page 722 (rows:16)
2025-12-08 22:15:46,181 [INFO] usb_pd_parser:543 - Table detected Table 8.120 p723
2025-12-08 22:15:48,092 [INFO] usb_pd_parser:430 - Camelot extracted 1 tables on page 723
2025-12-08 22:15:48,108 [INFO] usb_pd_parser:573 - Detected Table 8.120 on page 723 (rows:5)
2025-12-08 22:15:48,262 [INFO] usb_pd_parser:654 - Section started 8.3.2.11.10 'Source Information' p724
2025-12-08 22:15:48,262 [INFO] usb_pd_parser:654 - Section started 8.3.2.11.10.1 'Sink Gets Source Information' p724
2025-12-08 22:15:48,262 [INFO] usb_pd_parser:590 - Figure detected Figure 8.94 p724
2025-12-08 22:15:48,318 [INFO] usb_pd_parser:397 - Smart text-aware crop saved for Figure 8.94 p724 -> output\figures\Figure_8.94_page_724_crop.png
2025-12-08 22:15:48,323 [INFO] usb_pd_parser:618 - Detected Figure 8.94 on page 724 (images:1)
2025-12-08 22:15:48,527 [INFO] usb_pd_parser:543 - Table detected Table 8.121 p725
2025-12-08 22:15:51,288 [INFO] usb_pd_parser:430 - Camelot extracted 1 tables on page 725
2025-12-08 22:15:51,288 [INFO] usb_pd_parser:573 - Detected Table 8.121 on page 725 (rows:16)
2025-12-08 22:15:51,340 [INFO] usb_pd_parser:543 - Table detected Table 8.121 p726
2025-12-08 22:15:54,495 [INFO] usb_pd_parser:430 - Camelot extracted 1 tables on page 726
2025-12-08 22:15:54,497 [INFO] usb_pd_parser:573 - Detected Table 8.121 on page 726 (rows:5)
2025-12-08 22:15:54,636 [INFO] usb_pd_parser:654 - Section started 8.3.2.11.10.2 'Dual-Role Source Gets Source Information from a Dual-Role Sink' p727
2025-12-08 22:15:54,636 [INFO] usb_pd_parser:590 - Figure detected Figure 8.95 p727
2025-12-08 22:15:54,691 [INFO] usb_pd_parser:397 - Smart text-aware crop saved for Figure 8.95 p727 -> output\figures\Figure_8.95_page_727_crop.png
2025-12-08 22:15:54,691 [INFO] usb_pd_parser:618 - Detected Figure 8.95 on page 727 (images:1)
2025-12-08 22:15:54,900 [INFO] usb_pd_parser:543 - Table detected Table 8.122 p728
2025-12-08 22:15:57,460 [INFO] usb_pd_parser:430 - Camelot extracted 1 tables on page 728
2025-12-08 22:15:57,460 [INFO] usb_pd_parser:573 - Detected Table 8.122 on page 728 (rows:16)
2025-12-08 22:15:57,524 [INFO] usb_pd_parser:543 - Table detected Table 8.122 p729
2025-12-08 22:15:59,237 [INFO] usb_pd_parser:430 - Camelot extracted 1 tables on page 729
2025-12-08 22:15:59,239 [INFO] usb_pd_parser:573 - Detected Table 8.122 on page 729 (rows:5)
2025-12-08 22:15:59,365 [INFO] usb_pd_parser:654 - Section started 8.3.2.12 'Security' p730
2025-12-08 22:15:59,365 [INFO] usb_pd_parser:654 - Section started 8.3.2.12.1 'Source requests security exchange with Sink' p730
2025-12-08 22:15:59,375 [INFO] usb_pd_parser:590 - Figure detected Figure 8.96 p730
2025-12-08 22:15:59,425 [INFO] usb_pd_parser:397 - Smart text-aware crop saved for Figure 8.96 p730 -> output\figures\Figure_8.96_page_730_crop.png
2025-12-08 22:15:59,425 [INFO] usb_pd_parser:618 - Detected Figure 8.96 on page 730 (images:1)
2025-12-08 22:15:59,627 [INFO] usb_pd_parser:543 - Table detected Table 8.123 p731
2025-12-08 22:16:02,323 [INFO] usb_pd_parser:430 - Camelot extracted 1 tables on page 731
2025-12-08 22:16:02,326 [INFO] usb_pd_parser:573 - Detected Table 8.123 on page 731 (rows:16)
2025-12-08 22:16:02,364 [INFO] usb_pd_parser:543 - Table detected Table 8.123 p732
2025-12-08 22:16:04,015 [INFO] usb_pd_parser:430 - Camelot extracted 1 tables on page 732
2025-12-08 22:16:04,015 [INFO] usb_pd_parser:573 - Detected Table 8.123 on page 732 (rows:4)
2025-12-08 22:16:04,162 [INFO] usb_pd_parser:654 - Section started 8.3.2.12.2 'Sink requests security exchange with Source' p733
2025-12-08 22:16:04,162 [INFO] usb_pd_parser:590 - Figure detected Figure 8.97 p733
2025-12-08 22:16:04,219 [INFO] usb_pd_parser:397 - Smart text-aware crop saved for Figure 8.97 p733 -> output\figures\Figure_8.97_page_733_crop.png
2025-12-08 22:16:04,219 [INFO] usb_pd_parser:618 - Detected Figure 8.97 on page 733 (images:1)
2025-12-08 22:16:04,426 [INFO] usb_pd_parser:543 - Table detected Table 8.124 p734
2025-12-08 22:16:07,242 [INFO] usb_pd_parser:430 - Camelot extracted 1 tables on page 734
2025-12-08 22:16:07,242 [INFO] usb_pd_parser:573 - Detected Table 8.124 on page 734 (rows:15)
2025-12-08 22:16:07,310 [INFO] usb_pd_parser:543 - Table detected Table 8.124 p735
2025-12-08 22:16:09,183 [INFO] usb_pd_parser:430 - Camelot extracted 1 tables on page 735
2025-12-08 22:16:09,189 [INFO] usb_pd_parser:573 - Detected Table 8.124 on page 735 (rows:5)
2025-12-08 22:16:09,330 [INFO] usb_pd_parser:654 - Section started 8.3.2.12.3 'V Source requests security exchange with Cable Plug' p736
2025-12-08 22:16:09,330 [INFO] usb_pd_parser:590 - Figure detected Figure 8.98 p736
2025-12-08 22:16:09,391 [INFO] usb_pd_parser:397 - Smart text-aware crop saved for Figure 8.98 p736 -> output\figures\Figure_8.98_page_736_crop.png
2025-12-08 22:16:09,394 [INFO] usb_pd_parser:618 - Detected Figure 8.98 on page 736 (images:1)
2025-12-08 22:16:09,605 [INFO] usb_pd_parser:543 - Table detected Table 8.125 p737
2025-12-08 22:16:13,695 [INFO] usb_pd_parser:430 - Camelot extracted 1 tables on page 737
2025-12-08 22:16:13,695 [INFO] usb_pd_parser:573 - Detected Table 8.125 on page 737 (rows:16)
2025-12-08 22:16:13,739 [INFO] usb_pd_parser:543 - Table detected Table 8.125 p738
2025-12-08 22:16:15,339 [INFO] usb_pd_parser:430 - Camelot extracted 1 tables on page 738
2025-12-08 22:16:15,339 [INFO] usb_pd_parser:573 - Detected Table 8.125 on page 738 (rows:4)
2025-12-08 22:16:15,479 [INFO] usb_pd_parser:654 - Section started 8.3.2.13 'Firmware Update' p739
2025-12-08 22:16:15,479 [INFO] usb_pd_parser:654 - Section started 8.3.2.13.1 'Source requests firmware update exchange with Sink' p739
2025-12-08 22:16:15,479 [INFO] usb_pd_parser:590 - Figure detected Figure 8.99 p739
2025-12-08 22:16:15,540 [INFO] usb_pd_parser:397 - Smart text-aware crop saved for Figure 8.99 p739 -> output\figures\Figure_8.99_page_739_crop.png
2025-12-08 22:16:15,540 [INFO] usb_pd_parser:618 - Detected Figure 8.99 on page 739 (images:1)
2025-12-08 22:16:15,742 [INFO] usb_pd_parser:543 - Table detected Table 8.126 p740
2025-12-08 22:16:18,324 [INFO] usb_pd_parser:430 - Camelot extracted 1 tables on page 740
2025-12-08 22:16:18,324 [INFO] usb_pd_parser:573 - Detected Table 8.126 on page 740 (rows:14)
2025-12-08 22:16:18,391 [INFO] usb_pd_parser:543 - Table detected Table 8.126 p741
2025-12-08 22:16:20,146 [INFO] usb_pd_parser:430 - Camelot extracted 1 tables on page 741
2025-12-08 22:16:20,146 [INFO] usb_pd_parser:573 - Detected Table 8.126 on page 741 (rows:6)
2025-12-08 22:16:20,290 [INFO] usb_pd_parser:654 - Section started 8.3.2.13.2 'Sink requests firmware update exchange with Source' p742
2025-12-08 22:16:20,305 [INFO] usb_pd_parser:590 - Figure detected Figure 8.100 p742
2025-12-08 22:16:20,351 [INFO] usb_pd_parser:397 - Smart text-aware crop saved for Figure 8.100 p742 -> output\figures\Figure_8.100_page_742_crop.png
2025-12-08 22:16:20,351 [INFO] usb_pd_parser:618 - Detected Figure 8.100 on page 742 (images:1)
2025-12-08 22:16:20,543 [INFO] usb_pd_parser:543 - Table detected Table 8.127 p743
2025-12-08 22:16:23,213 [INFO] usb_pd_parser:430 - Camelot extracted 1 tables on page 743
2025-12-08 22:16:23,213 [INFO] usb_pd_parser:573 - Detected Table 8.127 on page 743 (rows:14)
2025-12-08 22:16:23,289 [INFO] usb_pd_parser:543 - Table detected Table 8.127 p744
2025-12-08 22:16:25,070 [INFO] usb_pd_parser:430 - Camelot extracted 1 tables on page 744
2025-12-08 22:16:25,070 [INFO] usb_pd_parser:573 - Detected Table 8.127 on page 744 (rows:6)
2025-12-08 22:16:25,212 [INFO] usb_pd_parser:654 - Section started 8.3.2.13.3 'V Source requests firmware update exchange with Cable' p745
2025-12-08 22:16:25,212 [INFO] usb_pd_parser:590 - Figure detected Figure 8.101 p745
2025-12-08 22:16:25,258 [INFO] usb_pd_parser:397 - Smart text-aware crop saved for Figure 8.101 p745 -> output\figures\Figure_8.101_page_745_crop.png
2025-12-08 22:16:25,272 [INFO] usb_pd_parser:618 - Detected Figure 8.101 on page 745 (images:1)
2025-12-08 22:16:25,475 [INFO] usb_pd_parser:543 - Table detected Table 8.128 p746
2025-12-08 22:16:29,610 [INFO] usb_pd_parser:430 - Camelot extracted 1 tables on page 746
2025-12-08 22:16:29,610 [INFO] usb_pd_parser:573 - Detected Table 8.128 on page 746 (rows:15)
2025-12-08 22:16:29,675 [INFO] usb_pd_parser:543 - Table detected Table 8.128 p747
2025-12-08 22:16:31,354 [INFO] usb_pd_parser:430 - Camelot extracted 1 tables on page 747
2025-12-08 22:16:31,354 [INFO] usb_pd_parser:573 - Detected Table 8.128 on page 747 (rows:5)
2025-12-08 22:16:31,472 [INFO] usb_pd_parser:654 - Section started 8.3.2.14 'Structured VDM' p748
2025-12-08 22:16:31,472 [INFO] usb_pd_parser:654 - Section started 8.3.2.14.1 'Discover Identity' p748
2025-12-08 22:16:31,472 [INFO] usb_pd_parser:654 - Section started 8.3.2.14.1.1 'Initiator to Responder Discover Identity (ACK)' p748
2025-12-08 22:16:31,472 [INFO] usb_pd_parser:590 - Figure detected Figure 8.102 p748
2025-12-08 22:16:31,525 [INFO] usb_pd_parser:397 - Smart text-aware crop saved for Figure 8.102 p748 -> output\figures\Figure_8.102_page_748_crop.png
2025-12-08 22:16:31,528 [INFO] usb_pd_parser:618 - Detected Figure 8.102 on page 748 (images:1)
2025-12-08 22:16:31,742 [INFO] usb_pd_parser:543 - Table detected Table 8.129 p749
2025-12-08 22:16:34,555 [INFO] usb_pd_parser:430 - Camelot extracted 1 tables on page 749
2025-12-08 22:16:34,558 [INFO] usb_pd_parser:573 - Detected Table 8.129 on page 749 (rows:16)
2025-12-08 22:16:34,607 [INFO] usb_pd_parser:543 - Table detected Table 8.129 p750
2025-12-08 22:16:36,392 [INFO] usb_pd_parser:430 - Camelot extracted 1 tables on page 750
2025-12-08 22:16:36,396 [INFO] usb_pd_parser:573 - Detected Table 8.129 on page 750 (rows:4)
2025-12-08 22:16:36,497 [INFO] usb_pd_parser:654 - Section started 8.3.2.14.1.2 'Initiator to Responder Discover Identity (NAK)' p751
2025-12-08 22:16:36,497 [INFO] usb_pd_parser:590 - Figure detected Figure 8.103 p751
2025-12-08 22:16:36,552 [INFO] usb_pd_parser:397 - Smart text-aware crop saved for Figure 8.103 p751 -> output\figures\Figure_8.103_page_751_crop.png
2025-12-08 22:16:36,558 [INFO] usb_pd_parser:618 - Detected Figure 8.103 on page 751 (images:1)
2025-12-08 22:16:36,758 [INFO] usb_pd_parser:543 - Table detected Table 8.130 p752
2025-12-08 22:16:39,482 [INFO] usb_pd_parser:430 - Camelot extracted 1 tables on page 752
2025-12-08 22:16:39,482 [INFO] usb_pd_parser:573 - Detected Table 8.130 on page 752 (rows:16)
2025-12-08 22:16:39,551 [INFO] usb_pd_parser:543 - Table detected Table 8.130 p753
2025-12-08 22:16:41,355 [INFO] usb_pd_parser:430 - Camelot extracted 1 tables on page 753
2025-12-08 22:16:41,355 [INFO] usb_pd_parser:573 - Detected Table 8.130 on page 753 (rows:4)
2025-12-08 22:16:41,463 [INFO] usb_pd_parser:654 - Section started 8.3.2.14.1.3 'Initiator to Responder Discover Identity (BUSY)' p754
2025-12-08 22:16:41,463 [INFO] usb_pd_parser:590 - Figure detected Figure 8.104 p754
2025-12-08 22:16:41,523 [INFO] usb_pd_parser:397 - Smart text-aware crop saved for Figure 8.104 p754 -> output\figures\Figure_8.104_page_754_crop.png
2025-12-08 22:16:41,523 [INFO] usb_pd_parser:618 - Detected Figure 8.104 on page 754 (images:1)
2025-12-08 22:16:41,734 [INFO] usb_pd_parser:543 - Table detected Table 8.131 p755
2025-12-08 22:16:44,590 [INFO] usb_pd_parser:430 - Camelot extracted 1 tables on page 755
2025-12-08 22:16:44,590 [INFO] usb_pd_parser:573 - Detected Table 8.131 on page 755 (rows:16)
2025-12-08 22:16:44,658 [INFO] usb_pd_parser:543 - Table detected Table 8.131 p756
2025-12-08 22:16:46,531 [INFO] usb_pd_parser:430 - Camelot extracted 1 tables on page 756
2025-12-08 22:16:46,531 [INFO] usb_pd_parser:573 - Detected Table 8.131 on page 756 (rows:4)
2025-12-08 22:16:46,654 [INFO] usb_pd_parser:654 - Section started 8.3.2.14.2 'Discover SVIDs' p757
2025-12-08 22:16:46,654 [INFO] usb_pd_parser:654 - Section started 8.3.2.14.2.1 'Initiator to Responder Discover SVIDs (ACK)' p757
2025-12-08 22:16:46,662 [INFO] usb_pd_parser:590 - Figure detected Figure 8.105 p757
2025-12-08 22:16:46,725 [INFO] usb_pd_parser:397 - Smart text-aware crop saved for Figure 8.105 p757 -> output\figures\Figure_8.105_page_757_crop.png
2025-12-08 22:16:46,725 [INFO] usb_pd_parser:618 - Detected Figure 8.105 on page 757 (images:1)
2025-12-08 22:16:48,521 [INFO] usb_pd_parser:543 - Table detected Table 8.132 p758
2025-12-08 22:16:51,007 [INFO] usb_pd_parser:430 - Camelot extracted 1 tables on page 758
2025-12-08 22:16:51,007 [INFO] usb_pd_parser:573 - Detected Table 8.132 on page 758 (rows:16)
2025-12-08 22:16:51,073 [INFO] usb_pd_parser:543 - Table detected Table 8.132 p759
2025-12-08 22:16:52,753 [INFO] usb_pd_parser:430 - Camelot extracted 1 tables on page 759
2025-12-08 22:16:52,753 [INFO] usb_pd_parser:573 - Detected Table 8.132 on page 759 (rows:4)
2025-12-08 22:16:52,863 [INFO] usb_pd_parser:654 - Section started 8.3.2.14.2.2 'Initiator to Responder Discover SVIDs (NAK)' p760
2025-12-08 22:16:52,863 [INFO] usb_pd_parser:590 - Figure detected Figure 8.106 p760
2025-12-08 22:16:52,925 [INFO] usb_pd_parser:397 - Smart text-aware crop saved for Figure 8.106 p760 -> output\figures\Figure_8.106_page_760_crop.png
2025-12-08 22:16:52,927 [INFO] usb_pd_parser:618 - Detected Figure 8.106 on page 760 (images:1)
2025-12-08 22:16:53,143 [INFO] usb_pd_parser:543 - Table detected Table 8.133 p761
2025-12-08 22:16:55,870 [INFO] usb_pd_parser:430 - Camelot extracted 1 tables on page 761
2025-12-08 22:16:55,870 [INFO] usb_pd_parser:573 - Detected Table 8.133 on page 761 (rows:17)
2025-12-08 22:16:55,923 [INFO] usb_pd_parser:543 - Table detected Table 8.133 p762
2025-12-08 22:16:57,605 [INFO] usb_pd_parser:430 - Camelot extracted 1 tables on page 762
2025-12-08 22:16:57,612 [INFO] usb_pd_parser:573 - Detected Table 8.133 on page 762 (rows:3)
2025-12-08 22:16:57,725 [INFO] usb_pd_parser:654 - Section started 8.3.2.14.2.3 'Initiator to Responder Discover SVIDs (BUSY)' p763
2025-12-08 22:16:57,725 [INFO] usb_pd_parser:590 - Figure detected Figure 8.107 p763
2025-12-08 22:16:57,787 [INFO] usb_pd_parser:397 - Smart text-aware crop saved for Figure 8.107 p763 -> output\figures\Figure_8.107_page_763_crop.png
2025-12-08 22:16:57,787 [INFO] usb_pd_parser:618 - Detected Figure 8.107 on page 763 (images:1)
2025-12-08 22:16:57,988 [INFO] usb_pd_parser:543 - Table detected Table 8.134 p764
2025-12-08 22:17:00,946 [INFO] usb_pd_parser:430 - Camelot extracted 1 tables on page 764
2025-12-08 22:17:00,953 [INFO] usb_pd_parser:573 - Detected Table 8.134 on page 764 (rows:16)
2025-12-08 22:17:01,069 [INFO] usb_pd_parser:543 - Table detected Table 8.134 p765
2025-12-08 22:17:03,939 [INFO] usb_pd_parser:430 - Camelot extracted 1 tables on page 765
2025-12-08 22:17:03,939 [INFO] usb_pd_parser:573 - Detected Table 8.134 on page 765 (rows:4)
2025-12-08 22:17:04,079 [INFO] usb_pd_parser:654 - Section started 8.3.2.14.3 'Discover Modes' p766
2025-12-08 22:17:04,079 [INFO] usb_pd_parser:654 - Section started 8.3.2.14.3.1 'Initiator to Responder Discover Modes (ACK)' p766
2025-12-08 22:17:04,079 [INFO] usb_pd_parser:590 - Figure detected Figure 8.108 p766
2025-12-08 22:17:04,151 [INFO] usb_pd_parser:397 - Smart text-aware crop saved for Figure 8.108 p766 -> output\figures\Figure_8.108_page_766_crop.png
2025-12-08 22:17:04,151 [INFO] usb_pd_parser:618 - Detected Figure 8.108 on page 766 (images:1)
2025-12-08 22:17:04,391 [INFO] usb_pd_parser:543 - Table detected Table 8.135 p767
2025-12-08 22:17:09,142 [INFO] usb_pd_parser:430 - Camelot extracted 1 tables on page 767
2025-12-08 22:17:09,151 [INFO] usb_pd_parser:573 - Detected Table 8.135 on page 767 (rows:16)
2025-12-08 22:17:09,193 [INFO] usb_pd_parser:543 - Table detected Table 8.135 p768
2025-12-08 22:17:10,900 [INFO] usb_pd_parser:430 - Camelot extracted 1 tables on page 768
2025-12-08 22:17:10,916 [INFO] usb_pd_parser:573 - Detected Table 8.135 on page 768 (rows:4)
2025-12-08 22:17:11,021 [INFO] usb_pd_parser:654 - Section started 8.3.2.14.3.2 'Initiator to Responder Discover Modes (NAK)' p769
2025-12-08 22:17:11,021 [INFO] usb_pd_parser:590 - Figure detected Figure 8.109 p769
2025-12-08 22:17:11,074 [INFO] usb_pd_parser:397 - Smart text-aware crop saved for Figure 8.109 p769 -> output\figures\Figure_8.109_page_769_crop.png
2025-12-08 22:17:11,074 [INFO] usb_pd_parser:618 - Detected Figure 8.109 on page 769 (images:1)
2025-12-08 22:17:11,277 [INFO] usb_pd_parser:543 - Table detected Table 8.136 p770
2025-12-08 22:17:13,996 [INFO] usb_pd_parser:430 - Camelot extracted 1 tables on page 770
2025-12-08 22:17:13,998 [INFO] usb_pd_parser:573 - Detected Table 8.136 on page 770 (rows:16)
2025-12-08 22:17:14,041 [INFO] usb_pd_parser:543 - Table detected Table 8.136 p771
2025-12-08 22:17:15,836 [INFO] usb_pd_parser:430 - Camelot extracted 1 tables on page 771
2025-12-08 22:17:15,836 [INFO] usb_pd_parser:573 - Detected Table 8.136 on page 771 (rows:4)
2025-12-08 22:17:15,943 [INFO] usb_pd_parser:654 - Section started 8.3.2.14.3.3 'Initiator to Responder Discover Modes (BUSY)' p772
2025-12-08 22:17:15,943 [INFO] usb_pd_parser:590 - Figure detected Figure 8.110 p772
2025-12-08 22:17:16,008 [INFO] usb_pd_parser:397 - Smart text-aware crop saved for Figure 8.110 p772 -> output\figures\Figure_8.110_page_772_crop.png
2025-12-08 22:17:16,008 [INFO] usb_pd_parser:618 - Detected Figure 8.110 on page 772 (images:1)
2025-12-08 22:17:16,223 [INFO] usb_pd_parser:543 - Table detected Table 8.137 p773
2025-12-08 22:17:18,849 [INFO] usb_pd_parser:430 - Camelot extracted 1 tables on page 773
2025-12-08 22:17:18,849 [INFO] usb_pd_parser:573 - Detected Table 8.137 on page 773 (rows:16)
2025-12-08 22:17:18,907 [INFO] usb_pd_parser:543 - Table detected Table 8.137 p774
2025-12-08 22:17:20,601 [INFO] usb_pd_parser:430 - Camelot extracted 1 tables on page 774
2025-12-08 22:17:20,606 [INFO] usb_pd_parser:573 - Detected Table 8.137 on page 774 (rows:4)
2025-12-08 22:17:20,707 [INFO] usb_pd_parser:654 - Section started 8.3.2.14.4 'Enter/Exit Mode' p775
2025-12-08 22:17:20,707 [INFO] usb_pd_parser:654 - Section started 8.3.2.14.4.1 'DFP to UFP Enter Mode' p775
2025-12-08 22:17:20,707 [INFO] usb_pd_parser:590 - Figure detected Figure 8.111 p775
2025-12-08 22:17:20,758 [INFO] usb_pd_parser:397 - Smart text-aware crop saved for Figure 8.111 p775 -> output\figures\Figure_8.111_page_775_crop.png
2025-12-08 22:17:20,758 [INFO] usb_pd_parser:618 - Detected Figure 8.111 on page 775 (images:1)
2025-12-08 22:17:20,973 [INFO] usb_pd_parser:543 - Table detected Table 8.138 p776
2025-12-08 22:17:23,734 [INFO] usb_pd_parser:430 - Camelot extracted 1 tables on page 776
2025-12-08 22:17:23,750 [INFO] usb_pd_parser:573 - Detected Table 8.138 on page 776 (rows:15)
2025-12-08 22:17:23,823 [INFO] usb_pd_parser:543 - Table detected Table 8.138 p777
2025-12-08 22:17:27,482 [INFO] usb_pd_parser:430 - Camelot extracted 1 tables on page 777
2025-12-08 22:17:27,482 [INFO] usb_pd_parser:573 - Detected Table 8.138 on page 777 (rows:6)
2025-12-08 22:17:27,580 [INFO] usb_pd_parser:654 - Section started 8.3.2.14.4.2 'DFP to UFP Exit Mode' p778
2025-12-08 22:17:27,580 [INFO] usb_pd_parser:590 - Figure detected Figure 8.112 p778
2025-12-08 22:17:27,630 [INFO] usb_pd_parser:397 - Smart text-aware crop saved for Figure 8.112 p778 -> output\figures\Figure_8.112_page_778_crop.png
2025-12-08 22:17:27,630 [INFO] usb_pd_parser:618 - Detected Figure 8.112 on page 778 (images:1)
2025-12-08 22:17:27,845 [INFO] usb_pd_parser:543 - Table detected Table 8.139 p779
2025-12-08 22:17:30,557 [INFO] usb_pd_parser:430 - Camelot extracted 1 tables on page 779
2025-12-08 22:17:30,557 [INFO] usb_pd_parser:573 - Detected Table 8.139 on page 779 (rows:17)
2025-12-08 22:17:30,592 [INFO] usb_pd_parser:543 - Table detected Table 8.139 p780
2025-12-08 22:17:32,282 [INFO] usb_pd_parser:430 - Camelot extracted 1 tables on page 780
2025-12-08 22:17:32,298 [INFO] usb_pd_parser:573 - Detected Table 8.139 on page 780 (rows:4)
2025-12-08 22:17:32,413 [INFO] usb_pd_parser:654 - Section started 8.3.2.14.4.3 'DFP to Cable Plug Enter Mode' p781
2025-12-08 22:17:32,413 [INFO] usb_pd_parser:590 - Figure detected Figure 8.113 p781
2025-12-08 22:17:32,474 [INFO] usb_pd_parser:397 - Smart text-aware crop saved for Figure 8.113 p781 -> output\figures\Figure_8.113_page_781_crop.png
2025-12-08 22:17:32,474 [INFO] usb_pd_parser:618 - Detected Figure 8.113 on page 781 (images:1)
2025-12-08 22:17:32,706 [INFO] usb_pd_parser:543 - Table detected Table 8.140 p782
2025-12-08 22:17:35,474 [INFO] usb_pd_parser:430 - Camelot extracted 1 tables on page 782
2025-12-08 22:17:35,474 [INFO] usb_pd_parser:573 - Detected Table 8.140 on page 782 (rows:14)
2025-12-08 22:17:35,541 [INFO] usb_pd_parser:543 - Table detected Table 8.140 p783
2025-12-08 22:17:37,366 [INFO] usb_pd_parser:430 - Camelot extracted 1 tables on page 783
2025-12-08 22:17:37,366 [INFO] usb_pd_parser:573 - Detected Table 8.140 on page 783 (rows:7)
2025-12-08 22:17:37,472 [INFO] usb_pd_parser:654 - Section started 8.3.2.14.4.4 'DFP to Cable Plug Exit Mode' p784
2025-12-08 22:17:37,472 [INFO] usb_pd_parser:590 - Figure detected Figure 8.114 p784
2025-12-08 22:17:37,525 [INFO] usb_pd_parser:397 - Smart text-aware crop saved for Figure 8.114 p784 -> output\figures\Figure_8.114_page_784_crop.png
2025-12-08 22:17:37,525 [INFO] usb_pd_parser:618 - Detected Figure 8.114 on page 784 (images:1)
2025-12-08 22:17:37,747 [INFO] usb_pd_parser:543 - Table detected Table 8.141 p785
2025-12-08 22:17:40,371 [INFO] usb_pd_parser:430 - Camelot extracted 1 tables on page 785
2025-12-08 22:17:40,371 [INFO] usb_pd_parser:573 - Detected Table 8.141 on page 785 (rows:16)
2025-12-08 22:17:40,424 [INFO] usb_pd_parser:543 - Table detected Table 8.141 p786
2025-12-08 22:17:42,308 [INFO] usb_pd_parser:430 - Camelot extracted 1 tables on page 786
2025-12-08 22:17:42,308 [INFO] usb_pd_parser:573 - Detected Table 8.141 on page 786 (rows:5)
2025-12-08 22:17:42,378 [INFO] usb_pd_parser:654 - Section started 8.3.2.14.4.5 'Initiator to Responder Attention' p787
2025-12-08 22:17:42,378 [INFO] usb_pd_parser:590 - Figure detected Figure 8.115 p787
2025-12-08 22:17:42,425 [INFO] usb_pd_parser:397 - Smart text-aware crop saved for Figure 8.115 p787 -> output\figures\Figure_8.115_page_787_crop.png
2025-12-08 22:17:42,425 [INFO] usb_pd_parser:618 - Detected Figure 8.115 on page 787 (images:1)
2025-12-08 22:17:42,546 [INFO] usb_pd_parser:543 - Table detected Table 8.142 p788
2025-12-08 22:17:46,260 [INFO] usb_pd_parser:430 - Camelot extracted 1 tables on page 788
2025-12-08 22:17:46,260 [INFO] usb_pd_parser:573 - Detected Table 8.142 on page 788 (rows:10)
2025-12-08 22:17:46,380 [INFO] usb_pd_parser:654 - Section started 8.3.2.15 'Built in Self-Test (BIST)' p789
2025-12-08 22:17:46,380 [INFO] usb_pd_parser:654 - Section started 8.3.2.15.1 'BIST Carrier Mode' p789
2025-12-08 22:17:46,380 [INFO] usb_pd_parser:590 - Figure detected Figure 8.116 p789
2025-12-08 22:17:46,429 [INFO] usb_pd_parser:397 - Smart text-aware crop saved for Figure 8.116 p789 -> output\figures\Figure_8.116_page_789_crop.png
2025-12-08 22:17:46,429 [INFO] usb_pd_parser:618 - Detected Figure 8.116 on page 789 (images:1)
2025-12-08 22:17:46,562 [INFO] usb_pd_parser:543 - Table detected Table 8.143 p790
2025-12-08 22:17:48,792 [INFO] usb_pd_parser:430 - Camelot extracted 1 tables on page 790
2025-12-08 22:17:48,808 [INFO] usb_pd_parser:573 - Detected Table 8.143 on page 790 (rows:17)
2025-12-08 22:17:48,864 [INFO] usb_pd_parser:654 - Section started 8.3.2.15.2 'BIST Test Data Mode' p791
2025-12-08 22:17:48,962 [INFO] usb_pd_parser:590 - Figure detected Figure 8.117 p792
2025-12-08 22:17:49,026 [INFO] usb_pd_parser:397 - Smart text-aware crop saved for Figure 8.117 p792 -> output\figures\Figure_8.117_page_792_crop.png
2025-12-08 22:17:49,026 [INFO] usb_pd_parser:618 - Detected Figure 8.117 on page 792 (images:1)
2025-12-08 22:17:49,196 [INFO] usb_pd_parser:543 - Table detected Table 8.144 p793
2025-12-08 22:17:51,598 [INFO] usb_pd_parser:430 - Camelot extracted 1 tables on page 793
2025-12-08 22:17:51,614 [INFO] usb_pd_parser:573 - Detected Table 8.144 on page 793 (rows:15)
2025-12-08 22:17:51,697 [INFO] usb_pd_parser:543 - Table detected Table 8.144 p794
2025-12-08 22:17:53,449 [INFO] usb_pd_parser:430 - Camelot extracted 1 tables on page 794
2025-12-08 22:17:53,465 [INFO] usb_pd_parser:573 - Detected Table 8.144 on page 794 (rows:8)
2025-12-08 22:17:53,659 [INFO] usb_pd_parser:654 - Section started 8.3.2.15.3 'BIST Shared Capacity Test Mode' p795
2025-12-08 22:17:53,659 [INFO] usb_pd_parser:590 - Figure detected Figure 8.118 p795
2025-12-08 22:17:53,712 [INFO] usb_pd_parser:397 - Smart text-aware crop saved for Figure 8.118 p795 -> output\figures\Figure_8.118_page_795_crop.png
2025-12-08 22:17:53,712 [INFO] usb_pd_parser:618 - Detected Figure 8.118 on page 795 (images:1)
2025-12-08 22:17:53,910 [INFO] usb_pd_parser:543 - Table detected Table 8.145 p796
2025-12-08 22:17:56,494 [INFO] usb_pd_parser:430 - Camelot extracted 1 tables on page 796
2025-12-08 22:17:56,494 [INFO] usb_pd_parser:573 - Detected Table 8.145 on page 796 (rows:18)
2025-12-08 22:17:56,590 [INFO] usb_pd_parser:543 - Table detected Table 8.145 p797
2025-12-08 22:17:58,413 [INFO] usb_pd_parser:430 - Camelot extracted 1 tables on page 797
2025-12-08 22:17:58,415 [INFO] usb_pd_parser:573 - Detected Table 8.145 on page 797 (rows:8)
2025-12-08 22:17:58,640 [INFO] usb_pd_parser:654 - Section started 8.3.2.16 'Enter USB' p798
2025-12-08 22:17:58,640 [INFO] usb_pd_parser:654 - Section started 8.3.2.16.1 'UFP Entering USB4 Mode' p798
2025-12-08 22:17:58,641 [INFO] usb_pd_parser:654 - Section started 8.3.2.16.1.1 'UFP Entering USB4 Mode (Accept)' p798
2025-12-08 22:17:58,641 [INFO] usb_pd_parser:590 - Figure detected Figure 8.119 p798
2025-12-08 22:17:58,693 [INFO] usb_pd_parser:397 - Smart text-aware crop saved for Figure 8.119 p798 -> output\figures\Figure_8.119_page_798_crop.png
2025-12-08 22:17:58,693 [INFO] usb_pd_parser:618 - Detected Figure 8.119 on page 798 (images:1)
2025-12-08 22:17:58,917 [INFO] usb_pd_parser:543 - Table detected Table 8.146 p799
2025-12-08 22:18:01,782 [INFO] usb_pd_parser:430 - Camelot extracted 1 tables on page 799
2025-12-08 22:18:01,798 [INFO] usb_pd_parser:573 - Detected Table 8.146 on page 799 (rows:18)
2025-12-08 22:18:01,836 [INFO] usb_pd_parser:543 - Table detected Table 8.146 p800
2025-12-08 22:18:03,540 [INFO] usb_pd_parser:430 - Camelot extracted 1 tables on page 800
2025-12-08 22:18:03,542 [INFO] usb_pd_parser:573 - Detected Table 8.146 on page 800 (rows:3)
2025-12-08 22:18:03,760 [INFO] usb_pd_parser:654 - Section started 8.3.2.16.1.2 'UFP Entering USB4 Mode (Reject)' p801
2025-12-08 22:18:03,760 [INFO] usb_pd_parser:590 - Figure detected Figure 8.120 p801
2025-12-08 22:18:03,826 [INFO] usb_pd_parser:397 - Smart text-aware crop saved for Figure 8.120 p801 -> output\figures\Figure_8.120_page_801_crop.png
2025-12-08 22:18:03,826 [INFO] usb_pd_parser:618 - Detected Figure 8.120 on page 801 (images:1)
2025-12-08 22:18:04,024 [INFO] usb_pd_parser:543 - Table detected Table 8.147 p802
2025-12-08 22:18:08,246 [INFO] usb_pd_parser:430 - Camelot extracted 1 tables on page 802
2025-12-08 22:18:08,248 [INFO] usb_pd_parser:573 - Detected Table 8.147 on page 802 (rows:18)
2025-12-08 22:18:08,282 [INFO] usb_pd_parser:543 - Table detected Table 8.147 p803
2025-12-08 22:18:12,632 [INFO] usb_pd_parser:430 - Camelot extracted 1 tables on page 803
2025-12-08 22:18:12,640 [INFO] usb_pd_parser:573 - Detected Table 8.147 on page 803 (rows:3)
2025-12-08 22:18:13,372 [INFO] usb_pd_parser:654 - Section started 8.3.2.16.1.3 'UFP Entering USB4 Mode (Wait)' p804
2025-12-08 22:18:13,372 [INFO] usb_pd_parser:590 - Figure detected Figure 8.121 p804
2025-12-08 22:18:13,508 [INFO] usb_pd_parser:397 - Smart text-aware crop saved for Figure 8.121 p804 -> output\figures\Figure_8.121_page_804_crop.png
2025-12-08 22:18:13,508 [INFO] usb_pd_parser:618 - Detected Figure 8.121 on page 804 (images:1)
2025-12-08 22:18:14,021 [INFO] usb_pd_parser:543 - Table detected Table 8.148 p805
2025-12-08 22:18:22,579 [INFO] usb_pd_parser:430 - Camelot extracted 1 tables on page 805
2025-12-08 22:18:22,586 [INFO] usb_pd_parser:573 - Detected Table 8.148 on page 805 (rows:18)
2025-12-08 22:18:22,676 [INFO] usb_pd_parser:543 - Table detected Table 8.148 p806
2025-12-08 22:18:26,631 [INFO] usb_pd_parser:430 - Camelot extracted 1 tables on page 806
2025-12-08 22:18:26,639 [INFO] usb_pd_parser:573 - Detected Table 8.148 on page 806 (rows:3)
2025-12-08 22:18:27,158 [INFO] usb_pd_parser:654 - Section started 8.3.2.16.2 'Cable Plug Entering USB4 Mode' p807
2025-12-08 22:18:27,158 [INFO] usb_pd_parser:654 - Section started 8.3.2.16.2.1 'Cable Plug Entering USB4 Mode (Accept)' p807
2025-12-08 22:18:27,158 [INFO] usb_pd_parser:590 - Figure detected Figure 8.122 p807
2025-12-08 22:18:27,281 [INFO] usb_pd_parser:397 - Smart text-aware crop saved for Figure 8.122 p807 -> output\figures\Figure_8.122_page_807_crop.png
2025-12-08 22:18:27,289 [INFO] usb_pd_parser:618 - Detected Figure 8.122 on page 807 (images:1)
2025-12-08 22:18:27,724 [INFO] usb_pd_parser:543 - Table detected Table 8.149 p808
2025-12-08 22:20:02,071 [INFO] usb_pd_parser:430 - Camelot extracted 1 tables on page 808
2025-12-08 22:20:02,071 [INFO] usb_pd_parser:573 - Detected Table 8.149 on page 808 (rows:18)
2025-12-08 22:20:02,124 [INFO] usb_pd_parser:543 - Table detected Table 8.149 p809
2025-12-08 22:20:04,299 [INFO] usb_pd_parser:430 - Camelot extracted 1 tables on page 809
2025-12-08 22:20:04,305 [INFO] usb_pd_parser:573 - Detected Table 8.149 on page 809 (rows:3)
2025-12-08 22:20:04,622 [INFO] usb_pd_parser:654 - Section started 8.3.2.16.2.2 'Cable Plug Entering USB4 Mode (Reject)' p810
2025-12-08 22:20:04,622 [INFO] usb_pd_parser:590 - Figure detected Figure 8.123 p810
2025-12-08 22:20:04,694 [INFO] usb_pd_parser:397 - Smart text-aware crop saved for Figure 8.123 p810 -> output\figures\Figure_8.123_page_810_crop.png
2025-12-08 22:20:04,696 [INFO] usb_pd_parser:618 - Detected Figure 8.123 on page 810 (images:1)
2025-12-08 22:20:04,918 [INFO] usb_pd_parser:543 - Table detected Table 8.150 p811
2025-12-08 22:20:07,906 [INFO] usb_pd_parser:430 - Camelot extracted 1 tables on page 811
2025-12-08 22:20:07,922 [INFO] usb_pd_parser:573 - Detected Table 8.150 on page 811 (rows:18)
2025-12-08 22:20:07,968 [INFO] usb_pd_parser:543 - Table detected Table 8.150 p812
2025-12-08 22:20:19,368 [INFO] usb_pd_parser:430 - Camelot extracted 1 tables on page 812
2025-12-08 22:20:19,373 [INFO] usb_pd_parser:573 - Detected Table 8.150 on page 812 (rows:3)
2025-12-08 22:20:19,682 [INFO] usb_pd_parser:654 - Section started 8.3.2.16.2.3 'Cable Plug Entering USB4 Mode (Wait)' p813
2025-12-08 22:20:19,682 [INFO] usb_pd_parser:590 - Figure detected Figure 8.124 p813
2025-12-08 22:20:19,896 [INFO] usb_pd_parser:397 - Smart text-aware crop saved for Figure 8.124 p813 -> output\figures\Figure_8.124_page_813_crop.png
2025-12-08 22:20:19,900 [INFO] usb_pd_parser:618 - Detected Figure 8.124 on page 813 (images:1)
2025-12-08 22:20:20,154 [INFO] usb_pd_parser:543 - Table detected Table 8.151 p814
2025-12-08 22:20:22,833 [INFO] usb_pd_parser:430 - Camelot extracted 1 tables on page 814
2025-12-08 22:20:22,848 [INFO] usb_pd_parser:573 - Detected Table 8.151 on page 814 (rows:18)
2025-12-08 22:20:22,881 [INFO] usb_pd_parser:543 - Table detected Table 8.151 p815
2025-12-08 22:20:24,664 [INFO] usb_pd_parser:430 - Camelot extracted 1 tables on page 815
2025-12-08 22:20:24,664 [INFO] usb_pd_parser:573 - Detected Table 8.151 on page 815 (rows:3)
2025-12-08 22:20:24,990 [INFO] usb_pd_parser:654 - Section started 8.3.2.17 'Unstructured Vendor Defined Messages' p816
2025-12-08 22:20:24,990 [INFO] usb_pd_parser:654 - Section started 8.3.2.17.1 'Unstructured VDM' p816
2025-12-08 22:20:24,990 [INFO] usb_pd_parser:590 - Figure detected Figure 8.125 p816
2025-12-08 22:20:25,128 [INFO] usb_pd_parser:397 - Smart text-aware crop saved for Figure 8.125 p816 -> output\figures\Figure_8.125_page_816_crop.png
2025-12-08 22:20:25,128 [INFO] usb_pd_parser:618 - Detected Figure 8.125 on page 816 (images:1)
2025-12-08 22:20:25,337 [INFO] usb_pd_parser:543 - Table detected Table 8.152 p817
2025-12-08 22:20:29,077 [INFO] usb_pd_parser:430 - Camelot extracted 1 tables on page 817
2025-12-08 22:20:29,077 [INFO] usb_pd_parser:573 - Detected Table 8.152 on page 817 (rows:15)
2025-12-08 22:20:29,171 [INFO] usb_pd_parser:543 - Table detected Table 8.152 p818
2025-12-08 22:20:31,616 [INFO] usb_pd_parser:430 - Camelot extracted 1 tables on page 818
2025-12-08 22:20:31,616 [INFO] usb_pd_parser:573 - Detected Table 8.152 on page 818 (rows:4)
2025-12-08 22:20:31,958 [INFO] usb_pd_parser:590 - Figure detected Figure 8.126 p819
2025-12-08 22:20:32,057 [INFO] usb_pd_parser:397 - Smart text-aware crop saved for Figure 8.126 p819 -> output\figures\Figure_8.126_page_819_crop.png
2025-12-08 22:20:32,057 [INFO] usb_pd_parser:618 - Detected Figure 8.126 on page 819 (images:1)
2025-12-08 22:20:32,305 [INFO] usb_pd_parser:543 - Table detected Table 8.153 p820
2025-12-08 22:20:35,090 [INFO] usb_pd_parser:430 - Camelot extracted 1 tables on page 820
2025-12-08 22:20:35,090 [INFO] usb_pd_parser:573 - Detected Table 8.153 on page 820 (rows:16)
2025-12-08 22:20:35,129 [INFO] usb_pd_parser:543 - Table detected Table 8.153 p821
2025-12-08 22:20:36,970 [INFO] usb_pd_parser:430 - Camelot extracted 1 tables on page 821
2025-12-08 22:20:36,974 [INFO] usb_pd_parser:573 - Detected Table 8.153 on page 821 (rows:3)
2025-12-08 22:20:37,127 [INFO] usb_pd_parser:654 - Section started 8.3.3 'State Diagrams' p822
2025-12-08 22:20:37,127 [INFO] usb_pd_parser:654 - Section started 8.3.3.1 'Introduction to state diagrams used in Chapter' p822
2025-12-08 22:20:37,127 [INFO] usb_pd_parser:590 - Figure detected Figure 8.127 p822
2025-12-08 22:20:37,226 [INFO] usb_pd_parser:397 - Smart text-aware crop saved for Figure 8.127 p822 -> output\figures\Figure_8.127_page_822_crop.png
2025-12-08 22:20:37,226 [INFO] usb_pd_parser:618 - Detected Figure 8.127 on page 822 (images:1)
2025-12-08 22:20:40,827 [INFO] usb_pd_parser:590 - Figure detected Figure 8.128 p823
2025-12-08 22:20:40,955 [INFO] usb_pd_parser:397 - Smart text-aware crop saved for Figure 8.128 p823 -> output\figures\Figure_8.128_page_823_crop.png
2025-12-08 22:20:40,971 [INFO] usb_pd_parser:618 - Detected Figure 8.128 on page 823 (images:1)
2025-12-08 22:20:40,971 [INFO] usb_pd_parser:590 - Figure detected Figure 8.129 p823
2025-12-08 22:20:41,126 [INFO] usb_pd_parser:397 - Smart text-aware crop saved for Figure 8.129 p823 -> output\figures\Figure_8.129_page_823_crop.png
2025-12-08 22:20:41,126 [INFO] usb_pd_parser:618 - Detected Figure 8.129 on page 823 (images:1)
2025-12-08 22:20:41,126 [INFO] usb_pd_parser:590 - Figure detected Figure 8.130 p823
2025-12-08 22:20:41,286 [INFO] usb_pd_parser:397 - Smart text-aware crop saved for Figure 8.130 p823 -> output\figures\Figure_8.130_page_823_crop.png
2025-12-08 22:20:41,286 [INFO] usb_pd_parser:618 - Detected Figure 8.130 on page 823 (images:1)
2025-12-08 22:20:41,490 [INFO] usb_pd_parser:654 - Section started 8.3.3.1.1 'SenderResponseTimer State Diagram' p825
2025-12-08 22:20:41,490 [INFO] usb_pd_parser:590 - Figure detected Figure 8.131 p825
2025-12-08 22:20:41,539 [INFO] usb_pd_parser:397 - Smart text-aware crop saved for Figure 8.131 p825 -> output\figures\Figure_8.131_page_825_crop.png
2025-12-08 22:20:41,539 [INFO] usb_pd_parser:618 - Detected Figure 8.131 on page 825 (images:1)
2025-12-08 22:20:42,722 [INFO] usb_pd_parser:654 - Section started 8.3.3.2 'Policy Engine Source Port State Diagram' p827
2025-12-08 22:20:42,722 [INFO] usb_pd_parser:590 - Figure detected Figure 8.132 p827
2025-12-08 22:20:42,844 [INFO] usb_pd_parser:397 - Smart text-aware crop saved for Figure 8.132 p827 -> output\figures\Figure_8.132_page_827_crop.png
2025-12-08 22:20:42,844 [INFO] usb_pd_parser:618 - Detected Figure 8.132 on page 827 (images:1)
2025-12-08 22:20:50,760 [INFO] usb_pd_parser:654 - Section started 8.3.3.3 'Policy Engine Sink Port State Diagram' p835
2025-12-08 22:20:50,760 [INFO] usb_pd_parser:590 - Figure detected Figure 8.133 p835
2025-12-08 22:20:50,972 [INFO] usb_pd_parser:397 - Smart text-aware crop saved for Figure 8.133 p835 -> output\figures\Figure_8.133_page_835_crop.png
2025-12-08 22:20:50,972 [INFO] usb_pd_parser:618 - Detected Figure 8.133 on page 835 (images:1)
2025-12-08 22:20:53,585 [INFO] usb_pd_parser:654 - Section started 8.3.3.4 'SOP Soft Reset and Protocol Error State Diagrams' p841
2025-12-08 22:20:53,585 [INFO] usb_pd_parser:654 - Section started 8.3.3.4.1 'SOP Source Port Soft Reset and Protocol Error State Diagram' p841
2025-12-08 22:20:53,585 [INFO] usb_pd_parser:590 - Figure detected Figure 8.134 p841
2025-12-08 22:20:53,709 [INFO] usb_pd_parser:397 - Smart text-aware crop saved for Figure 8.134 p841 -> output\figures\Figure_8.134_page_841_crop.png
2025-12-08 22:20:53,709 [INFO] usb_pd_parser:618 - Detected Figure 8.134 on page 841 (images:1)
2025-12-08 22:20:55,558 [INFO] usb_pd_parser:654 - Section started 8.3.3.4.2 'SOP Sink Port Soft Reset and Protocol Error State Diagram' p843
2025-12-08 22:20:55,558 [INFO] usb_pd_parser:590 - Figure detected Figure 8.135 p843
2025-12-08 22:20:55,663 [INFO] usb_pd_parser:397 - Smart text-aware crop saved for Figure 8.135 p843 -> output\figures\Figure_8.135_page_843_crop.png
2025-12-08 22:20:55,663 [INFO] usb_pd_parser:618 - Detected Figure 8.135 on page 843 (images:1)
2025-12-08 22:20:57,693 [INFO] usb_pd_parser:654 - Section started 8.3.3.5 'Data Reset State Diagrams' p845
2025-12-08 22:20:57,695 [INFO] usb_pd_parser:590 - Figure detected Figure 8.136 p845
2025-12-08 22:20:57,842 [INFO] usb_pd_parser:397 - Smart text-aware crop saved for Figure 8.136 p845 -> output\figures\Figure_8.136_page_845_crop.png
2025-12-08 22:20:57,842 [INFO] usb_pd_parser:618 - Detected Figure 8.136 on page 845 (images:1)
2025-12-08 22:21:00,555 [INFO] usb_pd_parser:590 - Figure detected Figure 8.137 p847
2025-12-08 22:21:00,746 [INFO] usb_pd_parser:397 - Smart text-aware crop saved for Figure 8.137 p847 -> output\figures\Figure_8.137_page_847_crop.png
2025-12-08 22:21:00,746 [INFO] usb_pd_parser:618 - Detected Figure 8.137 on page 847 (images:1)
2025-12-08 22:21:01,866 [INFO] usb_pd_parser:654 - Section started 8.3.3.6 'Not Supported Message State Diagrams' p850
2025-12-08 22:21:01,866 [INFO] usb_pd_parser:654 - Section started 8.3.3.6.1 'Source Port Not Supported Message State Diagram' p850
2025-12-08 22:21:01,866 [INFO] usb_pd_parser:590 - Figure detected Figure 8.138 p850
2025-12-08 22:21:01,948 [INFO] usb_pd_parser:397 - Smart text-aware crop saved for Figure 8.138 p850 -> output\figures\Figure_8.138_page_850_crop.png
2025-12-08 22:21:01,948 [INFO] usb_pd_parser:618 - Detected Figure 8.138 on page 850 (images:1)
2025-12-08 22:21:02,960 [INFO] usb_pd_parser:654 - Section started 8.3.3.6.2 'Sink Port Not Supported Message State Diagram' p852
2025-12-08 22:21:02,960 [INFO] usb_pd_parser:590 - Figure detected Figure 8.139 p852
2025-12-08 22:21:03,022 [INFO] usb_pd_parser:397 - Smart text-aware crop saved for Figure 8.139 p852 -> output\figures\Figure_8.139_page_852_crop.png
2025-12-08 22:21:03,030 [INFO] usb_pd_parser:618 - Detected Figure 8.139 on page 852 (images:1)
2025-12-08 22:21:04,330 [INFO] usb_pd_parser:654 - Section started 8.3.3.7 'Alert State Diagrams' p854
2025-12-08 22:21:04,330 [INFO] usb_pd_parser:654 - Section started 8.3.3.7.1 'Source Port Source Alert State Diagram' p854
2025-12-08 22:21:04,330 [INFO] usb_pd_parser:590 - Figure detected Figure 8.140 p854
2025-12-08 22:21:04,428 [INFO] usb_pd_parser:397 - Smart text-aware crop saved for Figure 8.140 p854 -> output\figures\Figure_8.140_page_854_crop.png
2025-12-08 22:21:04,428 [INFO] usb_pd_parser:618 - Detected Figure 8.140 on page 854 (images:1)
2025-12-08 22:21:05,754 [INFO] usb_pd_parser:654 - Section started 8.3.3.7.2 'Sink Port Source Alert State Diagram' p855
2025-12-08 22:21:05,754 [INFO] usb_pd_parser:590 - Figure detected Figure 8.141 p855
2025-12-08 22:21:05,862 [INFO] usb_pd_parser:397 - Smart text-aware crop saved for Figure 8.141 p855 -> output\figures\Figure_8.141_page_855_crop.png
2025-12-08 22:21:05,862 [INFO] usb_pd_parser:618 - Detected Figure 8.141 on page 855 (images:1)
2025-12-08 22:21:07,209 [INFO] usb_pd_parser:654 - Section started 8.3.3.7.3 'Sink Port Sink Alert State Diagram' p856
2025-12-08 22:21:07,209 [INFO] usb_pd_parser:590 - Figure detected Figure 8.142 p856
2025-12-08 22:21:07,319 [INFO] usb_pd_parser:397 - Smart text-aware crop saved for Figure 8.142 p856 -> output\figures\Figure_8.142_page_856_crop.png
2025-12-08 22:21:07,319 [INFO] usb_pd_parser:618 - Detected Figure 8.142 on page 856 (images:1)
2025-12-08 22:21:08,732 [INFO] usb_pd_parser:654 - Section started 8.3.3.7.4 'Source Port Sink Alert State Diagram' p857
2025-12-08 22:21:08,732 [INFO] usb_pd_parser:590 - Figure detected Figure 8.143 p857
2025-12-08 22:21:08,825 [INFO] usb_pd_parser:397 - Smart text-aware crop saved for Figure 8.143 p857 -> output\figures\Figure_8.143_page_857_crop.png
2025-12-08 22:21:08,825 [INFO] usb_pd_parser:618 - Detected Figure 8.143 on page 857 (images:1)
2025-12-08 22:21:09,907 [INFO] usb_pd_parser:654 - Section started 8.3.3.8 'Source/Sink Capabilities Extended State Diagrams' p858
2025-12-08 22:21:09,907 [INFO] usb_pd_parser:654 - Section started 8.3.3.8.1 'Sink Port Get Source Capabilities Extended State Diagram' p858
2025-12-08 22:21:09,907 [INFO] usb_pd_parser:590 - Figure detected Figure 8.144 p858
2025-12-08 22:21:09,979 [INFO] usb_pd_parser:397 - Smart text-aware crop saved for Figure 8.144 p858 -> output\figures\Figure_8.144_page_858_crop.png
2025-12-08 22:21:09,979 [INFO] usb_pd_parser:618 - Detected Figure 8.144 on page 858 (images:1)
2025-12-08 22:21:11,167 [INFO] usb_pd_parser:654 - Section started 8.3.3.8.2 'Source Give Source Capabilities Extended State Diagram' p859
2025-12-08 22:21:11,167 [INFO] usb_pd_parser:590 - Figure detected Figure 8.145 p859
2025-12-08 22:21:11,238 [INFO] usb_pd_parser:397 - Smart text-aware crop saved for Figure 8.145 p859 -> output\figures\Figure_8.145_page_859_crop.png
2025-12-08 22:21:11,238 [INFO] usb_pd_parser:618 - Detected Figure 8.145 on page 859 (images:1)
2025-12-08 22:21:12,402 [INFO] usb_pd_parser:654 - Section started 8.3.3.8.3 'Source Port Get Sink Capabilities Extended State Diagram' p860
2025-12-08 22:21:12,402 [INFO] usb_pd_parser:590 - Figure detected Figure 8.146 p860
2025-12-08 22:21:12,471 [INFO] usb_pd_parser:397 - Smart text-aware crop saved for Figure 8.146 p860 -> output\figures\Figure_8.146_page_860_crop.png
2025-12-08 22:21:12,471 [INFO] usb_pd_parser:618 - Detected Figure 8.146 on page 860 (images:1)
2025-12-08 22:21:13,567 [INFO] usb_pd_parser:654 - Section started 8.3.3.8.4 'Sink Give Sink Capabilities Extended State Diagram' p861
2025-12-08 22:21:13,567 [INFO] usb_pd_parser:590 - Figure detected Figure 8.147 p861
2025-12-08 22:21:13,639 [INFO] usb_pd_parser:397 - Smart text-aware crop saved for Figure 8.147 p861 -> output\figures\Figure_8.147_page_861_crop.png
2025-12-08 22:21:13,639 [INFO] usb_pd_parser:618 - Detected Figure 8.147 on page 861 (images:1)
2025-12-08 22:21:14,707 [INFO] usb_pd_parser:654 - Section started 8.3.3.9 'Source Information State Diagrams' p862
2025-12-08 22:21:14,707 [INFO] usb_pd_parser:654 - Section started 8.3.3.9.1 'Sink Port Get Source Information State Diagram' p862
2025-12-08 22:21:14,707 [INFO] usb_pd_parser:590 - Figure detected Figure 8.148 p862
2025-12-08 22:21:14,782 [INFO] usb_pd_parser:397 - Smart text-aware crop saved for Figure 8.148 p862 -> output\figures\Figure_8.148_page_862_crop.png
2025-12-08 22:21:14,782 [INFO] usb_pd_parser:618 - Detected Figure 8.148 on page 862 (images:1)
2025-12-08 22:21:15,793 [INFO] usb_pd_parser:654 - Section started 8.3.3.9.2 'Source Give Source Information State Diagram' p863
2025-12-08 22:21:15,793 [INFO] usb_pd_parser:590 - Figure detected Figure 8.149 p863
2025-12-08 22:21:15,868 [INFO] usb_pd_parser:397 - Smart text-aware crop saved for Figure 8.149 p863 -> output\figures\Figure_8.149_page_863_crop.png
2025-12-08 22:21:15,872 [INFO] usb_pd_parser:618 - Detected Figure 8.149 on page 863 (images:1)
2025-12-08 22:21:16,918 [INFO] usb_pd_parser:654 - Section started 8.3.3.10 'Status State Diagrams' p864
2025-12-08 22:21:16,918 [INFO] usb_pd_parser:654 - Section started 8.3.3.10.1 'Get Status State Diagram' p864
2025-12-08 22:21:16,918 [INFO] usb_pd_parser:590 - Figure detected Figure 8.150 p864
2025-12-08 22:21:17,007 [INFO] usb_pd_parser:397 - Smart text-aware crop saved for Figure 8.150 p864 -> output\figures\Figure_8.150_page_864_crop.png
2025-12-08 22:21:17,010 [INFO] usb_pd_parser:618 - Detected Figure 8.150 on page 864 (images:1)
2025-12-08 22:21:18,028 [INFO] usb_pd_parser:654 - Section started 8.3.3.10.2 'Give Status State Diagram' p865
2025-12-08 22:21:18,028 [INFO] usb_pd_parser:590 - Figure detected Figure 8.151 p865
2025-12-08 22:21:18,104 [INFO] usb_pd_parser:397 - Smart text-aware crop saved for Figure 8.151 p865 -> output\figures\Figure_8.151_page_865_crop.png
2025-12-08 22:21:18,104 [INFO] usb_pd_parser:618 - Detected Figure 8.151 on page 865 (images:1)
2025-12-08 22:21:19,169 [INFO] usb_pd_parser:654 - Section started 8.3.3.10.3 'Sink Port Get Source PPS Status State Diagram' p866
2025-12-08 22:21:19,171 [INFO] usb_pd_parser:590 - Figure detected Figure 8.152 p866
2025-12-08 22:21:19,239 [INFO] usb_pd_parser:397 - Smart text-aware crop saved for Figure 8.152 p866 -> output\figures\Figure_8.152_page_866_crop.png
2025-12-08 22:21:19,239 [INFO] usb_pd_parser:618 - Detected Figure 8.152 on page 866 (images:1)
2025-12-08 22:21:20,286 [INFO] usb_pd_parser:654 - Section started 8.3.3.10.4 'Source Give Source PPS Status State Diagram' p867
2025-12-08 22:21:20,286 [INFO] usb_pd_parser:590 - Figure detected Figure 8.153 p867
2025-12-08 22:21:20,347 [INFO] usb_pd_parser:397 - Smart text-aware crop saved for Figure 8.153 p867 -> output\figures\Figure_8.153_page_867_crop.png
2025-12-08 22:21:20,347 [INFO] usb_pd_parser:618 - Detected Figure 8.153 on page 867 (images:1)
2025-12-08 22:21:21,548 [INFO] usb_pd_parser:654 - Section started 8.3.3.11 'Battery Capabilities State Diagrams' p868
2025-12-08 22:21:21,548 [INFO] usb_pd_parser:654 - Section started 8.3.3.11.1 'Get Battery Capabilities State Diagram' p868
2025-12-08 22:21:21,548 [INFO] usb_pd_parser:590 - Figure detected Figure 8.154 p868
2025-12-08 22:21:21,628 [INFO] usb_pd_parser:397 - Smart text-aware crop saved for Figure 8.154 p868 -> output\figures\Figure_8.154_page_868_crop.png
2025-12-08 22:21:21,628 [INFO] usb_pd_parser:618 - Detected Figure 8.154 on page 868 (images:1)
2025-12-08 22:21:22,848 [INFO] usb_pd_parser:654 - Section started 8.3.3.11.2 'Give Battery Capabilities State Diagram' p869
2025-12-08 22:21:22,848 [INFO] usb_pd_parser:590 - Figure detected Figure 8.155 p869
2025-12-08 22:21:22,922 [INFO] usb_pd_parser:397 - Smart text-aware crop saved for Figure 8.155 p869 -> output\figures\Figure_8.155_page_869_crop.png
2025-12-08 22:21:22,922 [INFO] usb_pd_parser:618 - Detected Figure 8.155 on page 869 (images:1)
2025-12-08 22:21:24,007 [INFO] usb_pd_parser:654 - Section started 8.3.3.12 'Battery Status State Diagrams' p870
2025-12-08 22:21:24,007 [INFO] usb_pd_parser:654 - Section started 8.3.3.12.1 'Get Battery Status State Diagram' p870
2025-12-08 22:21:24,007 [INFO] usb_pd_parser:590 - Figure detected Figure 8.156 p870
2025-12-08 22:21:24,081 [INFO] usb_pd_parser:397 - Smart text-aware crop saved for Figure 8.156 p870 -> output\figures\Figure_8.156_page_870_crop.png
2025-12-08 22:21:24,086 [INFO] usb_pd_parser:618 - Detected Figure 8.156 on page 870 (images:1)
2025-12-08 22:21:25,078 [INFO] usb_pd_parser:654 - Section started 8.3.3.12.2 'Give Battery Status State Diagram' p871
2025-12-08 22:21:25,078 [INFO] usb_pd_parser:590 - Figure detected Figure 8.157 p871
2025-12-08 22:21:25,142 [INFO] usb_pd_parser:397 - Smart text-aware crop saved for Figure 8.157 p871 -> output\figures\Figure_8.157_page_871_crop.png
2025-12-08 22:21:25,142 [INFO] usb_pd_parser:618 - Detected Figure 8.157 on page 871 (images:1)
2025-12-08 22:21:26,240 [INFO] usb_pd_parser:654 - Section started 8.3.3.13 'Manufacturer Information State Diagrams' p872
2025-12-08 22:21:26,240 [INFO] usb_pd_parser:654 - Section started 8.3.3.13.1 'Get Manufacturer Information State Diagram' p872
2025-12-08 22:21:26,240 [INFO] usb_pd_parser:590 - Figure detected Figure 8.158 p872
2025-12-08 22:21:26,321 [INFO] usb_pd_parser:397 - Smart text-aware crop saved for Figure 8.158 p872 -> output\figures\Figure_8.158_page_872_crop.png
2025-12-08 22:21:26,321 [INFO] usb_pd_parser:618 - Detected Figure 8.158 on page 872 (images:1)
2025-12-08 22:21:27,436 [INFO] usb_pd_parser:654 - Section started 8.3.3.13.2 'Give Manufacturer Information State Diagram' p873
2025-12-08 22:21:27,436 [INFO] usb_pd_parser:590 - Figure detected Figure 8.159 p873
2025-12-08 22:21:27,505 [INFO] usb_pd_parser:397 - Smart text-aware crop saved for Figure 8.159 p873 -> output\figures\Figure_8.159_page_873_crop.png
2025-12-08 22:21:27,505 [INFO] usb_pd_parser:618 - Detected Figure 8.159 on page 873 (images:1)
2025-12-08 22:21:28,630 [INFO] usb_pd_parser:654 - Section started 8.3.3.14 'Country Codes and Information State Diagrams' p874
2025-12-08 22:21:28,630 [INFO] usb_pd_parser:654 - Section started 8.3.3.14.1 'Get Country Codes State Diagram' p874
2025-12-08 22:21:28,630 [INFO] usb_pd_parser:590 - Figure detected Figure 8.160 p874
2025-12-08 22:21:28,705 [INFO] usb_pd_parser:397 - Smart text-aware crop saved for Figure 8.160 p874 -> output\figures\Figure_8.160_page_874_crop.png
2025-12-08 22:21:28,705 [INFO] usb_pd_parser:618 - Detected Figure 8.160 on page 874 (images:1)
2025-12-08 22:21:29,743 [INFO] usb_pd_parser:654 - Section started 8.3.3.14.2 'Give Country Codes State Diagram' p875
2025-12-08 22:21:29,743 [INFO] usb_pd_parser:590 - Figure detected Figure 8.161 p875
2025-12-08 22:21:29,814 [INFO] usb_pd_parser:397 - Smart text-aware crop saved for Figure 8.161 p875 -> output\figures\Figure_8.161_page_875_crop.png
2025-12-08 22:21:29,821 [INFO] usb_pd_parser:618 - Detected Figure 8.161 on page 875 (images:1)
2025-12-08 22:21:30,941 [INFO] usb_pd_parser:654 - Section started 8.3.3.14.3 'Get Country Information State Diagram' p876
2025-12-08 22:21:30,941 [INFO] usb_pd_parser:590 - Figure detected Figure 8.162 p876
2025-12-08 22:21:31,025 [INFO] usb_pd_parser:397 - Smart text-aware crop saved for Figure 8.162 p876 -> output\figures\Figure_8.162_page_876_crop.png
2025-12-08 22:21:31,025 [INFO] usb_pd_parser:618 - Detected Figure 8.162 on page 876 (images:1)
2025-12-08 22:21:32,107 [INFO] usb_pd_parser:654 - Section started 8.3.3.14.4 'Give Country Information State Diagram' p877
2025-12-08 22:21:32,107 [INFO] usb_pd_parser:590 - Figure detected Figure 8.163 p877
2025-12-08 22:21:32,179 [INFO] usb_pd_parser:397 - Smart text-aware crop saved for Figure 8.163 p877 -> output\figures\Figure_8.163_page_877_crop.png
2025-12-08 22:21:32,179 [INFO] usb_pd_parser:618 - Detected Figure 8.163 on page 877 (images:1)
2025-12-08 22:21:33,522 [INFO] usb_pd_parser:654 - Section started 8.3.3.15 'Revision State Diagrams' p878
2025-12-08 22:21:33,524 [INFO] usb_pd_parser:654 - Section started 8.3.3.15.1 'Get Revision State Diagram' p878
2025-12-08 22:21:33,524 [INFO] usb_pd_parser:590 - Figure detected Figure 8.164 p878
2025-12-08 22:21:33,594 [INFO] usb_pd_parser:397 - Smart text-aware crop saved for Figure 8.164 p878 -> output\figures\Figure_8.164_page_878_crop.png
2025-12-08 22:21:33,594 [INFO] usb_pd_parser:618 - Detected Figure 8.164 on page 878 (images:1)
2025-12-08 22:21:34,707 [INFO] usb_pd_parser:654 - Section started 8.3.3.15.2 'Give Revision State Diagram' p879
2025-12-08 22:21:34,707 [INFO] usb_pd_parser:590 - Figure detected Figure 8.165 p879
2025-12-08 22:21:34,787 [INFO] usb_pd_parser:397 - Smart text-aware crop saved for Figure 8.165 p879 -> output\figures\Figure_8.165_page_879_crop.png
2025-12-08 22:21:34,787 [INFO] usb_pd_parser:618 - Detected Figure 8.165 on page 879 (images:1)
2025-12-08 22:21:35,832 [INFO] usb_pd_parser:590 - Figure detected Figure 8.166 p880
2025-12-08 22:21:35,921 [INFO] usb_pd_parser:397 - Smart text-aware crop saved for Figure 8.166 p880 -> output\figures\Figure_8.166_page_880_crop.png
2025-12-08 22:21:35,921 [INFO] usb_pd_parser:618 - Detected Figure 8.166 on page 880 (images:1)
2025-12-08 22:21:37,088 [INFO] usb_pd_parser:590 - Figure detected Figure 8.167 p881
2025-12-08 22:21:37,201 [INFO] usb_pd_parser:397 - Smart text-aware crop saved for Figure 8.167 p881 -> output\figures\Figure_8.167_page_881_crop.png
2025-12-08 22:21:37,201 [INFO] usb_pd_parser:618 - Detected Figure 8.167 on page 881 (images:1)
2025-12-08 22:21:38,084 [INFO] usb_pd_parser:654 - Section started 8.3.3.17 'Security State Diagrams' p882
2025-12-08 22:21:38,084 [INFO] usb_pd_parser:654 - Section started 8.3.3.17.1 'Send Security Request State Diagram' p882
2025-12-08 22:21:38,084 [INFO] usb_pd_parser:590 - Figure detected Figure 8.168 p882
2025-12-08 22:21:38,154 [INFO] usb_pd_parser:397 - Smart text-aware crop saved for Figure 8.168 p882 -> output\figures\Figure_8.168_page_882_crop.png
2025-12-08 22:21:38,154 [INFO] usb_pd_parser:618 - Detected Figure 8.168 on page 882 (images:1)
2025-12-08 22:21:39,224 [INFO] usb_pd_parser:654 - Section started 8.3.3.17.2 'Send Security Response State Diagram' p883
2025-12-08 22:21:39,224 [INFO] usb_pd_parser:590 - Figure detected Figure 8.169 p883
2025-12-08 22:21:39,289 [INFO] usb_pd_parser:397 - Smart text-aware crop saved for Figure 8.169 p883 -> output\figures\Figure_8.169_page_883_crop.png
2025-12-08 22:21:39,289 [INFO] usb_pd_parser:618 - Detected Figure 8.169 on page 883 (images:1)
2025-12-08 22:21:40,357 [INFO] usb_pd_parser:654 - Section started 8.3.3.17.3 'Security Response Received State Diagram' p884
2025-12-08 22:21:40,357 [INFO] usb_pd_parser:590 - Figure detected Figure 8.170 p884
2025-12-08 22:21:40,438 [INFO] usb_pd_parser:397 - Smart text-aware crop saved for Figure 8.170 p884 -> output\figures\Figure_8.170_page_884_crop.png
2025-12-08 22:21:40,438 [INFO] usb_pd_parser:618 - Detected Figure 8.170 on page 884 (images:1)
2025-12-08 22:21:41,286 [INFO] usb_pd_parser:654 - Section started 8.3.3.18 'Firmware Update State Diagrams' p885
2025-12-08 22:21:41,288 [INFO] usb_pd_parser:654 - Section started 8.3.3.18.1 'Send Firmware Update Request State Diagram' p885
2025-12-08 22:21:41,288 [INFO] usb_pd_parser:590 - Figure detected Figure 8.171 p885
2025-12-08 22:21:41,338 [INFO] usb_pd_parser:397 - Smart text-aware crop saved for Figure 8.171 p885 -> output\figures\Figure_8.171_page_885_crop.png
2025-12-08 22:21:41,338 [INFO] usb_pd_parser:618 - Detected Figure 8.171 on page 885 (images:1)
2025-12-08 22:21:42,638 [INFO] usb_pd_parser:654 - Section started 8.3.3.18.2 'Send Firmware Update Response State Diagram' p886
2025-12-08 22:21:42,640 [INFO] usb_pd_parser:590 - Figure detected Figure 8.172 p886
2025-12-08 22:21:42,710 [INFO] usb_pd_parser:397 - Smart text-aware crop saved for Figure 8.172 p886 -> output\figures\Figure_8.172_page_886_crop.png
2025-12-08 22:21:42,712 [INFO] usb_pd_parser:618 - Detected Figure 8.172 on page 886 (images:1)
2025-12-08 22:21:43,870 [INFO] usb_pd_parser:654 - Section started 8.3.3.18.3 'Firmware Update Response Received State Diagram' p887
2025-12-08 22:21:43,870 [INFO] usb_pd_parser:590 - Figure detected Figure 8.173 p887
2025-12-08 22:21:43,958 [INFO] usb_pd_parser:397 - Smart text-aware crop saved for Figure 8.173 p887 -> output\figures\Figure_8.173_page_887_crop.png
2025-12-08 22:21:43,958 [INFO] usb_pd_parser:618 - Detected Figure 8.173 on page 887 (images:1)
2025-12-08 22:21:46,161 [INFO] usb_pd_parser:654 - Section started 8.3.3.19 'Dual-Role Port State Diagrams' p888
2025-12-08 22:21:46,171 [INFO] usb_pd_parser:654 - Section started 8.3.3.19.1 'DFP to UFP Data Role Swap State Diagram' p888
2025-12-08 22:21:46,171 [INFO] usb_pd_parser:590 - Figure detected Figure 8.174 p888
2025-12-08 22:21:46,291 [INFO] usb_pd_parser:397 - Smart text-aware crop saved for Figure 8.174 p888 -> output\figures\Figure_8.174_page_888_crop.png
2025-12-08 22:21:46,291 [INFO] usb_pd_parser:618 - Detected Figure 8.174 on page 888 (images:1)
2025-12-08 22:21:48,566 [INFO] usb_pd_parser:654 - Section started 8.3.3.19.2 'UFP to DFP Data Role Swap State Diagram' p891
2025-12-08 22:21:48,566 [INFO] usb_pd_parser:590 - Figure detected Figure 8.175 p891
2025-12-08 22:21:48,710 [INFO] usb_pd_parser:397 - Smart text-aware crop saved for Figure 8.175 p891 -> output\figures\Figure_8.175_page_891_crop.png
2025-12-08 22:21:48,710 [INFO] usb_pd_parser:618 - Detected Figure 8.175 on page 891 (images:1)
2025-12-08 22:21:50,146 [INFO] usb_pd_parser:654 - Section started 8.3.3.19.3 'Policy Engine in Source to Sink Power Role Swap State Diagram' p894
2025-12-08 22:21:50,146 [INFO] usb_pd_parser:590 - Figure detected Figure 8.176 p894
2025-12-08 22:21:50,253 [INFO] usb_pd_parser:397 - Smart text-aware crop saved for Figure 8.176 p894 -> output\figures\Figure_8.176_page_894_crop.png
2025-12-08 22:21:50,253 [INFO] usb_pd_parser:618 - Detected Figure 8.176 on page 894 (images:1)
2025-12-08 22:21:50,552 [INFO] usb_pd_parser:654 - Section started 8.3.3.19.4 'Policy Engine in Sink to Source Power Role Swap State Diagram' p897
2025-12-08 22:21:51,816 [INFO] usb_pd_parser:590 - Figure detected Figure 8.177 p898
2025-12-08 22:21:51,952 [INFO] usb_pd_parser:397 - Smart text-aware crop saved for Figure 8.177 p898 -> output\figures\Figure_8.177_page_898_crop.png
2025-12-08 22:21:51,952 [INFO] usb_pd_parser:618 - Detected Figure 8.177 on page 898 (images:1)
2025-12-08 22:21:52,300 [INFO] usb_pd_parser:654 - Section started 8.3.3.19.5 'Policy Engine in Source to Sink Fast Role Swap State Diagram' p901
2025-12-08 22:21:53,931 [INFO] usb_pd_parser:590 - Figure detected Figure 8.178 p902
2025-12-08 22:21:54,053 [INFO] usb_pd_parser:397 - Smart text-aware crop saved for Figure 8.178 p902 -> output\figures\Figure_8.178_page_902_crop.png
2025-12-08 22:21:54,053 [INFO] usb_pd_parser:618 - Detected Figure 8.178 on page 902 (images:1)
2025-12-08 22:21:54,291 [INFO] usb_pd_parser:654 - Section started 8.3.3.19.6 'Policy Engine in Sink to Source Fast Role Swap State Diagram' p905
2025-12-08 22:21:55,011 [INFO] usb_pd_parser:590 - Figure detected Figure 8.179 p906
2025-12-08 22:21:55,120 [INFO] usb_pd_parser:397 - Smart text-aware crop saved for Figure 8.179 p906 -> output\figures\Figure_8.179_page_906_crop.png
2025-12-08 22:21:55,120 [INFO] usb_pd_parser:618 - Detected Figure 8.179 on page 906 (images:1)
2025-12-08 22:21:56,619 [INFO] usb_pd_parser:654 - Section started 8.3.3.19.7 'Dual-Role (Source Port) Get Source Capabilities State Diagram' p909
2025-12-08 22:21:56,619 [INFO] usb_pd_parser:590 - Figure detected Figure 8.180 p909
2025-12-08 22:21:56,713 [INFO] usb_pd_parser:397 - Smart text-aware crop saved for Figure 8.180 p909 -> output\figures\Figure_8.180_page_909_crop.png
2025-12-08 22:21:56,713 [INFO] usb_pd_parser:618 - Detected Figure 8.180 on page 909 (images:1)
2025-12-08 22:21:57,951 [INFO] usb_pd_parser:654 - Section started 8.3.3.19.8 'Dual-Role (Source Port) Give Sink Capabilities State Diagram' p910
2025-12-08 22:21:57,951 [INFO] usb_pd_parser:590 - Figure detected Figure 8.181 p910
2025-12-08 22:21:58,021 [INFO] usb_pd_parser:397 - Smart text-aware crop saved for Figure 8.181 p910 -> output\figures\Figure_8.181_page_910_crop.png
2025-12-08 22:21:58,022 [INFO] usb_pd_parser:618 - Detected Figure 8.181 on page 910 (images:1)
2025-12-08 22:21:59,179 [INFO] usb_pd_parser:654 - Section started 8.3.3.19.9 'Dual-Role (Sink Port) Get Sink Capabilities State Diagram' p911
2025-12-08 22:21:59,179 [INFO] usb_pd_parser:590 - Figure detected Figure 8.182 p911
2025-12-08 22:21:59,254 [INFO] usb_pd_parser:397 - Smart text-aware crop saved for Figure 8.182 p911 -> output\figures\Figure_8.182_page_911_crop.png
2025-12-08 22:21:59,261 [INFO] usb_pd_parser:618 - Detected Figure 8.182 on page 911 (images:1)
2025-12-08 22:22:00,356 [INFO] usb_pd_parser:654 - Section started 8.3.3.19.10 'Dual-Role (Sink Port) Give Source Capabilities State Diagram' p912
2025-12-08 22:22:00,356 [INFO] usb_pd_parser:590 - Figure detected Figure 8.183 p912
2025-12-08 22:22:00,422 [INFO] usb_pd_parser:397 - Smart text-aware crop saved for Figure 8.183 p912 -> output\figures\Figure_8.183_page_912_crop.png
2025-12-08 22:22:00,422 [INFO] usb_pd_parser:618 - Detected Figure 8.183 on page 912 (images:1)
2025-12-08 22:22:01,524 [INFO] usb_pd_parser:654 - Section started 8.3.3.19.11 'Dual-Role (Source Port) Get Source Capabilities Extended State' p913
2025-12-08 22:22:01,539 [INFO] usb_pd_parser:590 - Figure detected Figure 8.184 p913
2025-12-08 22:22:01,606 [INFO] usb_pd_parser:397 - Smart text-aware crop saved for Figure 8.184 p913 -> output\figures\Figure_8.184_page_913_crop.png
2025-12-08 22:22:01,606 [INFO] usb_pd_parser:618 - Detected Figure 8.184 on page 913 (images:1)
2025-12-08 22:22:02,698 [INFO] usb_pd_parser:654 - Section started 8.3.3.19.12 'Dual-Role (Sink Port) Give Source Capabilities Extended State' p914
2025-12-08 22:22:02,698 [INFO] usb_pd_parser:590 - Figure detected Figure 8.185 p914
2025-12-08 22:22:02,771 [INFO] usb_pd_parser:397 - Smart text-aware crop saved for Figure 8.185 p914 -> output\figures\Figure_8.185_page_914_crop.png
2025-12-08 22:22:02,771 [INFO] usb_pd_parser:618 - Detected Figure 8.185 on page 914 (images:1)
2025-12-08 22:22:03,937 [INFO] usb_pd_parser:654 - Section started 8.3.3.19.13 'Dual-Role (Sink Port) Get Sink Capabilities Extended State Dia -' p915
2025-12-08 22:22:03,937 [INFO] usb_pd_parser:590 - Figure detected Figure 8.186 p915
2025-12-08 22:22:04,028 [INFO] usb_pd_parser:397 - Smart text-aware crop saved for Figure 8.186 p915 -> output\figures\Figure_8.186_page_915_crop.png
2025-12-08 22:22:04,028 [INFO] usb_pd_parser:618 - Detected Figure 8.186 on page 915 (images:1)
2025-12-08 22:22:05,108 [INFO] usb_pd_parser:654 - Section started 8.3.3.19.14 'Dual-Role (Source Port) Give Sink Capabilities Extended State' p916
2025-12-08 22:22:05,108 [INFO] usb_pd_parser:590 - Figure detected Figure 8.187 p916
2025-12-08 22:22:05,172 [INFO] usb_pd_parser:397 - Smart text-aware crop saved for Figure 8.187 p916 -> output\figures\Figure_8.187_page_916_crop.png
2025-12-08 22:22:05,172 [INFO] usb_pd_parser:618 - Detected Figure 8.187 on page 916 (images:1)
2025-12-08 22:22:06,402 [INFO] usb_pd_parser:654 - Section started 8.3.3.19.15 'Dual-Role (Source Port) Get Source Information State Diagram' p917
2025-12-08 22:22:06,402 [INFO] usb_pd_parser:590 - Figure detected Figure 8.188 p917
2025-12-08 22:22:06,488 [INFO] usb_pd_parser:397 - Smart text-aware crop saved for Figure 8.188 p917 -> output\figures\Figure_8.188_page_917_crop.png
2025-12-08 22:22:06,488 [INFO] usb_pd_parser:618 - Detected Figure 8.188 on page 917 (images:1)
2025-12-08 22:22:08,008 [INFO] usb_pd_parser:654 - Section started 8.3.3.19.16 'Dual-Role (Sink Port) Give Source Information State Diagram' p918
2025-12-08 22:22:08,014 [INFO] usb_pd_parser:590 - Figure detected Figure 8.189 p918
2025-12-08 22:22:08,119 [INFO] usb_pd_parser:397 - Smart text-aware crop saved for Figure 8.189 p918 -> output\figures\Figure_8.189_page_918_crop.png
2025-12-08 22:22:08,119 [INFO] usb_pd_parser:618 - Detected Figure 8.189 on page 918 (images:1)
2025-12-08 22:22:15,111 [INFO] usb_pd_parser:654 - Section started 8.3.3.20 'V Swap State Diagram' p919
2025-12-08 22:22:15,111 [INFO] usb_pd_parser:590 - Figure detected Figure 8.190 p919
2025-12-08 22:22:15,385 [INFO] usb_pd_parser:397 - Smart text-aware crop saved for Figure 8.190 p919 -> output\figures\Figure_8.190_page_919_crop.png
2025-12-08 22:22:15,385 [INFO] usb_pd_parser:618 - Detected Figure 8.190 on page 919 (images:1)
2025-12-08 22:22:15,651 [INFO] usb_pd_parser:654 - Section started 8.3.3.21 'Initiator Structured VDM State Diagrams' p921
2025-12-08 22:22:18,686 [INFO] usb_pd_parser:654 - Section started 8.3.3.21.1 'Initiator Structured VDM Discover Identity State Diagram' p922
2025-12-08 22:22:18,686 [INFO] usb_pd_parser:590 - Figure detected Figure 8.191 p922
2025-12-08 22:22:18,869 [INFO] usb_pd_parser:397 - Smart text-aware crop saved for Figure 8.191 p922 -> output\figures\Figure_8.191_page_922_crop.png
2025-12-08 22:22:18,869 [INFO] usb_pd_parser:618 - Detected Figure 8.191 on page 922 (images:1)
2025-12-08 22:22:22,453 [INFO] usb_pd_parser:654 - Section started 8.3.3.21.2 'Initiator Structured VDM Discover SVIDs State Diagram' p924
2025-12-08 22:22:22,463 [INFO] usb_pd_parser:590 - Figure detected Figure 8.192 p924
2025-12-08 22:22:22,595 [INFO] usb_pd_parser:397 - Smart text-aware crop saved for Figure 8.192 p924 -> output\figures\Figure_8.192_page_924_crop.png
2025-12-08 22:22:22,595 [INFO] usb_pd_parser:618 - Detected Figure 8.192 on page 924 (images:1)
2025-12-08 22:22:24,942 [INFO] usb_pd_parser:654 - Section started 8.3.3.21.3 'Initiator Structured VDM Discover Modes State Diagram' p926
2025-12-08 22:22:24,942 [INFO] usb_pd_parser:590 - Figure detected Figure 8.193 p926
2025-12-08 22:22:25,062 [INFO] usb_pd_parser:397 - Smart text-aware crop saved for Figure 8.193 p926 -> output\figures\Figure_8.193_page_926_crop.png
2025-12-08 22:22:25,076 [INFO] usb_pd_parser:618 - Detected Figure 8.193 on page 926 (images:1)
2025-12-08 22:22:26,297 [INFO] usb_pd_parser:654 - Section started 8.3.3.21.4 'Initiator Structured VDM Attention State Diagram' p928
2025-12-08 22:22:26,297 [INFO] usb_pd_parser:590 - Figure detected Figure 8.194 p928
2025-12-08 22:22:26,397 [INFO] usb_pd_parser:397 - Smart text-aware crop saved for Figure 8.194 p928 -> output\figures\Figure_8.194_page_928_crop.png
2025-12-08 22:22:26,397 [INFO] usb_pd_parser:618 - Detected Figure 8.194 on page 928 (images:1)
2025-12-08 22:22:28,315 [INFO] usb_pd_parser:654 - Section started 8.3.3.22 'Responder Structured VDM State Diagrams' p929
2025-12-08 22:22:28,315 [INFO] usb_pd_parser:654 - Section started 8.3.3.22.1 'Responder Structured VDM Discover Identity State Diagram' p929
2025-12-08 22:22:28,315 [INFO] usb_pd_parser:590 - Figure detected Figure 8.195 p929
2025-12-08 22:22:28,412 [INFO] usb_pd_parser:397 - Smart text-aware crop saved for Figure 8.195 p929 -> output\figures\Figure_8.195_page_929_crop.png
2025-12-08 22:22:28,412 [INFO] usb_pd_parser:618 - Detected Figure 8.195 on page 929 (images:1)
2025-12-08 22:22:30,302 [INFO] usb_pd_parser:654 - Section started 8.3.3.22.2 'Responder Structured VDM Discover SVIDs State Diagram' p930
2025-12-08 22:22:30,302 [INFO] usb_pd_parser:590 - Figure detected Figure 8.196 p930
2025-12-08 22:22:30,395 [INFO] usb_pd_parser:397 - Smart text-aware crop saved for Figure 8.196 p930 -> output\figures\Figure_8.196_page_930_crop.png
2025-12-08 22:22:30,395 [INFO] usb_pd_parser:618 - Detected Figure 8.196 on page 930 (images:1)
2025-12-08 22:22:32,346 [INFO] usb_pd_parser:654 - Section started 8.3.3.22.3 'Responder Structured VDM Discover Modes State Diagram' p931
2025-12-08 22:22:32,346 [INFO] usb_pd_parser:590 - Figure detected Figure 8.197 p931
2025-12-08 22:22:32,463 [INFO] usb_pd_parser:397 - Smart text-aware crop saved for Figure 8.197 p931 -> output\figures\Figure_8.197_page_931_crop.png
2025-12-08 22:22:32,463 [INFO] usb_pd_parser:618 - Detected Figure 8.197 on page 931 (images:1)
2025-12-08 22:22:33,842 [INFO] usb_pd_parser:654 - Section started 8.3.3.22.4 'Receiving a Structured VDM Attention State Diagram' p932
2025-12-08 22:22:33,858 [INFO] usb_pd_parser:590 - Figure detected Figure 8.198 p932
2025-12-08 22:22:33,969 [INFO] usb_pd_parser:397 - Smart text-aware crop saved for Figure 8.198 p932 -> output\figures\Figure_8.198_page_932_crop.png
2025-12-08 22:22:33,974 [INFO] usb_pd_parser:618 - Detected Figure 8.198 on page 932 (images:1)
2025-12-08 22:22:36,359 [INFO] usb_pd_parser:654 - Section started 8.3.3.23 'DFP Structured VDM State Diagrams' p933
2025-12-08 22:22:36,359 [INFO] usb_pd_parser:654 - Section started 8.3.3.23.1 'DFP Structured VDM Mode Entry State Diagram' p933
2025-12-08 22:22:36,359 [INFO] usb_pd_parser:590 - Figure detected Figure 8.199 p933
2025-12-08 22:22:36,503 [INFO] usb_pd_parser:397 - Smart text-aware crop saved for Figure 8.199 p933 -> output\figures\Figure_8.199_page_933_crop.png
2025-12-08 22:22:36,519 [INFO] usb_pd_parser:618 - Detected Figure 8.199 on page 933 (images:1)
2025-12-08 22:22:38,688 [INFO] usb_pd_parser:654 - Section started 8.3.3.23.2 'DFP Structured VDM Mode Exit State Diagram' p935
2025-12-08 22:22:38,688 [INFO] usb_pd_parser:590 - Figure detected Figure 8.200 p935
2025-12-08 22:22:38,828 [INFO] usb_pd_parser:397 - Smart text-aware crop saved for Figure 8.200 p935 -> output\figures\Figure_8.200_page_935_crop.png
2025-12-08 22:22:38,828 [INFO] usb_pd_parser:618 - Detected Figure 8.200 on page 935 (images:1)
2025-12-08 22:22:38,974 [INFO] usb_pd_parser:654 - Section started 8.3.3.24 'UFP Structured VDM State Diagrams' p937
2025-12-08 22:22:38,974 [INFO] usb_pd_parser:654 - Section started 8.3.3.24.1 'UFP Structured VDM Enter Mode State Diagram' p937
2025-12-08 22:22:38,974 [INFO] usb_pd_parser:590 - Figure detected Figure 8.201 p937
2025-12-08 22:22:39,023 [INFO] usb_pd_parser:397 - Smart text-aware crop saved for Figure 8.201 p937 -> output\figures\Figure_8.201_page_937_crop.png
2025-12-08 22:22:39,023 [INFO] usb_pd_parser:618 - Detected Figure 8.201 on page 937 (images:1)
2025-12-08 22:22:39,255 [INFO] usb_pd_parser:654 - Section started 8.3.3.24.2 'UFP Structured VDM Exit Mode State Diagram' p939
2025-12-08 22:22:39,255 [INFO] usb_pd_parser:590 - Figure detected Figure 8.202 p939
2025-12-08 22:22:39,306 [INFO] usb_pd_parser:397 - Smart text-aware crop saved for Figure 8.202 p939 -> output\figures\Figure_8.202_page_939_crop.png
2025-12-08 22:22:39,320 [INFO] usb_pd_parser:618 - Detected Figure 8.202 on page 939 (images:1)
2025-12-08 22:22:39,453 [INFO] usb_pd_parser:654 - Section started 8.3.3.25 'Cable Plug Specific State Diagrams' p941
2025-12-08 22:22:39,454 [INFO] usb_pd_parser:654 - Section started 8.3.3.25.1 'Cable Plug Cable Ready State Diagram' p941
2025-12-08 22:22:39,454 [INFO] usb_pd_parser:590 - Figure detected Figure 8.203 p941
2025-12-08 22:22:39,477 [INFO] usb_pd_parser:397 - Smart text-aware crop saved for Figure 8.203 p941 -> output\figures\Figure_8.203_page_941_crop.png
2025-12-08 22:22:39,487 [INFO] usb_pd_parser:618 - Detected Figure 8.203 on page 941 (images:1)
2025-12-08 22:22:40,255 [INFO] usb_pd_parser:654 - Section started 8.3.3.25.2 'Soft/Hard/Cable Reset' p942
2025-12-08 22:22:40,255 [INFO] usb_pd_parser:654 - Section started 8.3.3.25.2.1 'Cable Plug Soft Reset State Diagram' p942
2025-12-08 22:22:40,255 [INFO] usb_pd_parser:590 - Figure detected Figure 8.204 p942
2025-12-08 22:22:40,353 [INFO] usb_pd_parser:397 - Smart text-aware crop saved for Figure 8.204 p942 -> output\figures\Figure_8.204_page_942_crop.png
2025-12-08 22:22:40,355 [INFO] usb_pd_parser:618 - Detected Figure 8.204 on page 942 (images:1)
2025-12-08 22:22:40,906 [INFO] usb_pd_parser:654 - Section started 8.3.3.25.2.2 'Cable Plug Hard Reset State Diagram' p943
2025-12-08 22:22:40,907 [INFO] usb_pd_parser:590 - Figure detected Figure 8.205 p943
2025-12-08 22:22:40,971 [INFO] usb_pd_parser:397 - Smart text-aware crop saved for Figure 8.205 p943 -> output\figures\Figure_8.205_page_943_crop.png
2025-12-08 22:22:40,971 [INFO] usb_pd_parser:618 - Detected Figure 8.205 on page 943 (images:1)
2025-12-08 22:22:43,296 [INFO] usb_pd_parser:590 - Figure detected Figure 8.206 p944
2025-12-08 22:22:43,404 [INFO] usb_pd_parser:397 - Smart text-aware crop saved for Figure 8.206 p944 -> output\figures\Figure_8.206_page_944_crop.png
2025-12-08 22:22:43,404 [INFO] usb_pd_parser:618 - Detected Figure 8.206 on page 944 (images:1)
2025-12-08 22:22:44,824 [INFO] usb_pd_parser:590 - Figure detected Figure 8.207 p946
2025-12-08 22:22:44,912 [INFO] usb_pd_parser:397 - Smart text-aware crop saved for Figure 8.207 p946 -> output\figures\Figure_8.207_page_946_crop.png
2025-12-08 22:22:44,912 [INFO] usb_pd_parser:618 - Detected Figure 8.207 on page 946 (images:1)
2025-12-08 22:22:46,607 [INFO] usb_pd_parser:654 - Section started 8.3.3.25.3 'Source Startup Structured VDM Discover Identity of a Cable Plug' p947
2025-12-08 22:22:46,607 [INFO] usb_pd_parser:590 - Figure detected Figure 8.208 p947
2025-12-08 22:22:46,728 [INFO] usb_pd_parser:397 - Smart text-aware crop saved for Figure 8.208 p947 -> output\figures\Figure_8.208_page_947_crop.png
2025-12-08 22:22:46,728 [INFO] usb_pd_parser:618 - Detected Figure 8.208 on page 947 (images:1)
2025-12-08 22:22:46,987 [INFO] usb_pd_parser:654 - Section started 8.3.3.25.4 'Cable Plug Mode Entry/Exit' p949
2025-12-08 22:22:46,987 [INFO] usb_pd_parser:654 - Section started 8.3.3.25.4.1 'Cable Plug Structured VDM Enter Mode State Diagram' p949
2025-12-08 22:22:46,987 [INFO] usb_pd_parser:590 - Figure detected Figure 8.209 p949
2025-12-08 22:22:47,027 [INFO] usb_pd_parser:397 - Smart text-aware crop saved for Figure 8.209 p949 -> output\figures\Figure_8.209_page_949_crop.png
2025-12-08 22:22:47,034 [INFO] usb_pd_parser:618 - Detected Figure 8.209 on page 949 (images:1)
2025-12-08 22:22:47,239 [INFO] usb_pd_parser:654 - Section started 8.3.3.25.4.2 'Cable Plug Structured VDM Exit Mode State Diagram' p951
2025-12-08 22:22:47,239 [INFO] usb_pd_parser:590 - Figure detected Figure 8.210 p951
2025-12-08 22:22:47,304 [INFO] usb_pd_parser:397 - Smart text-aware crop saved for Figure 8.210 p951 -> output\figures\Figure_8.210_page_951_crop.png
2025-12-08 22:22:47,307 [INFO] usb_pd_parser:618 - Detected Figure 8.210 on page 951 (images:1)
2025-12-08 22:22:52,721 [INFO] usb_pd_parser:654 - Section started 8.3.3.26 'EPR Mode State Diagrams' p953
2025-12-08 22:22:52,721 [INFO] usb_pd_parser:654 - Section started 8.3.3.26.1 'Source EPR Mode Entry State Diagram' p953
2025-12-08 22:22:52,723 [INFO] usb_pd_parser:590 - Figure detected Figure 8.211 p953
2025-12-08 22:22:53,052 [INFO] usb_pd_parser:397 - Smart text-aware crop saved for Figure 8.211 p953 -> output\figures\Figure_8.211_page_953_crop.png
2025-12-08 22:22:53,067 [INFO] usb_pd_parser:618 - Detected Figure 8.211 on page 953 (images:1)
2025-12-08 22:22:56,645 [INFO] usb_pd_parser:654 - Section started 8.3.3.26.2 'Sink EPR Mode Entry State Diagram' p956
2025-12-08 22:22:56,645 [INFO] usb_pd_parser:590 - Figure detected Figure 8.212 p956
2025-12-08 22:22:56,835 [INFO] usb_pd_parser:397 - Smart text-aware crop saved for Figure 8.212 p956 -> output\figures\Figure_8.212_page_956_crop.png
2025-12-08 22:22:56,835 [INFO] usb_pd_parser:618 - Detected Figure 8.212 on page 956 (images:1)
2025-12-08 22:22:59,278 [INFO] usb_pd_parser:654 - Section started 8.3.3.26.3 'Source EPR Mode Exit State Diagram' p958
2025-12-08 22:22:59,279 [INFO] usb_pd_parser:590 - Figure detected Figure 8.213 p958
2025-12-08 22:22:59,394 [INFO] usb_pd_parser:397 - Smart text-aware crop saved for Figure 8.213 p958 -> output\figures\Figure_8.213_page_958_crop.png
2025-12-08 22:22:59,394 [INFO] usb_pd_parser:618 - Detected Figure 8.213 on page 958 (images:1)
2025-12-08 22:23:01,253 [INFO] usb_pd_parser:654 - Section started 8.3.3.26.4 'Sink EPR Mode Exit State Diagram' p959
2025-12-08 22:23:01,253 [INFO] usb_pd_parser:590 - Figure detected Figure 8.214 p959
2025-12-08 22:23:01,386 [INFO] usb_pd_parser:397 - Smart text-aware crop saved for Figure 8.214 p959 -> output\figures\Figure_8.214_page_959_crop.png
2025-12-08 22:23:01,386 [INFO] usb_pd_parser:618 - Detected Figure 8.214 on page 959 (images:1)
2025-12-08 22:23:04,644 [INFO] usb_pd_parser:654 - Section started 8.3.3.27 'BIST State diagrams' p960
2025-12-08 22:23:04,645 [INFO] usb_pd_parser:654 - Section started 8.3.3.27.1 'BIST Carrier Mode State Diagram' p960
2025-12-08 22:23:04,645 [INFO] usb_pd_parser:590 - Figure detected Figure 8.215 p960
2025-12-08 22:23:04,929 [INFO] usb_pd_parser:397 - Smart text-aware crop saved for Figure 8.215 p960 -> output\figures\Figure_8.215_page_960_crop.png
2025-12-08 22:23:04,929 [INFO] usb_pd_parser:618 - Detected Figure 8.215 on page 960 (images:1)
2025-12-08 22:23:10,331 [INFO] usb_pd_parser:654 - Section started 8.3.3.27.2 'BIST Test Data Mode State Diagram' p962
2025-12-08 22:23:10,331 [INFO] usb_pd_parser:590 - Figure detected Figure 8.216 p962
2025-12-08 22:23:10,992 [INFO] usb_pd_parser:397 - Smart text-aware crop saved for Figure 8.216 p962 -> output\figures\Figure_8.216_page_962_crop.png
2025-12-08 22:23:11,000 [INFO] usb_pd_parser:618 - Detected Figure 8.216 on page 962 (images:1)
2025-12-08 22:23:16,383 [INFO] usb_pd_parser:654 - Section started 8.3.3.27.3 'BIST Shared Capacity Test Mode State Diagram' p964
2025-12-08 22:23:16,392 [INFO] usb_pd_parser:590 - Figure detected Figure 8.217 p964
2025-12-08 22:23:16,682 [INFO] usb_pd_parser:397 - Smart text-aware crop saved for Figure 8.217 p964 -> output\figures\Figure_8.217_page_964_crop.png
2025-12-08 22:23:16,682 [INFO] usb_pd_parser:618 - Detected Figure 8.217 on page 964 (images:1)
2025-12-08 22:23:16,845 [INFO] usb_pd_parser:654 - Section started 8.3.3.28 'USB Type-C Referenced States' p965
2025-12-08 22:23:16,845 [INFO] usb_pd_parser:654 - Section started 8.3.3.28.1 'ErrorRecovery state' p965
2025-12-08 22:23:17,166 [INFO] usb_pd_parser:654 - Section started 8.3.3.29 'Policy Engine States' p966
2025-12-08 22:23:17,174 [INFO] usb_pd_parser:543 - Table detected Table 8.154 p966
2025-12-08 22:24:07,387 [INFO] usb_pd_parser:430 - Camelot extracted 1 tables on page 966
2025-12-08 22:24:07,387 [INFO] usb_pd_parser:573 - Detected Table 8.154 on page 966 (rows:34)
2025-12-08 22:24:07,547 [INFO] usb_pd_parser:543 - Table detected Table 8.154 p967
2025-12-08 22:24:09,628 [INFO] usb_pd_parser:430 - Camelot extracted 1 tables on page 967
2025-12-08 22:24:09,628 [INFO] usb_pd_parser:573 - Detected Table 8.154 on page 967 (rows:40)
2025-12-08 22:24:09,787 [INFO] usb_pd_parser:543 - Table detected Table 8.154 p968
2025-12-08 22:24:11,462 [INFO] usb_pd_parser:430 - Camelot extracted 1 tables on page 968
2025-12-08 22:24:11,462 [INFO] usb_pd_parser:573 - Detected Table 8.154 on page 968 (rows:42)
2025-12-08 22:24:11,618 [INFO] usb_pd_parser:543 - Table detected Table 8.154 p969
2025-12-08 22:24:13,138 [INFO] usb_pd_parser:430 - Camelot extracted 1 tables on page 969
2025-12-08 22:24:13,138 [INFO] usb_pd_parser:573 - Detected Table 8.154 on page 969 (rows:38)
2025-12-08 22:24:13,275 [INFO] usb_pd_parser:543 - Table detected Table 8.154 p970
2025-12-08 22:24:14,783 [INFO] usb_pd_parser:430 - Camelot extracted 1 tables on page 970
2025-12-08 22:24:14,783 [INFO] usb_pd_parser:573 - Detected Table 8.154 on page 970 (rows:40)
2025-12-08 22:24:14,926 [INFO] usb_pd_parser:543 - Table detected Table 8.154 p971
2025-12-08 22:24:16,435 [INFO] usb_pd_parser:430 - Camelot extracted 1 tables on page 971
2025-12-08 22:24:16,435 [INFO] usb_pd_parser:573 - Detected Table 8.154 on page 971 (rows:40)
2025-12-08 22:24:16,560 [INFO] usb_pd_parser:543 - Table detected Table 8.154 p972
2025-12-08 22:25:19,955 [INFO] usb_pd_parser:430 - Camelot extracted 1 tables on page 972
2025-12-08 22:25:19,970 [INFO] usb_pd_parser:573 - Detected Table 8.154 on page 972 (rows:35)
2025-12-08 22:25:20,434 [INFO] usb_pd_parser:543 - Table detected Table 8.154 p973
2025-12-08 22:25:25,103 [INFO] usb_pd_parser:430 - Camelot extracted 1 tables on page 973
2025-12-08 22:25:25,123 [INFO] usb_pd_parser:573 - Detected Table 8.154 on page 973 (rows:39)
2025-12-08 22:25:25,305 [INFO] usb_pd_parser:543 - Table detected Table 8.154 p974
2025-12-08 22:25:29,651 [INFO] usb_pd_parser:430 - Camelot extracted 1 tables on page 974
2025-12-08 22:25:29,667 [INFO] usb_pd_parser:573 - Detected Table 8.154 on page 974 (rows:13)
2025-12-08 22:25:30,094 [INFO] usb_pd_parser:654 - Section started 9 'States and Status Reporting' p975
2025-12-08 22:25:30,094 [INFO] usb_pd_parser:654 - Section started 9.1 'Overview' p975
2025-12-08 22:25:30,173 [INFO] usb_pd_parser:590 - Figure detected Figure 9.1 p976
2025-12-08 22:25:30,438 [INFO] usb_pd_parser:397 - Smart text-aware crop saved for Figure 9.1 p976 -> output\figures\Figure_9.1_page_976_crop.png
2025-12-08 22:25:30,447 [INFO] usb_pd_parser:618 - Detected Figure 9.1 on page 976 (images:1)
2025-12-08 22:25:30,536 [INFO] usb_pd_parser:590 - Figure detected Figure 9.2 p977
2025-12-08 22:25:30,639 [INFO] usb_pd_parser:397 - Smart text-aware crop saved for Figure 9.2 p977 -> output\figures\Figure_9.2_page_977_crop.png
2025-12-08 22:25:30,652 [INFO] usb_pd_parser:618 - Detected Figure 9.2 on page 977 (images:1)
2025-12-08 22:25:31,117 [INFO] usb_pd_parser:590 - Figure detected Figure 9.3 p978
2025-12-08 22:25:31,335 [INFO] usb_pd_parser:397 - Smart text-aware crop saved for Figure 9.3 p978 -> output\figures\Figure_9.3_page_978_crop.png
2025-12-08 22:25:31,335 [INFO] usb_pd_parser:618 - Detected Figure 9.3 on page 978 (images:1)
2025-12-08 22:25:31,449 [INFO] usb_pd_parser:654 - Section started 9.1.1 'PDUSB Device and Hub Requirements' p979
2025-12-08 22:25:32,365 [INFO] usb_pd_parser:654 - Section started 9.1.2 'Mapping to USB Device States' p980
2025-12-08 22:25:32,367 [INFO] usb_pd_parser:590 - Figure detected Figure 9.4 p980
2025-12-08 22:25:32,570 [INFO] usb_pd_parser:397 - Smart text-aware crop saved for Figure 9.4 p980 -> output\figures\Figure_9.4_page_980_crop.png
2025-12-08 22:25:32,570 [INFO] usb_pd_parser:618 - Detected Figure 9.4 on page 980 (images:1)
2025-12-08 22:25:33,714 [INFO] usb_pd_parser:590 - Figure detected Figure 9.5 p981
2025-12-08 22:25:33,835 [INFO] usb_pd_parser:397 - Smart text-aware crop saved for Figure 9.5 p981 -> output\figures\Figure_9.5_page_981_crop.png
2025-12-08 22:25:33,835 [INFO] usb_pd_parser:618 - Detected Figure 9.5 on page 981 (images:1)
2025-12-08 22:25:33,835 [INFO] usb_pd_parser:590 - Figure detected Figure 9.6 p981
2025-12-08 22:25:33,972 [INFO] usb_pd_parser:397 - Smart text-aware crop saved for Figure 9.6 p981 -> output\figures\Figure_9.6_page_981_crop.png
2025-12-08 22:25:33,972 [INFO] usb_pd_parser:618 - Detected Figure 9.6 on page 981 (images:1)
2025-12-08 22:25:34,548 [INFO] usb_pd_parser:590 - Figure detected Figure 9.7 p982
2025-12-08 22:25:34,692 [INFO] usb_pd_parser:397 - Smart text-aware crop saved for Figure 9.7 p982 -> output\figures\Figure_9.7_page_982_crop.png
2025-12-08 22:25:34,692 [INFO] usb_pd_parser:618 - Detected Figure 9.7 on page 982 (images:1)
2025-12-08 22:25:34,820 [INFO] usb_pd_parser:654 - Section started 9.1.3 'PD Software Stack' p983
2025-12-08 22:25:34,820 [INFO] usb_pd_parser:590 - Figure detected Figure 9.8 p983
2025-12-08 22:25:34,925 [INFO] usb_pd_parser:397 - Smart text-aware crop saved for Figure 9.8 p983 -> output\figures\Figure_9.8_page_983_crop.png
2025-12-08 22:25:34,925 [INFO] usb_pd_parser:618 - Detected Figure 9.8 on page 983 (images:1)
2025-12-08 22:25:35,244 [INFO] usb_pd_parser:654 - Section started 9.1.4 'PDUSB Device Enumeration' p984
2025-12-08 22:25:35,244 [INFO] usb_pd_parser:590 - Figure detected Figure 9.9 p984
2025-12-08 22:25:35,358 [INFO] usb_pd_parser:397 - Smart text-aware crop saved for Figure 9.9 p984 -> output\figures\Figure_9.9_page_984_crop.png
2025-12-08 22:25:35,358 [INFO] usb_pd_parser:618 - Detected Figure 9.9 on page 984 (images:1)
2025-12-08 22:25:35,509 [INFO] usb_pd_parser:654 - Section started 9.2 'PD Specific Descriptors' p985
2025-12-08 22:25:35,509 [INFO] usb_pd_parser:543 - Table detected Table 9.1 p985
2025-12-08 22:25:39,661 [INFO] usb_pd_parser:430 - Camelot extracted 1 tables on page 985
2025-12-08 22:25:39,676 [INFO] usb_pd_parser:573 - Detected Table 9.1 on page 985 (rows:5)
2025-12-08 22:25:40,069 [INFO] usb_pd_parser:654 - Section started 9.2.1 'USB Power Delivery Capability Descriptor' p986
2025-12-08 22:25:40,069 [INFO] usb_pd_parser:543 - Table detected Table 9.2 p986
2025-12-08 22:25:44,805 [INFO] usb_pd_parser:430 - Camelot extracted 1 tables on page 986
2025-12-08 22:25:44,820 [INFO] usb_pd_parser:573 - Detected Table 9.2 on page 986 (rows:24)
2025-12-08 22:25:45,241 [INFO] usb_pd_parser:543 - Table detected Table 9.2 p987
2025-12-08 22:25:52,210 [INFO] usb_pd_parser:430 - Camelot extracted 2 tables on page 987
2025-12-08 22:25:52,215 [INFO] usb_pd_parser:573 - Detected Table 9.2 on page 987 (rows:4)
2025-12-08 22:25:52,215 [INFO] usb_pd_parser:573 - Detected Table 9.2 on page 987 (rows:13)
2025-12-08 22:25:52,215 [INFO] usb_pd_parser:654 - Section started 9.2.2 'Battery Info Capability Descriptor' p987
2025-12-08 22:25:52,215 [INFO] usb_pd_parser:543 - Table detected Table 9.3 p987
2025-12-08 22:25:56,388 [INFO] usb_pd_parser:430 - Camelot extracted 2 tables on page 987
2025-12-08 22:25:56,398 [INFO] usb_pd_parser:573 - Detected Table 9.3 on page 987 (rows:4)
2025-12-08 22:25:56,402 [INFO] usb_pd_parser:573 - Detected Table 9.3 on page 987 (rows:13)
2025-12-08 22:25:56,566 [INFO] usb_pd_parser:654 - Section started 9.2.3 'PD Consumer Port Capability Descriptor' p988
2025-12-08 22:25:56,566 [INFO] usb_pd_parser:543 - Table detected Table 9.4 p988
2025-12-08 22:25:58,726 [INFO] usb_pd_parser:430 - Camelot extracted 1 tables on page 988
2025-12-08 22:25:58,729 [INFO] usb_pd_parser:573 - Detected Table 9.4 on page 988 (rows:17)
2025-12-08 22:25:58,869 [INFO] usb_pd_parser:654 - Section started 9.2.4 'PD Provider Port Capability Descriptor' p989
2025-12-08 22:25:58,869 [INFO] usb_pd_parser:543 - Table detected Table 9.5 p989
2025-12-08 22:26:01,170 [INFO] usb_pd_parser:430 - Camelot extracted 1 tables on page 989
2025-12-08 22:26:01,183 [INFO] usb_pd_parser:573 - Detected Table 9.5 on page 989 (rows:16)
2025-12-08 22:26:01,390 [INFO] usb_pd_parser:654 - Section started 9.3 'PD Specific Requests and Events' p990
2025-12-08 22:26:01,393 [INFO] usb_pd_parser:654 - Section started 9.3.1 'PD Specific Requests' p990
2025-12-08 22:26:01,393 [INFO] usb_pd_parser:543 - Table detected Table 9.6 p990
2025-12-08 22:26:28,030 [INFO] usb_pd_parser:430 - Camelot extracted 1 tables on page 990
2025-12-08 22:26:28,040 [INFO] usb_pd_parser:573 - Detected Table 9.6 on page 990 (rows:33)
2025-12-08 22:26:28,040 [INFO] usb_pd_parser:543 - Table detected Table 9.7 p990
2025-12-08 22:26:34,365 [INFO] usb_pd_parser:430 - Camelot extracted 1 tables on page 990
2025-12-08 22:26:34,365 [INFO] usb_pd_parser:573 - Detected Table 9.7 on page 990 (rows:33)
2025-12-08 22:26:34,381 [INFO] usb_pd_parser:543 - Table detected Table 9.8 p990
2025-12-08 22:26:42,687 [INFO] usb_pd_parser:430 - Camelot extracted 1 tables on page 990
2025-12-08 22:26:42,691 [INFO] usb_pd_parser:573 - Detected Table 9.8 on page 990 (rows:33)
2025-12-08 22:26:43,142 [INFO] usb_pd_parser:654 - Section started 9.4 'PDUSB Hub and PDUSB Peripheral Device Requests' p991
2025-12-08 22:26:43,142 [INFO] usb_pd_parser:654 - Section started 9.4.1 'GetBatteryStatus' p991
2025-12-08 22:26:43,142 [INFO] usb_pd_parser:543 - Table detected Table 9.9 p991
2025-12-08 22:26:49,755 [INFO] usb_pd_parser:430 - Camelot extracted 1 tables on page 991
2025-12-08 22:26:49,764 [INFO] usb_pd_parser:573 - Detected Table 9.9 on page 991 (rows:20)
2025-12-08 22:26:49,764 [INFO] usb_pd_parser:543 - Table detected Table 9.10 p991
2025-12-08 22:26:55,090 [INFO] usb_pd_parser:430 - Camelot extracted 1 tables on page 991
2025-12-08 22:26:55,103 [INFO] usb_pd_parser:573 - Detected Table 9.10 on page 991 (rows:20)
2025-12-08 22:26:55,700 [INFO] usb_pd_parser:543 - Table detected Table 9.10 p992
2025-12-08 22:27:01,736 [INFO] usb_pd_parser:430 - Camelot extracted 1 tables on page 992
2025-12-08 22:27:01,747 [INFO] usb_pd_parser:573 - Detected Table 9.10 on page 992 (rows:9)
2025-12-08 22:27:01,747 [INFO] usb_pd_parser:654 - Section started 9.4.2 'SetPDFeature' p992
2025-12-08 22:27:01,753 [INFO] usb_pd_parser:543 - Table detected Table 9.11 p992
2025-12-08 22:27:08,468 [INFO] usb_pd_parser:430 - Camelot extracted 1 tables on page 992
2025-12-08 22:27:08,479 [INFO] usb_pd_parser:573 - Detected Table 9.11 on page 992 (rows:9)
2025-12-08 22:27:08,781 [INFO] usb_pd_parser:543 - Table detected Table 9.12 p993
2025-12-08 22:27:13,992 [INFO] usb_pd_parser:430 - Camelot extracted 1 tables on page 993
2025-12-08 22:27:13,992 [INFO] usb_pd_parser:573 - Detected Table 9.12 on page 993 (rows:5)
2025-12-08 22:27:14,427 [INFO] usb_pd_parser:543 - Table detected Table 9.13 p994
2025-12-08 22:27:18,888 [INFO] usb_pd_parser:430 - Camelot extracted 1 tables on page 994
2025-12-08 22:27:18,899 [INFO] usb_pd_parser:573 - Detected Table 9.13 on page 994 (rows:6)
2025-12-08 22:27:19,260 [INFO] usb_pd_parser:654 - Section started 10 'Power Rules' p995
2025-12-08 22:27:19,260 [INFO] usb_pd_parser:654 - Section started 10.1 'Introduction' p995
2025-12-08 22:27:19,262 [INFO] usb_pd_parser:654 - Section started 10.2 'Source Power Rules' p995
2025-12-08 22:27:19,447 [INFO] usb_pd_parser:654 - Section started 10.2.1 'Source Power Rule Considerations' p996
2025-12-08 22:27:19,447 [INFO] usb_pd_parser:543 - Table detected Table 10.1 p996
2025-12-08 22:28:18,794 [INFO] usb_pd_parser:430 - Camelot extracted 1 tables on page 996
2025-12-08 22:28:18,823 [INFO] usb_pd_parser:573 - Detected Table 10.1 on page 996 (rows:10)
2025-12-08 22:28:19,191 [INFO] usb_pd_parser:654 - Section started 10.2.2 'Normative Voltages and Currents' p997
2025-12-08 22:28:19,193 [INFO] usb_pd_parser:543 - Table detected Table 10.2 p997
2025-12-08 22:28:24,675 [INFO] usb_pd_parser:430 - Camelot extracted 1 tables on page 997
2025-12-08 22:28:24,685 [INFO] usb_pd_parser:573 - Detected Table 10.2 on page 997 (rows:7)
2025-12-08 22:28:25,237 [INFO] usb_pd_parser:543 - Table detected Table 10.3 p998
2025-12-08 22:28:31,528 [INFO] usb_pd_parser:430 - Camelot extracted 1 tables on page 998
2025-12-08 22:28:31,536 [INFO] usb_pd_parser:573 - Detected Table 10.3 on page 998 (rows:7)
2025-12-08 22:28:31,899 [INFO] usb_pd_parser:543 - Table detected Table 10.4 p999
2025-12-08 22:28:37,547 [INFO] usb_pd_parser:430 - Camelot extracted 1 tables on page 999
2025-12-08 22:28:37,555 [INFO] usb_pd_parser:573 - Detected Table 10.4 on page 999 (rows:14)
2025-12-08 22:28:37,788 [INFO] usb_pd_parser:654 - Section started 10.2.2.1 'Fixed Supply PDOs' p1000
2025-12-08 22:28:37,788 [INFO] usb_pd_parser:590 - Figure detected Figure 10.1 p1000
2025-12-08 22:28:38,006 [INFO] usb_pd_parser:397 - Smart text-aware crop saved for Figure 10.1 p1000 -> output\figures\Figure_10.1_page_1000_crop.png
2025-12-08 22:28:38,011 [INFO] usb_pd_parser:618 - Detected Figure 10.1 on page 1000 (images:1)
2025-12-08 22:28:38,343 [INFO] usb_pd_parser:590 - Figure detected Figure 10.2 p1001
2025-12-08 22:28:38,444 [INFO] usb_pd_parser:397 - Smart text-aware crop saved for Figure 10.2 p1001 -> output\figures\Figure_10.2_page_1001_crop.png
2025-12-08 22:28:38,446 [INFO] usb_pd_parser:618 - Detected Figure 10.2 on page 1001 (images:1)
2025-12-08 22:28:38,448 [INFO] usb_pd_parser:543 - Table detected Table 10.5 p1001
2025-12-08 22:28:44,087 [INFO] usb_pd_parser:430 - Camelot extracted 2 tables on page 1001
2025-12-08 22:28:44,096 [INFO] usb_pd_parser:573 - Detected Table 10.5 on page 1001 (rows:6)
2025-12-08 22:28:44,096 [INFO] usb_pd_parser:573 - Detected Table 10.5 on page 1001 (rows:17)
2025-12-08 22:28:44,423 [INFO] usb_pd_parser:543 - Table detected Table 10.6 p1002
2025-12-08 22:28:49,805 [INFO] usb_pd_parser:430 - Camelot extracted 3 tables on page 1002
2025-12-08 22:28:49,821 [INFO] usb_pd_parser:573 - Detected Table 10.6 on page 1002 (rows:11)
2025-12-08 22:28:49,823 [INFO] usb_pd_parser:573 - Detected Table 10.6 on page 1002 (rows:11)
2025-12-08 22:28:49,823 [INFO] usb_pd_parser:573 - Detected Table 10.6 on page 1002 (rows:9)
2025-12-08 22:28:49,823 [INFO] usb_pd_parser:543 - Table detected Table 10.7 p1002
2025-12-08 22:28:55,341 [INFO] usb_pd_parser:430 - Camelot extracted 3 tables on page 1002
2025-12-08 22:28:55,345 [INFO] usb_pd_parser:573 - Detected Table 10.7 on page 1002 (rows:11)
2025-12-08 22:28:55,353 [INFO] usb_pd_parser:573 - Detected Table 10.7 on page 1002 (rows:11)
2025-12-08 22:28:55,354 [INFO] usb_pd_parser:573 - Detected Table 10.7 on page 1002 (rows:9)
2025-12-08 22:28:55,354 [INFO] usb_pd_parser:543 - Table detected Table 10.8 p1002
2025-12-08 22:29:00,962 [INFO] usb_pd_parser:430 - Camelot extracted 3 tables on page 1002
2025-12-08 22:29:00,975 [INFO] usb_pd_parser:573 - Detected Table 10.8 on page 1002 (rows:11)
2025-12-08 22:29:00,975 [INFO] usb_pd_parser:573 - Detected Table 10.8 on page 1002 (rows:11)
2025-12-08 22:29:00,975 [INFO] usb_pd_parser:573 - Detected Table 10.8 on page 1002 (rows:9)
2025-12-08 22:29:08,961 [INFO] usb_pd_parser:654 - Section started 10.2.2.2 'SPR Adjustable Voltage Supply (AVS)' p1003
2025-12-08 22:29:08,969 [INFO] usb_pd_parser:590 - Figure detected Figure 10.3 p1003
2025-12-08 22:29:09,328 [INFO] usb_pd_parser:397 - Smart text-aware crop saved for Figure 10.3 p1003 -> output\figures\Figure_10.3_page_1003_crop.png
2025-12-08 22:29:09,331 [INFO] usb_pd_parser:618 - Detected Figure 10.3 on page 1003 (images:1)
2025-12-08 22:29:09,331 [INFO] usb_pd_parser:590 - Figure detected Figure 10.4 p1003
2025-12-08 22:29:09,701 [INFO] usb_pd_parser:397 - Smart text-aware crop saved for Figure 10.4 p1003 -> output\figures\Figure_10.4_page_1003_crop.png
2025-12-08 22:29:09,707 [INFO] usb_pd_parser:618 - Detected Figure 10.4 on page 1003 (images:1)
2025-12-08 22:29:13,816 [INFO] usb_pd_parser:590 - Figure detected Figure 10.5 p1004
2025-12-08 22:29:14,072 [INFO] usb_pd_parser:397 - Smart text-aware crop saved for Figure 10.5 p1004 -> output\figures\Figure_10.5_page_1004_crop.png
2025-12-08 22:29:14,072 [INFO] usb_pd_parser:618 - Detected Figure 10.5 on page 1004 (images:1)
2025-12-08 22:29:14,072 [INFO] usb_pd_parser:654 - Section started 10.2.2.2.1 'SPR Adjustable Voltage Supply (AVS) Voltage Ranges' p1004
2025-12-08 22:29:14,072 [INFO] usb_pd_parser:543 - Table detected Table 10.9 p1004
2025-12-08 22:29:23,706 [INFO] usb_pd_parser:430 - Camelot extracted 2 tables on page 1004
2025-12-08 22:29:23,710 [INFO] usb_pd_parser:573 - Detected Table 10.9 on page 1004 (rows:3)
2025-12-08 22:29:23,710 [INFO] usb_pd_parser:573 - Detected Table 10.9 on page 1004 (rows:4)
2025-12-08 22:29:24,453 [INFO] usb_pd_parser:654 - Section started 10.2.3 'Optional Voltages/Currents' p1005
2025-12-08 22:29:24,456 [INFO] usb_pd_parser:654 - Section started 10.2.3.1 'Optional Normative Fixed, Variable and Battery Supply' p1005
2025-12-08 22:29:24,456 [INFO] usb_pd_parser:654 - Section started 10.2.3.2 'Optional Normative SPR Programmable Power Supply' p1005
2025-12-08 22:29:24,456 [INFO] usb_pd_parser:543 - Table detected Table 10.10 p1005
2025-12-08 22:29:31,476 [INFO] usb_pd_parser:430 - Camelot extracted 1 tables on page 1005
2025-12-08 22:29:31,488 [INFO] usb_pd_parser:573 - Detected Table 10.10 on page 1005 (rows:12)
2025-12-08 22:29:31,794 [INFO] usb_pd_parser:654 - Section started 10.2.3.2.1 'SPR Programmable Power Supply Voltage Ranges' p1006
2025-12-08 22:29:31,794 [INFO] usb_pd_parser:543 - Table detected Table 10.11 p1006
2025-12-08 22:30:12,296 [INFO] usb_pd_parser:430 - Camelot extracted 1 tables on page 1006
2025-12-08 22:30:12,305 [INFO] usb_pd_parser:573 - Detected Table 10.11 on page 1006 (rows:4)
2025-12-08 22:30:12,309 [INFO] usb_pd_parser:654 - Section started 10.2.3.2.2 'Examples of the use of SPR Programmable Power Supplies' p1006
2025-12-08 22:30:13,067 [INFO] usb_pd_parser:654 - Section started 10.2.3.3 'Optional Normative Extended Power Range (EPR)' p1008
2025-12-08 22:30:13,540 [INFO] usb_pd_parser:543 - Table detected Table 10.12 p1009
2025-12-08 22:30:19,162 [INFO] usb_pd_parser:430 - Camelot extracted 1 tables on page 1009
2025-12-08 22:30:19,173 [INFO] usb_pd_parser:573 - Detected Table 10.12 on page 1009 (rows:5)
2025-12-08 22:30:20,149 [INFO] usb_pd_parser:543 - Table detected Table 10.13 p1010
2025-12-08 22:30:29,673 [INFO] usb_pd_parser:430 - Camelot extracted 2 tables on page 1010
2025-12-08 22:30:29,691 [INFO] usb_pd_parser:573 - Detected Table 10.13 on page 1010 (rows:11)
2025-12-08 22:30:29,700 [INFO] usb_pd_parser:573 - Detected Table 10.13 on page 1010 (rows:10)
2025-12-08 22:30:29,708 [INFO] usb_pd_parser:543 - Table detected Table 10.12 p1010
2025-12-08 22:30:39,212 [INFO] usb_pd_parser:430 - Camelot extracted 2 tables on page 1010
2025-12-08 22:30:39,222 [INFO] usb_pd_parser:573 - Detected Table 10.12 on page 1010 (rows:11)
2025-12-08 22:30:39,222 [INFO] usb_pd_parser:573 - Detected Table 10.12 on page 1010 (rows:10)
2025-12-08 22:30:39,222 [INFO] usb_pd_parser:543 - Table detected Table 10.14 p1010
2025-12-08 22:30:43,871 [INFO] usb_pd_parser:430 - Camelot extracted 2 tables on page 1010
2025-12-08 22:30:43,879 [INFO] usb_pd_parser:573 - Detected Table 10.14 on page 1010 (rows:11)
2025-12-08 22:30:43,879 [INFO] usb_pd_parser:573 - Detected Table 10.14 on page 1010 (rows:10)
2025-12-08 22:30:46,169 [INFO] usb_pd_parser:543 - Table detected Table 10.14 p1011
2025-12-08 22:30:51,591 [INFO] usb_pd_parser:430 - Camelot extracted 2 tables on page 1011
2025-12-08 22:30:51,592 [INFO] usb_pd_parser:573 - Detected Table 10.14 on page 1011 (rows:5)
2025-12-08 22:30:51,592 [INFO] usb_pd_parser:573 - Detected Table 10.14 on page 1011 (rows:4)
2025-12-08 22:30:51,592 [INFO] usb_pd_parser:590 - Figure detected Figure 10.6 p1011
2025-12-08 22:30:51,863 [INFO] usb_pd_parser:397 - Smart text-aware crop saved for Figure 10.6 p1011 -> output\figures\Figure_10.6_page_1011_crop.png
2025-12-08 22:30:51,863 [INFO] usb_pd_parser:618 - Detected Figure 10.6 on page 1011 (images:1)
2025-12-08 22:30:51,999 [INFO] usb_pd_parser:590 - Figure detected Figure 10.7 p1012
2025-12-08 22:30:52,039 [INFO] usb_pd_parser:397 - Smart text-aware crop saved for Figure 10.7 p1012 -> output\figures\Figure_10.7_page_1012_crop.png
2025-12-08 22:30:52,039 [INFO] usb_pd_parser:618 - Detected Figure 10.7 on page 1012 (images:1)
2025-12-08 22:30:52,042 [INFO] usb_pd_parser:654 - Section started 10.2.3.3.1 'EPR Adjustable Voltage Supply (AVS) Voltage Ranges' p1012
2025-12-08 22:30:52,042 [INFO] usb_pd_parser:543 - Table detected Table 10.15 p1012
2025-12-08 22:30:54,682 [INFO] usb_pd_parser:430 - Camelot extracted 2 tables on page 1012
2025-12-08 22:30:54,687 [INFO] usb_pd_parser:573 - Detected Table 10.15 on page 1012 (rows:3)
2025-12-08 22:30:54,692 [INFO] usb_pd_parser:573 - Detected Table 10.15 on page 1012 (rows:4)
2025-12-08 22:30:54,973 [INFO] usb_pd_parser:654 - Section started 10.3 'Sink Power Rules' p1013
2025-12-08 22:30:54,973 [INFO] usb_pd_parser:654 - Section started 10.3.1 'Sink Power Rule Considerations' p1013
2025-12-08 22:30:54,973 [INFO] usb_pd_parser:654 - Section started 10.3.2 'Normative Sink Rules' p1013
2025-12-08 22:30:57,922 [INFO] usb_pd_parser:654 - Section started 2.0 'Noise' p1034
2025-12-08 22:30:58,932 [INFO] usb_pd_parser:654 - Section started 4 'Laptop reads the cable to check its current' p1041
2025-12-08 22:30:59,091 [INFO] usb_pd_parser:654 - Section started 17 'If the laptop has detected that it is connected via' p1042
2025-12-08 22:30:59,091 [INFO] usb_pd_parser:654 - Section started 18 'Normal PD Power traffic flow' p1042
2025-12-08 22:30:59,091 [INFO] usb_pd_parser:654 - Section started 2 'Laptop reads the cable to check its current carrying' p1042
2025-12-08 22:30:59,141 [INFO] usb_pd_parser:654 - Section started 16 'If the laptop has detected that it is connected via an' p1043
2025-12-08 22:30:59,502 [INFO] usb_pd_parser:654 - Section started 5 'Laptop opens the sinking switch (N2), as quickly as' p1045
2025-12-08 22:30:59,773 [INFO] usb_pd_parser:654 - Section started 6 'Laptop opens the sinking switch (N2), as quickly as' p1046
2025-12-08 22:31:00,174 [INFO] usb_pd_parser:699 - Wrote 1056 records to output\usb_pd_sections.jsonl
2025-12-08 22:31:00,417 [INFO] usb_pd_parser:707 - Wrote 596 records to output\usb_pd_tables.jsonl
2025-12-08 22:31:00,491 [INFO] usb_pd_parser:715 - Wrote 402 records to output\usb_pd_figures.jsonl
2025-12-08 22:31:00,491 [INFO] usb_pd_parser:720 - PDF parsed: 1056 sections, 596 tables, 402 figures in 2910.91s | Mem 2007.2MB
2025-12-08 22:31:02,493 [INFO] usb_pd_parser:866 - Wrote output\usb_pd_metadata.jsonl
2025-12-08 22:31:03,453 [INFO] usb_pd_parser:794 - Wrote Excel comparison to output\Validation.xlsx
2025-12-08 22:31:03,453 [INFO] usb_pd_parser:879 - Memory usage: 2048.74 MB | Total runtime: 2933.20s
2025-12-08 22:31:03,453 [INFO] usb_pd_parser:880 - TOC entries: 260 | Sections: 1056 | Tables: 596 | Figures: 402
2025-12-08 22:31:03,453 [INFO] usb_pd_parser:881 - ✅ Completed all tasks successfully.
